TABLE_SCHEMA,TABLE_NAME,COLUMN_NAME,DATA_TYPE,CHARACTER_MAXIMUM_LENGTH,NUMERIC_PRECISION,NUMERIC_SCALE,IS_NULLABLE,ORDINAL_POSITION
dbo,AccessControl,ID,int,,10.0,0.0,NO,1
dbo,AccessControl,LoginName,varchar,50.0,,,YES,2
dbo,AccessControl,Source,varchar,50.0,,,YES,3
dbo,AccessControl,OptionName,varchar,255.0,,,YES,4
dbo,AccessControl,OptionValue,int,,10.0,0.0,YES,5
dbo,AccessControl,SettingValue,varchar,255.0,,,YES,6
dbo,AccessControl,CreateOpr,varchar,50.0,,,YES,7
dbo,AccessControl,CreateDatim,datetime,,,,YES,8
dbo,AccessControl,UpdateOpr,varchar,50.0,,,YES,9
dbo,AccessControl,UpdateDatim,datetime,,,,YES,10
dbo,AccountingPeriods,RelativeYear,smallint,,5.0,0.0,NO,1
dbo,AccountingPeriods,CreateOpr,varchar,50.0,,,YES,2
dbo,AccountingPeriods,CreateDatim,datetime,,,,YES,3
dbo,AccountingPeriods,UpdateOpr,varchar,50.0,,,YES,4
dbo,AccountingPeriods,UpdateDatim,datetime,,,,YES,5
dbo,AccountingPeriods,YearEnd,datetime,,,,YES,6
dbo,AccountingPeriods,YearDisplay,smallint,,5.0,0.0,YES,7
dbo,AccountingPeriods,Period1Name,varchar,10.0,,,YES,8
dbo,AccountingPeriods,Period2Name,varchar,10.0,,,YES,9
dbo,AccountingPeriods,Period3Name,varchar,10.0,,,YES,10
dbo,AccountingPeriods,Period4Name,varchar,10.0,,,YES,11
dbo,AccountingPeriods,Period5Name,varchar,10.0,,,YES,12
dbo,AccountingPeriods,Period6Name,varchar,10.0,,,YES,13
dbo,AccountingPeriods,Period7Name,varchar,10.0,,,YES,14
dbo,AccountingPeriods,Period8Name,varchar,10.0,,,YES,15
dbo,AccountingPeriods,Period9Name,varchar,10.0,,,YES,16
dbo,AccountingPeriods,Period10Name,varchar,10.0,,,YES,17
dbo,AccountingPeriods,Period11Name,varchar,10.0,,,YES,18
dbo,AccountingPeriods,Period12Name,varchar,10.0,,,YES,19
dbo,AccountingPeriods,Era1Date,datetime,,,,YES,20
dbo,AccountingPeriods,Era2Date,datetime,,,,YES,21
dbo,AccountingPeriods,Era3Date,datetime,,,,YES,22
dbo,AccountingPeriods,Era4Date,datetime,,,,YES,23
dbo,AccountingPeriods,Era5Date,datetime,,,,YES,24
dbo,AccountingPeriods,Era6Date,datetime,,,,YES,25
dbo,AccountingPeriods,Era7Date,datetime,,,,YES,26
dbo,AccountingPeriods,Era8Date,datetime,,,,YES,27
dbo,AccountingPeriods,Era9Date,datetime,,,,YES,28
dbo,AccountingPeriods,Era10Date,datetime,,,,YES,29
dbo,AccountingPeriods,Era11Date,datetime,,,,YES,30
dbo,AccountingPeriods,Era12Date,datetime,,,,YES,31
dbo,AccountingPeriods,Era1,int,,10.0,0.0,YES,32
dbo,AccountingPeriods,Era2,int,,10.0,0.0,YES,33
dbo,AccountingPeriods,Era3,int,,10.0,0.0,YES,34
dbo,AccountingPeriods,Era4,int,,10.0,0.0,YES,35
dbo,AccountingPeriods,Era5,int,,10.0,0.0,YES,36
dbo,AccountingPeriods,Era6,int,,10.0,0.0,YES,37
dbo,AccountingPeriods,Era7,int,,10.0,0.0,YES,38
dbo,AccountingPeriods,Era8,int,,10.0,0.0,YES,39
dbo,AccountingPeriods,Era9,int,,10.0,0.0,YES,40
dbo,AccountingPeriods,Era10,int,,10.0,0.0,YES,41
dbo,AccountingPeriods,Era11,int,,10.0,0.0,YES,42
dbo,AccountingPeriods,Era12,int,,10.0,0.0,YES,43
dbo,AccountingPeriods,GL1Name,varchar,10.0,,,YES,44
dbo,AccountingPeriods,GL2Name,varchar,10.0,,,YES,45
dbo,AccountingPeriods,GL3Name,varchar,10.0,,,YES,46
dbo,AccountingPeriods,GL4Name,varchar,10.0,,,YES,47
dbo,AccountingPeriods,GL5Name,varchar,10.0,,,YES,48
dbo,AccountingPeriods,GL6Name,varchar,10.0,,,YES,49
dbo,AccountingPeriods,GL7Name,varchar,10.0,,,YES,50
dbo,AccountingPeriods,GL8Name,varchar,10.0,,,YES,51
dbo,AccountingPeriods,GL9Name,varchar,10.0,,,YES,52
dbo,AccountingPeriods,GL10Name,varchar,10.0,,,YES,53
dbo,AccountingPeriods,GL11Name,varchar,10.0,,,YES,54
dbo,AccountingPeriods,GL12Name,varchar,10.0,,,YES,55
dbo,AccountingPeriods,GL13Name,varchar,10.0,,,YES,56
dbo,AccountingPeriods,GL1Date,datetime,,,,YES,57
dbo,AccountingPeriods,GL2Date,datetime,,,,YES,58
dbo,AccountingPeriods,GL3Date,datetime,,,,YES,59
dbo,AccountingPeriods,GL4Date,datetime,,,,YES,60
dbo,AccountingPeriods,GL5Date,datetime,,,,YES,61
dbo,AccountingPeriods,GL6Date,datetime,,,,YES,62
dbo,AccountingPeriods,GL7Date,datetime,,,,YES,63
dbo,AccountingPeriods,GL8Date,datetime,,,,YES,64
dbo,AccountingPeriods,GL9Date,datetime,,,,YES,65
dbo,AccountingPeriods,GL11Date,datetime,,,,YES,66
dbo,AccountingPeriods,GL10Date,datetime,,,,YES,67
dbo,AccountingPeriods,GL12Date,datetime,,,,YES,68
dbo,AccountingPeriods,GL13Date,datetime,,,,YES,69
dbo,AllenStoreInventory,JobNumber,varchar,64.0,,,YES,1
dbo,AllenStoreInventory,JobDescription,varchar,128.0,,,YES,2
dbo,AllenStoreInventory,ClientPO,varchar,64.0,,,YES,3
dbo,AllenStoreInventory,DateStored,datetime,,,,YES,4
dbo,AllenStoreInventory,DateRetrieved,datetime,,,,YES,5
dbo,AllenStoreInventory,StoreNumber,varchar,64.0,,,YES,6
dbo,AllenStoreInventory,keycode,int,,10.0,0.0,NO,7
dbo,AllenStoreInventory,FormNumber,varchar,64.0,,,YES,8
dbo,AllenStoreInventory,CreateOpr,varchar,50.0,,,YES,9
dbo,AllenStoreInventory,CreateDatim,datetime,,,,YES,10
dbo,AllenStoreInventory,UpdateOpr,varchar,50.0,,,YES,11
dbo,AllenStoreInventory,Updatedatim,datetime,,,,YES,12
dbo,AllenStoreInventory,HasShipped,int,,10.0,0.0,NO,13
dbo,AllenStoreInventory,Location,char,64.0,,,YES,14
dbo,AllenStoreInventory,QuantityShipped,int,,10.0,0.0,YES,15
dbo,AllenStoreInventory,Installer,varchar,50.0,,,YES,16
dbo,AllenStoreInventory,Deleted,bit,,,,NO,17
dbo,AllenStoreInventory,Phase,varchar,100.0,,,YES,18
dbo,AllenStoreInventorySkid,KeyCode,int,,10.0,0.0,NO,1
dbo,AllenStoreInventorySkid,StoreNumber,varchar,50.0,,,NO,2
dbo,AllenStoreInventorySkid,HasShipped,int,,10.0,0.0,NO,3
dbo,AllenStoreInventorySkid,CreateOpr,varchar,50.0,,,YES,4
dbo,AllenStoreInventorySkid,CreateDatim,datetime,,,,YES,5
dbo,AllenStoreInventorySkid,UpdateOpr,varchar,50.0,,,YES,6
dbo,AllenStoreInventorySkid,Updatedatim,datetime,,,,YES,7
dbo,APBatchHeader,BatchID,int,,10.0,0.0,NO,1
dbo,APBatchHeader,SourceModule,varchar,2.0,,,YES,2
dbo,APBatchHeader,CreateOpr,varchar,50.0,,,YES,3
dbo,APBatchHeader,CreateDatim,datetime,,,,YES,4
dbo,APBatchHeader,UpdateOpr,varchar,50.0,,,YES,5
dbo,APBatchHeader,UpdateDatim,datetime,,,,YES,6
dbo,APBatchHeader,PlantID,varchar,3.0,,,YES,7
dbo,APBatchHeader,TransactionType,varchar,15.0,,,YES,8
dbo,APBatchHeader,Status,varchar,1.0,,,YES,9
dbo,APBatchHeader,BatchDate,datetime,,,,YES,10
dbo,APBatchHeader,Era,int,,10.0,0.0,YES,11
dbo,APBatchHeader,PostDate,datetime,,,,YES,12
dbo,APBatchHeader,PostOpr,varchar,50.0,,,YES,13
dbo,APBatchHeader,TransQty,int,,10.0,0.0,YES,14
dbo,APBatchHeader,TransVal,money,,19.0,4.0,YES,15
dbo,APBatchHeader,Description,varchar,50.0,,,YES,16
dbo,APBatchHeader,Contents,varchar,50.0,,,YES,17
dbo,APBatchHeader,ParentModule,varchar,2.0,,,YES,18
dbo,APBatchHeader,ParentBatch,int,,10.0,0.0,YES,19
dbo,APBatchHeader,Repeat,smallint,,5.0,0.0,YES,20
dbo,APBatchHeader,BankCode,varchar,50.0,,,YES,21
dbo,APBatchHeader,CBBatch,int,,10.0,0.0,YES,22
dbo,APBatchHeader,GLBatch,int,,10.0,0.0,YES,23
dbo,APBatchHeader,BatchOpen,smallint,,5.0,0.0,YES,24
dbo,APBatchHeader,BatchOpenBy,varchar,50.0,,,YES,25
dbo,APBatchHeader,ChecksPrinted,smallint,,5.0,0.0,YES,26
dbo,APBatchHeader,CBBankCode,varchar,20.0,,,YES,27
dbo,APBatchHeader,PaymentMethod,varchar,50.0,,,YES,28
dbo,APBatchHeader,CurrencyCode,varchar,5.0,,,YES,29
dbo,APBatchHeader,ExchangeRate,real,,24.0,,YES,30
dbo,APStandards,CompanyID,varchar,3.0,,,NO,1
dbo,APStandards,CreateOpr,varchar,50.0,,,YES,2
dbo,APStandards,CreateDatim,datetime,,,,YES,3
dbo,APStandards,UpdateOpr,varchar,50.0,,,YES,4
dbo,APStandards,UpdateDatim,datetime,,,,YES,5
dbo,APStandards,TransPeriod,smallint,,5.0,0.0,YES,6
dbo,APStandards,SummaryPeriod,smallint,,5.0,0.0,YES,7
dbo,APStandards,NextBatch,int,,10.0,0.0,YES,8
dbo,APStandards,CombineChqRem,smallint,,5.0,0.0,YES,9
dbo,APStandards,RemittanceLines,smallint,,5.0,0.0,YES,10
dbo,APStandards,CurrentEra,int,,10.0,0.0,YES,11
dbo,APStandards,CloseOffOpr,varchar,50.0,,,YES,12
dbo,APStandards,CloseOffDatim,datetime,,,,YES,13
dbo,APStandards,CloseOffEra,int,,10.0,0.0,YES,14
dbo,APStandards,UseTaxJurisdiction,smallint,,5.0,0.0,YES,15
dbo,APStandards,EOPOpen,smallint,,5.0,0.0,YES,16
dbo,APStandards,EOPOpenBy,varchar,50.0,,,YES,17
dbo,APStandards,GLCashCode,varchar,50.0,,,YES,18
dbo,APStandards,DailyBatchByUser,smallint,,5.0,0.0,YES,19
dbo,APStandards,GLDiscountCode,varchar,50.0,,,YES,20
dbo,APStandards,NextCheckNumber,int,,10.0,0.0,YES,21
dbo,APStandards,ClosePODefault,smallint,,5.0,0.0,YES,22
dbo,APStandards,DefaultBankCode,varchar,20.0,,,YES,23
dbo,APStandards,UseCheckNumberByBank,smallint,,5.0,0.0,YES,24
dbo,APStandards,NoVoidFromPreviousPeriod,smallint,,5.0,0.0,YES,25
dbo,APStandards,BatchDateMustMatch,smallint,,5.0,0.0,YES,26
dbo,APStandards,DefaultUnitMethod,smallint,,5.0,0.0,YES,27
dbo,APStandards,GLFreightCode,varchar,50.0,,,YES,28
dbo,APStandards,PlantIDMandatoryOnTrans,smallint,,5.0,0.0,YES,29
dbo,APStandards,ExcludeVendor1099,smallint,,5.0,0.0,YES,30
dbo,APStandards,ForeignGainLossCode,varchar,50.0,,,YES,31
dbo,APStandards,AutoPostUnderPay,smallint,,5.0,0.0,YES,32
dbo,APStandards,AutoPostOverPay,smallint,,5.0,0.0,YES,33
dbo,APStandards,ValidateTermsCode,smallint,,5.0,0.0,YES,34
dbo,APSystemTotals,CompanyID,varchar,3.0,,,NO,1
dbo,APSystemTotals,CreateOpr,varchar,50.0,,,YES,2
dbo,APSystemTotals,CreateDatim,datetime,,,,YES,3
dbo,APSystemTotals,UpdateOpr,varchar,50.0,,,YES,4
dbo,APSystemTotals,UpdateDatim,datetime,,,,YES,5
dbo,APSystemTotals,BalanceBFwd,money,,19.0,4.0,YES,6
dbo,APSystemTotals,Balance4,money,,19.0,4.0,YES,7
dbo,APSystemTotals,Balance3,money,,19.0,4.0,YES,8
dbo,APSystemTotals,Balance2,money,,19.0,4.0,YES,9
dbo,APSystemTotals,Balance1,money,,19.0,4.0,YES,10
dbo,APSystemTotals,Balance0,money,,19.0,4.0,YES,11
dbo,APSystemTotals,BalanceDue,money,,19.0,4.0,YES,12
dbo,APSystemTotals,BalanceFuture,money,,19.0,4.0,YES,13
dbo,APSystemTotals,BalanceHeld,money,,19.0,4.0,YES,14
dbo,APSystemTotals,MTDInvoices,money,,19.0,4.0,YES,15
dbo,APSystemTotals,MTDInvoicesNet,money,,19.0,4.0,YES,16
dbo,APSystemTotals,MTDCredits,money,,19.0,4.0,YES,17
dbo,APSystemTotals,MTDCreditsNet,money,,19.0,4.0,YES,18
dbo,APSystemTotals,MTDPayments,money,,19.0,4.0,YES,19
dbo,APSystemTotals,MTDJournals,money,,19.0,4.0,YES,20
dbo,APSystemTotals,YTDInvoices,money,,19.0,4.0,YES,21
dbo,APSystemTotals,YTDInvoicesNet,money,,19.0,4.0,YES,22
dbo,APSystemTotals,YTDCredits,money,,19.0,4.0,YES,23
dbo,APSystemTotals,YTDCreditsNet,money,,19.0,4.0,YES,24
dbo,APSystemTotals,YTDPayments,money,,19.0,4.0,YES,25
dbo,APSystemTotals,YTDJournals,money,,19.0,4.0,YES,26
dbo,APTransaction,TransactionNumber,int,,10.0,0.0,NO,1
dbo,APTransaction,BatchID,int,,10.0,0.0,YES,2
dbo,APTransaction,CreateOpr,varchar,50.0,,,YES,3
dbo,APTransaction,CreateDatim,datetime,,,,YES,4
dbo,APTransaction,UpdateOpr,varchar,50.0,,,YES,5
dbo,APTransaction,UpdateDatim,datetime,,,,YES,6
dbo,APTransaction,PlantID,varchar,3.0,,,YES,7
dbo,APTransaction,VendorID,varchar,20.0,,,YES,8
dbo,APTransaction,TransactionType,varchar,15.0,,,YES,9
dbo,APTransaction,CrDrFlag,varchar,1.0,,,YES,10
dbo,APTransaction,DocumentNumber,varchar,30.0,,,YES,11
dbo,APTransaction,OurReference,varchar,20.0,,,YES,12
dbo,APTransaction,Description,varchar,100.0,,,YES,13
dbo,APTransaction,Status,varchar,1.0,,,YES,14
dbo,APTransaction,TransactionDate,datetime,,,,YES,15
dbo,APTransaction,Era,int,,10.0,0.0,YES,16
dbo,APTransaction,Age,smallint,,5.0,0.0,YES,17
dbo,APTransaction,PostDate,datetime,,,,YES,18
dbo,APTransaction,PostOpr,varchar,50.0,,,YES,19
dbo,APTransaction,CurrencyFlag,varchar,1.0,,,YES,20
dbo,APTransaction,CurrencyCode,varchar,5.0,,,YES,21
dbo,APTransaction,ExchangeRate,real,,24.0,,YES,22
dbo,APTransaction,NetVal,money,,19.0,4.0,YES,23
dbo,APTransaction,SalesTaxA,money,,19.0,4.0,YES,24
dbo,APTransaction,SalesTaxB,money,,19.0,4.0,YES,25
dbo,APTransaction,SalesTaxC,money,,19.0,4.0,YES,26
dbo,APTransaction,SalesTaxD,money,,19.0,4.0,YES,27
dbo,APTransaction,SalesTaxVal,money,,19.0,4.0,YES,28
dbo,APTransaction,TotalVal,money,,19.0,4.0,YES,29
dbo,APTransaction,OpenVal,money,,19.0,4.0,YES,30
dbo,APTransaction,HeldVal,money,,19.0,4.0,YES,31
dbo,APTransaction,NetValForeign,money,,19.0,4.0,YES,32
dbo,APTransaction,SalesTaxAForeign,money,,19.0,4.0,YES,33
dbo,APTransaction,SalesTaxBForeign,money,,19.0,4.0,YES,34
dbo,APTransaction,SalesTaxCForeign,money,,19.0,4.0,YES,35
dbo,APTransaction,SalesTaxDForeign,money,,19.0,4.0,YES,36
dbo,APTransaction,SalesTaxForeign,money,,19.0,4.0,YES,37
dbo,APTransaction,TotalValForeign,money,,19.0,4.0,YES,38
dbo,APTransaction,OpenValForeign,money,,19.0,4.0,YES,39
dbo,APTransaction,HeldValForeign,money,,19.0,4.0,YES,40
dbo,APTransaction,HoldCode,varchar,5.0,,,YES,41
dbo,APTransaction,HoldComment,varchar,100.0,,,YES,42
dbo,APTransaction,HoldCommentText,text,2147483647.0,,,YES,43
dbo,APTransaction,ReleaseDate,datetime,,,,YES,44
dbo,APTransaction,TermsCode,varchar,5.0,,,YES,45
dbo,APTransaction,DueDate,datetime,,,,YES,46
dbo,APTransaction,ApplyInvoiceNumber,varchar,20.0,,,YES,47
dbo,APTransaction,ApplyInvoiceBatch,int,,10.0,0.0,YES,48
dbo,APTransaction,ApplyInvoiceTrans,int,,10.0,0.0,YES,49
dbo,APTransaction,PrepaidVal,money,,19.0,4.0,YES,50
dbo,APTransaction,PrepaidDocNum,varchar,20.0,,,YES,51
dbo,APTransaction,PayeeName,varchar,50.0,,,YES,52
dbo,APTransaction,PaymentType,varchar,5.0,,,YES,53
dbo,APTransaction,BankName,varchar,35.0,,,YES,54
dbo,APTransaction,BankBranch,varchar,35.0,,,YES,55
dbo,APTransaction,BankAccount,varchar,35.0,,,YES,56
dbo,APTransaction,GLCode,varchar,50.0,,,YES,57
dbo,APTransaction,Allocate4,money,,19.0,4.0,YES,58
dbo,APTransaction,Allocate3,money,,19.0,4.0,YES,59
dbo,APTransaction,Allocate2,money,,19.0,4.0,YES,60
dbo,APTransaction,Allocate1,money,,19.0,4.0,YES,61
dbo,APTransaction,Allocate0,money,,19.0,4.0,YES,62
dbo,APTransaction,Allocate4Foreign,money,,19.0,4.0,YES,63
dbo,APTransaction,Allocate3Foreign,money,,19.0,4.0,YES,64
dbo,APTransaction,Allocate2Foreign,money,,19.0,4.0,YES,65
dbo,APTransaction,Allocate1Foreign,money,,19.0,4.0,YES,66
dbo,APTransaction,Allocate0Foreign,money,,19.0,4.0,YES,67
dbo,APTransaction,DiscountVal,money,,19.0,4.0,YES,68
dbo,APTransaction,DiscountValForeign,money,,19.0,4.0,YES,69
dbo,APTransaction,AllocateOpen,smallint,,5.0,0.0,YES,70
dbo,APTransaction,Voided,smallint,,5.0,0.0,YES,71
dbo,APTransaction,OverrideDiscount,smallint,,5.0,0.0,YES,72
dbo,APTransaction,DiscountDate,datetime,,,,YES,73
dbo,APTransaction,VoidDate,datetime,,,,YES,74
dbo,APTransaction,QuickCheck,smallint,,5.0,0.0,YES,75
dbo,APTransaction,QuickCheckGLAccount,varchar,50.0,,,YES,76
dbo,APTransaction,PrepayPONumber,varchar,50.0,,,YES,77
dbo,APTransaction,GLTUserDefined1,varchar,50.0,,,YES,78
dbo,APTransaction,GLTUserDefined2,varchar,50.0,,,YES,79
dbo,APTransaction,AvgExchangeRate,real,,24.0,,YES,80
dbo,APTransaction,OverrideExchangeRate,smallint,,5.0,0.0,YES,81
dbo,APTransaction,PrePaidValForeign,money,,19.0,4.0,YES,82
dbo,APTransaction,ExternalTransfer,smallint,,5.0,0.0,YES,83
dbo,APTransactionLine,LineNumber,int,,10.0,0.0,NO,1
dbo,APTransactionLine,BatchID,int,,10.0,0.0,YES,2
dbo,APTransactionLine,TransactionNumber,int,,10.0,0.0,YES,3
dbo,APTransactionLine,CreateOpr,varchar,50.0,,,YES,4
dbo,APTransactionLine,CreateDatim,datetime,,,,YES,5
dbo,APTransactionLine,UpdateOpr,varchar,50.0,,,YES,6
dbo,APTransactionLine,UpdateDatim,datetime,,,,YES,7
dbo,APTransactionLine,LineType,varchar,1.0,,,YES,8
dbo,APTransactionLine,JobNumber,varchar,20.0,,,YES,9
dbo,APTransactionLine,ComponentNumber,smallint,,5.0,0.0,YES,10
dbo,APTransactionLine,BatchNo,smallint,,5.0,0.0,YES,11
dbo,APTransactionLine,ItemNumber,smallint,,5.0,0.0,YES,12
dbo,APTransactionLine,PartNumber,smallint,,5.0,0.0,YES,13
dbo,APTransactionLine,JobProccess,smallint,,5.0,0.0,YES,14
dbo,APTransactionLine,PONumber,varchar,50.0,,,YES,15
dbo,APTransactionLine,POItemNumber,smallint,,5.0,0.0,YES,16
dbo,APTransactionLine,POComplete,smallint,,5.0,0.0,YES,17
dbo,APTransactionLine,StockCode,varchar,15.0,,,YES,18
dbo,APTransactionLine,GLCode,varchar,50.0,,,YES,19
dbo,APTransactionLine,TaxCode,varchar,5.0,,,YES,20
dbo,APTransactionLine,TaxPC,real,,24.0,,YES,21
dbo,APTransactionLine,Quantity,float,,53.0,,YES,22
dbo,APTransactionLine,UnitPrice,money,,19.0,4.0,YES,23
dbo,APTransactionLine,UnitMethod,smallint,,5.0,0.0,YES,24
dbo,APTransactionLine,NetVal,money,,19.0,4.0,YES,25
dbo,APTransactionLine,TaxVal,money,,19.0,4.0,YES,26
dbo,APTransactionLine,TotalVal,money,,19.0,4.0,YES,27
dbo,APTransactionLine,Description,varchar,100.0,,,YES,28
dbo,APTransactionLine,Comments,varchar,2000.0,,,YES,29
dbo,APTransactionLine,AllocateBatch,int,,10.0,0.0,YES,30
dbo,APTransactionLine,AllocateTransNum,int,,10.0,0.0,YES,31
dbo,APTransactionLine,AllocateTransType,varchar,15.0,,,YES,32
dbo,APTransactionLine,AllocateDocNum,varchar,20.0,,,YES,33
dbo,APTransactionLine,AllocateAge,smallint,,5.0,0.0,YES,34
dbo,APTransactionLine,AllocateDate,datetime,,,,YES,35
dbo,APTransactionLine,AllocateVal,money,,19.0,4.0,YES,36
dbo,APTransactionLine,UnitPriceForeign,money,,19.0,4.0,YES,37
dbo,APTransactionLine,NetValForeign,money,,19.0,4.0,YES,38
dbo,APTransactionLine,TaxValForeign,money,,19.0,4.0,YES,39
dbo,APTransactionLine,TotalValForeign,money,,19.0,4.0,YES,40
dbo,APTransactionLine,AllocateDiscountVal,money,,19.0,4.0,YES,41
dbo,APTransactionLine,AllocateOpenTransNumber,int,,10.0,0.0,YES,42
dbo,APTransactionLine,TaxInclusive,smallint,,5.0,0.0,YES,43
dbo,APTransactionLine,ReceiptNumber,int,,10.0,0.0,YES,44
dbo,APTransactionLine,ExemptFromDiscount,money,,19.0,4.0,YES,45
dbo,APTransactionLine,OverrideTaxAmount,smallint,,5.0,0.0,YES,46
dbo,APTransactionLine,FreightCost,money,,19.0,4.0,YES,47
dbo,APTransactionLine,PlantID,varchar,3.0,,,YES,48
dbo,APTransactionLine,AllocationDeleted,smallint,,5.0,0.0,YES,49
dbo,APTransactionLine,MiscCost,money,,19.0,4.0,YES,50
dbo,APTransactionLine,GLTUserDefined1,varchar,50.0,,,YES,51
dbo,APTransactionLine,GLTUserDefined2,varchar,50.0,,,YES,52
dbo,APTransactionLine,CurrencyCode,varchar,5.0,,,YES,53
dbo,APTransactionLine,ExchangeRate,real,,24.0,,YES,54
dbo,APTransactionLine,AllocateValForeign,money,,19.0,4.0,YES,55
dbo,APTransactionLine,IsOverPay,smallint,,5.0,0.0,YES,56
dbo,APTransactionLine,IsUnderPay,smallint,,5.0,0.0,YES,57
dbo,APTransactionLine,AllocateDiscountValForeign,money,,19.0,4.0,YES,58
dbo,APTransactionLine,ExemptFromDiscountForeign,money,,19.0,4.0,YES,59
dbo,APTransactionLine,MiscCostForeign,money,,19.0,4.0,YES,60
dbo,APTransactionLine,FreightCostForeign,money,,19.0,4.0,YES,61
dbo,APTransactionLine,UnderOverAccount,varchar,50.0,,,YES,62
dbo,APTransactionTax,TransactionTaxID,int,,10.0,0.0,NO,1
dbo,APTransactionTax,TransactionLineNumber,int,,10.0,0.0,YES,2
dbo,APTransactionTax,TaxCode,varchar,5.0,,,YES,3
dbo,APTransactionTax,TaxAmount,money,,19.0,4.0,YES,4
dbo,APTransactionTax,CreateOpr,varchar,50.0,,,YES,5
dbo,APTransactionTax,CreateDatim,datetime,,,,YES,6
dbo,APTransactionTax,UpdateOpr,varchar,50.0,,,YES,7
dbo,APTransactionTax,UpdateDatim,datetime,,,,YES,8
dbo,ARCreditAnalysis,CreditAnalysisID,int,,10.0,0.0,NO,1
dbo,ARCreditAnalysis,CreateOpr,varchar,50.0,,,YES,2
dbo,ARCreditAnalysis,CreateDatim,datetime,,,,YES,3
dbo,ARCreditAnalysis,UpdateOpr,varchar,50.0,,,YES,4
dbo,ARCreditAnalysis,UpdateDatim,datetime,,,,YES,5
dbo,ARCreditAnalysis,Code,varchar,5.0,,,YES,6
dbo,ARCreditAnalysis,Description,varchar,50.0,,,YES,7
dbo,ARCustomerBalances,CustBalancesID,int,,10.0,0.0,NO,1
dbo,ARCustomerBalances,CreateOpr,varchar,50.0,,,YES,2
dbo,ARCustomerBalances,CreateDatim,datetime,,,,YES,3
dbo,ARCustomerBalances,UpdateOpr,varchar,50.0,,,YES,4
dbo,ARCustomerBalances,UpdateDatim,datetime,,,,YES,5
dbo,ARCustomerBalances,Account,varchar,50.0,,,YES,6
dbo,ARCustomerBalances,BalanceBFwd,money,,19.0,4.0,YES,7
dbo,ARCustomerBalances,Balance4,money,,19.0,4.0,YES,8
dbo,ARCustomerBalances,Balance3,money,,19.0,4.0,YES,9
dbo,ARCustomerBalances,Balance2,money,,19.0,4.0,YES,10
dbo,ARCustomerBalances,Balance1,money,,19.0,4.0,YES,11
dbo,ARCustomerBalances,Balance0,money,,19.0,4.0,YES,12
dbo,ARCustomerBalances,BalanceDue,money,,19.0,4.0,YES,13
dbo,ARCustomerBalances,BalanceFuture,money,,19.0,4.0,YES,14
dbo,ARCustomerBalances,BalanceWIP,money,,19.0,4.0,YES,15
dbo,ARCustomerBalances,BalanceQuotes,money,,19.0,4.0,YES,16
dbo,ARCustomerBalances,LastInvoiceVal,money,,19.0,4.0,YES,17
dbo,ARCustomerBalances,LastReceiptVal,money,,19.0,4.0,YES,18
dbo,ARCustomerBalances,BalanceBFwdForeign,money,,19.0,4.0,YES,19
dbo,ARCustomerBalances,Balance4Foreign,money,,19.0,4.0,YES,20
dbo,ARCustomerBalances,Balance3Foreign,money,,19.0,4.0,YES,21
dbo,ARCustomerBalances,Balance2Foreign,money,,19.0,4.0,YES,22
dbo,ARCustomerBalances,Balance1Foreign,money,,19.0,4.0,YES,23
dbo,ARCustomerBalances,Balance0Foreign,money,,19.0,4.0,YES,24
dbo,ARCustomerBalances,BalanceDueForeign,money,,19.0,4.0,YES,25
dbo,ARCustomerBalances,BalanceFutureForeign,money,,19.0,4.0,YES,26
dbo,ARCustomerBalances,BalanceWIPForeign,money,,19.0,4.0,YES,27
dbo,ARCustomerBalances,BalanceQuotesForeign,money,,19.0,4.0,YES,28
dbo,ARCustomerBalances,LastInvoiceValForeign,money,,19.0,4.0,YES,29
dbo,ARCustomerBalances,LastReceiptValForeign,money,,19.0,4.0,YES,30
dbo,ARCustomerBalances,LastInvoiceDate,datetime,,,,YES,31
dbo,ARCustomerBalances,LastReceiptDate,datetime,,,,YES,32
dbo,ARCustomerBalances,PaymentHistory,varchar,10.0,,,YES,33
dbo,ARCustomerBalances,InvoicesCollected,money,,19.0,4.0,YES,34
dbo,ARCustomerBalances,AveDaysCollection,real,,24.0,,YES,35
dbo,ARPayment,Code,int,,10.0,0.0,NO,1
dbo,ARPayment,InvoiceNumber,varchar,20.0,,,YES,2
dbo,ARPayment,PaymentAmount,money,,19.0,4.0,YES,3
dbo,ARPayment,EntryDate,datetime,,,,YES,4
dbo,ARPayment,EntryTime,datetime,,,,YES,5
dbo,ARPayment,CreateOpr,varchar,50.0,,,YES,6
dbo,ARPayment,CreateDatim,datetime,,,,YES,7
dbo,ARPayment,UpdateOpr,varchar,50.0,,,YES,8
dbo,ARPayment,Updatedatim,datetime,,,,YES,9
dbo,ARSalesDistribution,ID,int,,10.0,0.0,NO,1
dbo,ARSalesDistribution,TransactionLineNumber,int,,10.0,0.0,YES,2
dbo,ARSalesDistribution,CreateOpr,varchar,50.0,,,YES,3
dbo,ARSalesDistribution,CreateDatim,datetime,,,,YES,4
dbo,ARSalesDistribution,UpdateOpr,varchar,50.0,,,YES,5
dbo,ARSalesDistribution,UpdateDatim,datetime,,,,YES,6
dbo,ARSalesDistribution,GLCode,varchar,50.0,,,YES,7
dbo,ARSalesDistribution,Amount,money,,19.0,4.0,YES,8
dbo,ARSalesDistribution,PlantID,varchar,3.0,,,YES,9
dbo,ARSalesDistribution,GLTUserDefined1,varchar,50.0,,,YES,10
dbo,ARSalesDistribution,GLTUserDefined2,varchar,50.0,,,YES,11
dbo,ARStandards,CompanyID,varchar,3.0,,,NO,1
dbo,ARStandards,CreateOpr,varchar,50.0,,,YES,2
dbo,ARStandards,CreateDatim,datetime,,,,YES,3
dbo,ARStandards,UpdateOpr,varchar,50.0,,,YES,4
dbo,ARStandards,UpdateDatim,datetime,,,,YES,5
dbo,ARStandards,EntryDate,datetime,,,,YES,6
dbo,ARStandards,EntryTime,datetime,,,,YES,7
dbo,ARStandards,DeletePeriod,smallint,,5.0,0.0,YES,8
dbo,ARStandards,TransPeriod,smallint,,5.0,0.0,YES,9
dbo,ARStandards,SummaryPeriod,smallint,,5.0,0.0,YES,10
dbo,ARStandards,NextBatch,int,,10.0,0.0,YES,11
dbo,ARStandards,NextInvoice,varchar,20.0,,,YES,12
dbo,ARStandards,NextCredit,varchar,20.0,,,YES,13
dbo,ARStandards,CombineInvCred,smallint,,5.0,0.0,YES,14
dbo,ARStandards,ForceCredit,smallint,,5.0,0.0,YES,15
dbo,ARStandards,CurrentEra,int,,10.0,0.0,YES,16
dbo,ARStandards,StatementMsg,varchar,300.0,,,YES,17
dbo,ARStandards,StatementMsgText,text,2147483647.0,,,YES,18
dbo,ARStandards,ConsolidateDatim,datetime,,,,YES,19
dbo,ARStandards,ConsolidateOpr,varchar,50.0,,,YES,20
dbo,ARStandards,ConsolidateEra,int,,10.0,0.0,YES,21
dbo,ARStandards,CloseOffOpr,varchar,50.0,,,YES,22
dbo,ARStandards,CloseOffDatim,datetime,,,,YES,23
dbo,ARStandards,CloseOffEra,int,,10.0,0.0,YES,24
dbo,ARStandards,Status,varchar,1.0,,,YES,25
dbo,ARStandards,DeleteFlag,varchar,1.0,,,YES,26
dbo,ARStandards,ForceRep,smallint,,5.0,0.0,YES,27
dbo,ARStandards,ForceCustType,smallint,,5.0,0.0,YES,28
dbo,ARStandards,ForceRegion,smallint,,5.0,0.0,YES,29
dbo,ARStandards,ForcePlant,smallint,,5.0,0.0,YES,30
dbo,ARStandards,TermsCode,varchar,5.0,,,YES,31
dbo,ARStandards,TaxCodeA,varchar,5.0,,,YES,32
dbo,ARStandards,TaxCodeB,varchar,5.0,,,YES,33
dbo,ARStandards,TaxCodeC,varchar,5.0,,,YES,34
dbo,ARStandards,TaxCodeD,varchar,5.0,,,YES,35
dbo,ARStandards,TaxOnFreight,smallint,,5.0,0.0,YES,36
dbo,ARStandards,TaxOnTaxB,smallint,,5.0,0.0,YES,37
dbo,ARStandards,GLSalesCode,varchar,50.0,,,YES,38
dbo,ARStandards,GLARCode,varchar,50.0,,,YES,39
dbo,ARStandards,GLFreightCode,varchar,50.0,,,YES,40
dbo,ARStandards,GLCashCode,varchar,50.0,,,YES,41
dbo,ARStandards,GLOSSCode,varchar,50.0,,,YES,42
dbo,ARStandards,HandlingGLCode,varchar,50.0,,,YES,43
dbo,ARStandards,GLPostageCode,varchar,50.0,,,YES,44
dbo,ARStandards,FreightCost,money,,19.0,4.0,YES,45
dbo,ARStandards,AccountingTransfer,smallint,,5.0,0.0,YES,46
dbo,ARStandards,UnitMethod,smallint,,5.0,0.0,YES,47
dbo,ARStandards,Postage,smallint,,5.0,0.0,YES,48
dbo,ARStandards,InvoiceCopies,smallint,,5.0,0.0,YES,49
dbo,ARStandards,InvoiceCollate,smallint,,5.0,0.0,YES,50
dbo,ARStandards,UnitPriceOption1,smallint,,5.0,0.0,YES,51
dbo,ARStandards,UnitPriceOption2,smallint,,5.0,0.0,YES,52
dbo,ARStandards,TaxMethod,smallint,,5.0,0.0,YES,53
dbo,ARStandards,RoundPrice,smallint,,5.0,0.0,YES,54
dbo,ARStandards,UseBWSalesCode,smallint,,5.0,0.0,YES,55
dbo,ARStandards,DistributionOption,smallint,,5.0,0.0,YES,56
dbo,ARStandards,BWNameOption,smallint,,5.0,0.0,YES,57
dbo,ARStandards,FreightMarkUp,real,,24.0,,YES,58
dbo,ARStandards,NonTaxableCode,varchar,5.0,,,YES,59
dbo,ARStandards,MultiplyByLots,smallint,,5.0,0.0,YES,60
dbo,ARStandards,PriceByActualCost,smallint,,5.0,0.0,YES,61
dbo,ARStandards,SalesCodeOption1,smallint,,5.0,0.0,YES,62
dbo,ARStandards,SeparatePrepress,smallint,,5.0,0.0,YES,63
dbo,ARStandards,GLPrepressCode,varchar,50.0,,,YES,64
dbo,ARStandards,UseTaxJurisdiction,smallint,,5.0,0.0,YES,65
dbo,ARStandards,EOPOpen,smallint,,5.0,0.0,YES,66
dbo,ARStandards,EOPOpenBy,varchar,50.0,,,YES,67
dbo,ARStandards,DistributeARSales,smallint,,5.0,0.0,YES,68
dbo,ARStandards,DailyBatchByUser,smallint,,5.0,0.0,YES,69
dbo,ARStandards,StatementType,varchar,50.0,,,YES,70
dbo,ARStandards,ForceTaxJurisdiction,smallint,,5.0,0.0,YES,71
dbo,ARStandards,NoOpenPOS,smallint,,5.0,0.0,YES,72
dbo,ARStandards,AutoAllocateOption,smallint,,5.0,0.0,YES,73
dbo,ARStandards,JobNumberInvNumber,smallint,,5.0,0.0,YES,74
dbo,ARStandards,TurnOffPost,smallint,,5.0,0.0,YES,75
dbo,ARStandards,DefaultInvoiceDraft,smallint,,5.0,0.0,YES,76
dbo,ARStandards,GLCodeJobHeader,smallint,,5.0,0.0,YES,77
dbo,ARStandards,TaxHeaderOption,smallint,,5.0,0.0,YES,78
dbo,ARStandards,GLUnderPayCode,varchar,50.0,,,YES,79
dbo,ARStandards,FinanceChargePercentage,real,,24.0,,YES,80
dbo,ARStandards,GLFinanceChargeCode,varchar,50.0,,,YES,81
dbo,ARStandards,AutoDescription,smallint,,5.0,0.0,YES,82
dbo,ARStandards,GLPaperCode,varchar,50.0,,,YES,83
dbo,ARStandards,AlwaysCreateFreightLine,smallint,,5.0,0.0,YES,84
dbo,ARStandards,DefaultTermsCode,varchar,5.0,,,YES,85
dbo,ARStandards,NoVoidFromPreviousPeriod,smallint,,5.0,0.0,YES,86
dbo,ARStandards,BatchDateMustMatch,smallint,,5.0,0.0,YES,87
dbo,ARStandards,TaxJMandatoryOnInvoice,smallint,,5.0,0.0,YES,88
dbo,ARStandards,MaterialPlantIDSales,int,,10.0,0.0,YES,89
dbo,ARStandards,AutoPostUnderPay,smallint,,5.0,0.0,YES,90
dbo,ARStandards,WarnPaymentMethod,varchar,5.0,,,YES,91
dbo,ARStandards,UseOrderDiscount,smallint,,5.0,0.0,YES,92
dbo,ARStandards,SalesRepRequired,smallint,,5.0,0.0,YES,93
dbo,ARStandards,PostageControlAccount,varchar,50.0,,,YES,94
dbo,ARStandards,TaxSearchByZipCode,smallint,,5.0,0.0,YES,95
dbo,ARStandards,FGInvoiceOnlyByComponent,smallint,,5.0,0.0,YES,96
dbo,ARStandards,UseAvaTax,smallint,,5.0,0.0,YES,97
dbo,ARStandards,UseUnitCostForShippingTax,smallint,,5.0,0.0,YES,98
dbo,ARStandards,ValidatePayMethod,smallint,,5.0,0.0,YES,99
dbo,ARStandards,CloseOutOptionInEstimating,smallint,,5.0,0.0,YES,100
dbo,ARStandards,UsePlantPrefix,smallint,,5.0,0.0,YES,101
dbo,ARStandards,EmailSubjectPrefix,varchar,100.0,,,YES,102
dbo,ARStandards,UsePostageRequisitions,smallint,,5.0,0.0,YES,103
dbo,ARStandards,InvoiceByComponent,smallint,,5.0,0.0,YES,104
dbo,ARStandards,NoComponentGrouping,smallint,,5.0,0.0,YES,105
dbo,ARStandards,InvoicePerComponent,smallint,,5.0,0.0,YES,106
dbo,ARStandards,PlantIDMandatoryOnTrans,smallint,,5.0,0.0,YES,107
dbo,ARStandards,ForeignGainLossCode,varchar,50.0,,,YES,108
dbo,ARStandards,AutoPostOverPay,smallint,,5.0,0.0,YES,109
dbo,ARStandards,ValidateTermsCode,smallint,,5.0,0.0,YES,110
dbo,ARStandards,NoNegativeGLDist,smallint,,5.0,0.0,YES,111
dbo,ARStandards,UseOrderDiscountOnInvoice,smallint,,5.0,0.0,YES,112
dbo,ARStandards,CreditCardFeeCode,varchar,50.0,,,YES,113
dbo,ARStandards,PostageTermsCode,varchar,5.0,,,YES,114
dbo,ARSystemTotals,SystemTotalID,int,,10.0,0.0,NO,1
dbo,ARSystemTotals,CreateOpr,varchar,50.0,,,YES,2
dbo,ARSystemTotals,CreateDatim,datetime,,,,YES,3
dbo,ARSystemTotals,UpdateOpr,varchar,50.0,,,YES,4
dbo,ARSystemTotals,UpdateDatim,datetime,,,,YES,5
dbo,ARSystemTotals,CompanyID,varchar,3.0,,,YES,6
dbo,ARSystemTotals,BalanceBFwd,money,,19.0,4.0,YES,7
dbo,ARSystemTotals,Balance4,money,,19.0,4.0,YES,8
dbo,ARSystemTotals,Balance3,money,,19.0,4.0,YES,9
dbo,ARSystemTotals,Balance2,money,,19.0,4.0,YES,10
dbo,ARSystemTotals,Balance1,money,,19.0,4.0,YES,11
dbo,ARSystemTotals,Balance0,money,,19.0,4.0,YES,12
dbo,ARSystemTotals,BalanceDue,money,,19.0,4.0,YES,13
dbo,ARSystemTotals,BalanceFuture,money,,19.0,4.0,YES,14
dbo,ARSystemTotals,MTDInvoices,money,,19.0,4.0,YES,15
dbo,ARSystemTotals,MTDInvoicesNet,money,,19.0,4.0,YES,16
dbo,ARSystemTotals,MTDCredits,money,,19.0,4.0,YES,17
dbo,ARSystemTotals,MTDCreditsNet,money,,19.0,4.0,YES,18
dbo,ARSystemTotals,MTDReceipts,money,,19.0,4.0,YES,19
dbo,ARSystemTotals,MTDJournals,money,,19.0,4.0,YES,20
dbo,ARSystemTotals,YTDInvoices,money,,19.0,4.0,YES,21
dbo,ARSystemTotals,YTDInvoicesNet,money,,19.0,4.0,YES,22
dbo,ARSystemTotals,YTDCredits,money,,19.0,4.0,YES,23
dbo,ARSystemTotals,YTDCreditsNet,money,,19.0,4.0,YES,24
dbo,ARSystemTotals,YTDReceipts,money,,19.0,4.0,YES,25
dbo,ARSystemTotals,YTDJournals,money,,19.0,4.0,YES,26
dbo,ARTransaction,TransactionNumber,int,,10.0,0.0,NO,1
dbo,ARTransaction,BatchID,int,,10.0,0.0,YES,2
dbo,ARTransaction,CreateOpr,varchar,50.0,,,YES,3
dbo,ARTransaction,CreateDatim,datetime,,,,YES,4
dbo,ARTransaction,UpdateOpr,varchar,50.0,,,YES,5
dbo,ARTransaction,UpdateDatim,datetime,,,,YES,6
dbo,ARTransaction,PlantID,varchar,3.0,,,YES,7
dbo,ARTransaction,CustAccount,varchar,50.0,,,YES,8
dbo,ARTransaction,TransactionType,varchar,15.0,,,YES,9
dbo,ARTransaction,DocumentNumber,varchar,25.0,,,YES,10
dbo,ARTransaction,CrDrFlag,varchar,1.0,,,YES,11
dbo,ARTransaction,CustReference,varchar,50.0,,,YES,12
dbo,ARTransaction,Description,varchar,100.0,,,YES,13
dbo,ARTransaction,Comments,varchar,2000.0,,,YES,14
dbo,ARTransaction,Status,varchar,1.0,,,YES,15
dbo,ARTransaction,TransactionDate,datetime,,,,YES,16
dbo,ARTransaction,Era,int,,10.0,0.0,YES,17
dbo,ARTransaction,Age,smallint,,5.0,0.0,YES,18
dbo,ARTransaction,PostDate,datetime,,,,YES,19
dbo,ARTransaction,PostOpr,varchar,50.0,,,YES,20
dbo,ARTransaction,CurrencyFlag,varchar,1.0,,,YES,21
dbo,ARTransaction,CurrencyCode,varchar,5.0,,,YES,22
dbo,ARTransaction,ExchangeRate,real,,24.0,,YES,23
dbo,ARTransaction,NetVal,money,,19.0,4.0,YES,24
dbo,ARTransaction,SalesTaxA,money,,19.0,4.0,YES,25
dbo,ARTransaction,SalesTaxB,money,,19.0,4.0,YES,26
dbo,ARTransaction,SalesTaxC,money,,19.0,4.0,YES,27
dbo,ARTransaction,SalesTaxD,money,,19.0,4.0,YES,28
dbo,ARTransaction,SalesTaxVal,money,,19.0,4.0,YES,29
dbo,ARTransaction,TotalVal,money,,19.0,4.0,YES,30
dbo,ARTransaction,OpenVal,money,,19.0,4.0,YES,31
dbo,ARTransaction,CostVal,money,,19.0,4.0,YES,32
dbo,ARTransaction,NetValForeign,money,,19.0,4.0,YES,33
dbo,ARTransaction,SalesTaxAForeign,money,,19.0,4.0,YES,34
dbo,ARTransaction,SalesTaxBForeign,money,,19.0,4.0,YES,35
dbo,ARTransaction,SalesTaxCForeign,money,,19.0,4.0,YES,36
dbo,ARTransaction,SalesTaxDForeign,money,,19.0,4.0,YES,37
dbo,ARTransaction,SalesTaxForeign,money,,19.0,4.0,YES,38
dbo,ARTransaction,TotalValForeign,money,,19.0,4.0,YES,39
dbo,ARTransaction,OpenValForeign,money,,19.0,4.0,YES,40
dbo,ARTransaction,CostValForeign,money,,19.0,4.0,YES,41
dbo,ARTransaction,InvoiceAccount,varchar,50.0,,,YES,42
dbo,ARTransaction,TermsCode,varchar,5.0,,,YES,43
dbo,ARTransaction,DueDate,datetime,,,,YES,44
dbo,ARTransaction,CreditCode,varchar,5.0,,,YES,45
dbo,ARTransaction,SalesRepCode,varchar,5.0,,,YES,46
dbo,ARTransaction,CSR,varchar,50.0,,,YES,47
dbo,ARTransaction,DespatchDate,datetime,,,,YES,48
dbo,ARTransaction,ShipToCode,varchar,50.0,,,YES,49
dbo,ARTransaction,ShipViaCode,varchar,50.0,,,YES,50
dbo,ARTransaction,PackingSlipNumber,varchar,20.0,,,YES,51
dbo,ARTransaction,ApplyInvoiceNumber,varchar,20.0,,,YES,52
dbo,ARTransaction,ApplyInvoiceBatch,int,,10.0,0.0,YES,53
dbo,ARTransaction,ApplyInvoiceTrans,int,,10.0,0.0,YES,54
dbo,ARTransaction,PrePaidVal,money,,19.0,4.0,YES,55
dbo,ARTransaction,PrePaidDocNumber,varchar,20.0,,,YES,56
dbo,ARTransaction,CompanyID,varchar,3.0,,,YES,57
dbo,ARTransaction,PaymentMethod,varchar,50.0,,,YES,58
dbo,ARTransaction,PayeeBank,varchar,35.0,,,YES,59
dbo,ARTransaction,PayeeBranch,varchar,35.0,,,YES,60
dbo,ARTransaction,PayeeAccount,varchar,35.0,,,YES,61
dbo,ARTransaction,CBBank,varchar,10.0,,,YES,62
dbo,ARTransaction,GLCode,varchar,50.0,,,YES,63
dbo,ARTransaction,Allocate4,money,,19.0,4.0,YES,64
dbo,ARTransaction,Allocate3,money,,19.0,4.0,YES,65
dbo,ARTransaction,Allocate2,money,,19.0,4.0,YES,66
dbo,ARTransaction,Allocate1,money,,19.0,4.0,YES,67
dbo,ARTransaction,Allocate0,money,,19.0,4.0,YES,68
dbo,ARTransaction,Allocate4Foreign,money,,19.0,4.0,YES,69
dbo,ARTransaction,Allocate3Foreign,money,,19.0,4.0,YES,70
dbo,ARTransaction,Allocate2Foreign,money,,19.0,4.0,YES,71
dbo,ARTransaction,Allocate1Foreign,money,,19.0,4.0,YES,72
dbo,ARTransaction,Allocate0Foreign,money,,19.0,4.0,YES,73
dbo,ARTransaction,FreightCost,money,,19.0,4.0,YES,74
dbo,ARTransaction,Postage,money,,19.0,4.0,YES,75
dbo,ARTransaction,TaxOnTaxB,smallint,,5.0,0.0,YES,76
dbo,ARTransaction,CheckNumber,varchar,50.0,,,YES,77
dbo,ARTransaction,DontPostJobs,smallint,,5.0,0.0,YES,78
dbo,ARTransaction,AllocateOpen,smallint,,5.0,0.0,YES,79
dbo,ARTransaction,ShipmentNumber,int,,10.0,0.0,YES,80
dbo,ARTransaction,Restock,int,,10.0,0.0,YES,81
dbo,ARTransaction,RestockFee,money,,19.0,4.0,YES,82
dbo,ARTransaction,Voided,smallint,,5.0,0.0,YES,83
dbo,ARTransaction,CC_Number,varchar,100.0,,,YES,84
dbo,ARTransaction,CC_NameOnCard,varchar,100.0,,,YES,85
dbo,ARTransaction,CC_Expiration,varchar,10.0,,,YES,86
dbo,ARTransaction,PrepayJobNumber,varchar,20.0,,,YES,87
dbo,ARTransaction,FirstJobNumber,varchar,20.0,,,YES,88
dbo,ARTransaction,OverUnderOption,smallint,,5.0,0.0,YES,89
dbo,ARTransaction,BillName,varchar,50.0,,,YES,90
dbo,ARTransaction,BillAddress1,varchar,50.0,,,YES,91
dbo,ARTransaction,BillAddress2,varchar,50.0,,,YES,92
dbo,ARTransaction,BillAddress3,varchar,50.0,,,YES,93
dbo,ARTransaction,BillCity,varchar,50.0,,,YES,94
dbo,ARTransaction,BillCounty,varchar,50.0,,,YES,95
dbo,ARTransaction,BillState,varchar,3.0,,,YES,96
dbo,ARTransaction,BillZip,varchar,50.0,,,YES,97
dbo,ARTransaction,BillCountry,varchar,50.0,,,YES,98
dbo,ARTransaction,BillPhone,varchar,30.0,,,YES,99
dbo,ARTransaction,BillFax,varchar,30.0,,,YES,100
dbo,ARTransaction,BillContact,varchar,50.0,,,YES,101
dbo,ARTransaction,VoidDate,datetime,,,,YES,102
dbo,ARTransaction,DraftInvoice,smallint,,5.0,0.0,YES,103
dbo,ARTransaction,Transfered,bit,,,,YES,104
dbo,ARTransaction,TaxJurisdiction,varchar,5.0,,,YES,105
dbo,ARTransaction,UserDefined1,varchar,50.0,,,YES,106
dbo,ARTransaction,InvoicePrinted,smallint,,5.0,0.0,YES,107
dbo,ARTransaction,PrepaymentTransactionNumber,int,,10.0,0.0,YES,108
dbo,ARTransaction,UserDefined2,varchar,50.0,,,YES,109
dbo,ARTransaction,UserDefined3,varchar,50.0,,,YES,110
dbo,ARTransaction,UserDefined4,varchar,50.0,,,YES,111
dbo,ARTransaction,UserDefined5,varchar,50.0,,,YES,112
dbo,ARTransaction,DeferRevenue,smallint,,5.0,0.0,YES,113
dbo,ARTransaction,QuickReceipt,smallint,,5.0,0.0,YES,114
dbo,ARTransaction,QuickReceiptGLAccount,varchar,50.0,,,YES,115
dbo,ARTransaction,PostageTransaction,smallint,,5.0,0.0,YES,116
dbo,ARTransaction,CCTransactionID,varchar,128.0,,,YES,117
dbo,ARTransaction,CCEnteredBy,varchar,50.0,,,YES,118
dbo,ARTransaction,CCProvidedBy,varchar,50.0,,,YES,119
dbo,ARTransaction,BillEmail,varchar,100.0,,,YES,120
dbo,ARTransaction,PostageRequestPO,varchar,50.0,,,YES,121
dbo,ARTransaction,BillContactID,int,,10.0,0.0,YES,122
dbo,ARTransaction,RequestDate,datetime,,,,YES,123
dbo,ARTransaction,RequestedAmount,money,,19.0,4.0,YES,124
dbo,ARTransaction,GLTUserDefined1,varchar,50.0,,,YES,125
dbo,ARTransaction,GLTUserDefined2,varchar,50.0,,,YES,126
dbo,ARTransaction,AvgExchangeRate,real,,24.0,,YES,127
dbo,ARTransaction,OverrideExchangeRate,smallint,,5.0,0.0,YES,128
dbo,ARTransaction,PrePaidValForeign,money,,19.0,4.0,YES,129
dbo,ARTransaction,FreightCostForeign,money,,19.0,4.0,YES,130
dbo,ARTransaction,PostageForeign,money,,19.0,4.0,YES,131
dbo,ARTransaction,RequestedAmountForeign,money,,19.0,4.0,YES,132
dbo,ARTransaction,ExternalTransfer,smallint,,5.0,0.0,YES,133
dbo,ARTransactionLine,TransactionLineNumber,int,,10.0,0.0,NO,1
dbo,ARTransactionLine,TransactionNumber,int,,10.0,0.0,YES,2
dbo,ARTransactionLine,CreateOpr,varchar,50.0,,,YES,3
dbo,ARTransactionLine,CreateDatim,datetime,,,,YES,4
dbo,ARTransactionLine,UpdateOpr,varchar,50.0,,,YES,5
dbo,ARTransactionLine,UpdateDatim,datetime,,,,YES,6
dbo,ARTransactionLine,LineType,varchar,1.0,,,YES,7
dbo,ARTransactionLine,JobNumber,varchar,20.0,,,YES,8
dbo,ARTransactionLine,ComponentNumber,smallint,,5.0,0.0,YES,9
dbo,ARTransactionLine,ItemNumber,smallint,,5.0,0.0,YES,10
dbo,ARTransactionLine,PartNumber,smallint,,5.0,0.0,YES,11
dbo,ARTransactionLine,JobProcess,smallint,,5.0,0.0,YES,12
dbo,ARTransactionLine,KitCode,varchar,50.0,,,YES,13
dbo,ARTransactionLine,FinGoodsCode,varchar,15.0,,,YES,14
dbo,ARTransactionLine,GLCode,varchar,50.0,,,YES,15
dbo,ARTransactionLine,Taxable,smallint,,5.0,0.0,YES,16
dbo,ARTransactionLine,TaxCodeA,varchar,5.0,,,YES,17
dbo,ARTransactionLine,TaxCodeB,varchar,5.0,,,YES,18
dbo,ARTransactionLine,TaxCodeC,varchar,5.0,,,YES,19
dbo,ARTransactionLine,TaxCodeD,varchar,5.0,,,YES,20
dbo,ARTransactionLine,TaxPC,real,,24.0,,YES,21
dbo,ARTransactionLine,DiscountPC,real,,24.0,,YES,22
dbo,ARTransactionLine,QtyOrdered,float,,53.0,,YES,23
dbo,ARTransactionLine,QtyShipped,float,,53.0,,YES,24
dbo,ARTransactionLine,UnitPrice,float,,53.0,,YES,25
dbo,ARTransactionLine,UnitMethod,smallint,,5.0,0.0,YES,26
dbo,ARTransactionLine,ExtendedVal,money,,19.0,4.0,YES,27
dbo,ARTransactionLine,DiscountVal,money,,19.0,4.0,YES,28
dbo,ARTransactionLine,NetVal,money,,19.0,4.0,YES,29
dbo,ARTransactionLine,TaxVal,money,,19.0,4.0,YES,30
dbo,ARTransactionLine,TotalVal,money,,19.0,4.0,YES,31
dbo,ARTransactionLine,CostVal,money,,19.0,4.0,YES,32
dbo,ARTransactionLine,AdditionalCharge,smallint,,5.0,0.0,YES,33
dbo,ARTransactionLine,CommisionExempt,money,,19.0,4.0,YES,34
dbo,ARTransactionLine,PONumber,varchar,50.0,,,YES,35
dbo,ARTransactionLine,ReleaseNumber,varchar,20.0,,,YES,36
dbo,ARTransactionLine,OrderDate,datetime,,,,YES,37
dbo,ARTransactionLine,Description,varchar,100.0,,,YES,38
dbo,ARTransactionLine,Comments,varchar,2000.0,,,YES,39
dbo,ARTransactionLine,AllocateTransactionNumber,int,,10.0,0.0,YES,40
dbo,ARTransactionLine,AllocateAge,smallint,,5.0,0.0,YES,41
dbo,ARTransactionLine,AllocateDate,datetime,,,,YES,42
dbo,ARTransactionLine,AllocateVal,money,,19.0,4.0,YES,43
dbo,ARTransactionLine,UnitPriceForeign,money,,19.0,4.0,YES,44
dbo,ARTransactionLine,ExtendedValForeign,money,,19.0,4.0,YES,45
dbo,ARTransactionLine,DiscountValForeign,money,,19.0,4.0,YES,46
dbo,ARTransactionLine,NetValForeign,money,,19.0,4.0,YES,47
dbo,ARTransactionLine,TaxValForeign,money,,19.0,4.0,YES,48
dbo,ARTransactionLine,TotalValForeign,money,,19.0,4.0,YES,49
dbo,ARTransactionLine,CostValForeign,money,,19.0,4.0,YES,50
dbo,ARTransactionLine,TaxOnTaxB,smallint,,5.0,0.0,YES,51
dbo,ARTransactionLine,AllocateDocumentNumber,varchar,20.0,,,YES,52
dbo,ARTransactionLine,AllocateTransactionType,varchar,15.0,,,YES,53
dbo,ARTransactionLine,CommentsText,text,2147483647.0,,,YES,54
dbo,ARTransactionLine,AllocateOpenTransNumber,int,,10.0,0.0,YES,55
dbo,ARTransactionLine,OverrideTaxAmount,smallint,,5.0,0.0,YES,56
dbo,ARTransactionLine,RestockInventory,int,,10.0,0.0,YES,57
dbo,ARTransactionLine,RestockFee,money,,19.0,4.0,YES,58
dbo,ARTransactionLine,RestockLocation,varchar,20.0,,,YES,59
dbo,ARTransactionLine,ReduceLaborWIP,money,,19.0,4.0,YES,60
dbo,ARTransactionLine,ReduceMaterialWIP,money,,19.0,4.0,YES,61
dbo,ARTransactionLine,ReduceOSSWIP,money,,19.0,4.0,YES,62
dbo,ARTransactionLine,UnderPayOption,smallint,,5.0,0.0,YES,63
dbo,ARTransactionLine,NonTaxable,smallint,,5.0,0.0,YES,64
dbo,ARTransactionLine,UnitPrice2,real,,24.0,,YES,65
dbo,ARTransactionLine,VoidedJobNumber,varchar,20.0,,,YES,66
dbo,ARTransactionLine,ApplyOpen,smallint,,5.0,0.0,YES,67
dbo,ARTransactionLine,AllocationDeleted,smallint,,5.0,0.0,YES,68
dbo,ARTransactionLine,UnderPayAccount,varchar,50.0,,,YES,69
dbo,ARTransactionLine,OverrideAvataxTaxAmount,smallint,,5.0,0.0,YES,70
dbo,ARTransactionLine,CurrencyCode,varchar,5.0,,,YES,71
dbo,ARTransactionLine,ExchangeRate,real,,24.0,,YES,72
dbo,ARTransactionLine,AllocateValForeign,money,,19.0,4.0,YES,73
dbo,ARTransactionLine,IsOverPay,smallint,,5.0,0.0,YES,74
dbo,ARTransactionLine,GroupName,varchar,100.0,,,YES,75
dbo,ARTransactionLine,InvoicedBy,smallint,,5.0,0.0,YES,76
dbo,ARTransactionLine,ExemptOverride,bit,,,,NO,77
dbo,ARTransactionTax,TransactionTaxID,int,,10.0,0.0,NO,1
dbo,ARTransactionTax,TransactionLineNumber,int,,10.0,0.0,YES,2
dbo,ARTransactionTax,TaxCode,varchar,5.0,,,YES,3
dbo,ARTransactionTax,TaxAmount,money,,19.0,4.0,YES,4
dbo,ARTransactionTax,CreateOpr,varchar,50.0,,,YES,5
dbo,ARTransactionTax,CreateDatim,datetime,,,,YES,6
dbo,ARTransactionTax,UpdateOpr,varchar,50.0,,,YES,7
dbo,ARTransactionTax,UpdateDatim,datetime,,,,YES,8
dbo,ARTransactionTax,TaxableAmount,money,,19.0,4.0,YES,9
dbo,ARTransactionTax,ShipmentNumber,int,,10.0,0.0,YES,10
dbo,ARTransactionTax,TaxJurisdiction,varchar,5.0,,,YES,11
dbo,ARTransactionTax,ZipCode,varchar,10.0,,,YES,12
dbo,ARTransactionTax,TaxDescription,varchar,50.0,,,YES,13
dbo,ARTransactionTax,ZipTaxCode,varchar,50.0,,,YES,14
dbo,ARTransactionTax,ZipTaxName,varchar,50.0,,,YES,15
dbo,ARTransactionTax,ZipTaxRate,real,,24.0,,YES,16
dbo,AutomationRules,ID,int,,10.0,0.0,NO,1
dbo,AutomationRules,Source,int,,10.0,0.0,YES,2
dbo,AutomationRules,RuleName,varchar,255.0,,,YES,3
dbo,AutomationRules,KeyNumber,varchar,50.0,,,YES,4
dbo,AutomationRules,RuleValue,varchar,255.0,,,YES,5
dbo,AutomationRules,CreateOpr,varchar,50.0,,,YES,6
dbo,AutomationRules,CreateDatim,datetime,,,,YES,7
dbo,AutomationRules,UpdateOpr,varchar,50.0,,,YES,8
dbo,AutomationRules,UpdateDatim,datetime,,,,YES,9
dbo,AvaTaxAddresses,TransactionLineNumber,int,,10.0,0.0,NO,1
dbo,AvaTaxAddresses,TransactionNumber,int,,10.0,0.0,YES,2
dbo,AvaTaxAddresses,Addresses,nvarchar,-1.0,,,YES,3
dbo,AvaTaxConfiguration,ID,int,,10.0,0.0,NO,1
dbo,AvaTaxConfiguration,IsDefaultCompany,smallint,,5.0,0.0,YES,2
dbo,AvaTaxConfiguration,CompanyCode,varchar,50.0,,,YES,3
dbo,AvaTaxConfiguration,AccountNumer,varchar,50.0,,,YES,4
dbo,AvaTaxConfiguration,LicenseKey,varchar,50.0,,,YES,5
dbo,AvaTaxConfiguration,TaxServiceURL,varchar,255.0,,,YES,6
dbo,AvaTaxConfiguration,GLRevenueAccountNumber,varchar,150.0,,,YES,7
dbo,AvaTaxConfiguration,UserDefined1,varchar,50.0,,,YES,8
dbo,AvaTaxConfiguration,UserDefined2,varchar,50.0,,,YES,9
dbo,AvaTaxConfiguration,DisableWarningMessages,smallint,,5.0,0.0,YES,10
dbo,AvaTaxConfiguration,EnableLogging,smallint,,5.0,0.0,YES,11
dbo,AvaTaxConfiguration,WebServiceTimeOut,int,,10.0,0.0,YES,12
dbo,AvaTaxConfiguration,DisableTaxCalculation,smallint,,5.0,0.0,YES,13
dbo,AvaTaxConfiguration,ForceAddressVerification,smallint,,5.0,0.0,YES,14
dbo,AvaTaxConfiguration,DisplayTaxDetails,smallint,,5.0,0.0,YES,15
dbo,AvaTaxConfiguration,DisableAddressVerification,smallint,,5.0,0.0,YES,16
dbo,AvaTaxConfiguration,SelectCountryReference4AddressValidation,smallint,,5.0,0.0,YES,17
dbo,AvaTaxConfiguration,UCaseAddressValidationResults,smallint,,5.0,0.0,YES,18
dbo,AvaTaxConfiguration,ClearAddressValidatedFlag,smallint,,5.0,0.0,YES,19
dbo,AvaTaxConfiguration,AvataxAdminURL,varchar,255.0,,,YES,20
dbo,AvaTaxConfiguration,CreateOpr,varchar,50.0,,,YES,21
dbo,AvaTaxConfiguration,CreateDatim,datetime,,,,YES,22
dbo,AvaTaxConfiguration,UpdateOpr,varchar,50.0,,,YES,23
dbo,AvaTaxConfiguration,UpdateDatim,datetime,,,,YES,24
dbo,AvataxTransactionLogs,ID,int,,10.0,0.0,NO,1
dbo,AvataxTransactionLogs,DocumentNumber,varchar,25.0,,,YES,2
dbo,AvataxTransactionLogs,AvataxID,bigint,,19.0,0.0,YES,3
dbo,AvataxTransactionLogs,Request,nvarchar,-1.0,,,YES,4
dbo,AvataxTransactionLogs,Response,nvarchar,-1.0,,,YES,5
dbo,AvataxTransactionLogs,Type,varchar,6.0,,,YES,6
dbo,AvataxTransactionLogs,CreateOpr,varchar,50.0,,,YES,7
dbo,AvataxTransactionLogs,CreateDatim,datetime,,,,YES,8
dbo,AvataxTransactionLogs,UpdateOpr,varchar,50.0,,,YES,9
dbo,AvataxTransactionLogs,UpdateDatim,datetime,,,,YES,10
dbo,BasketComponent,BasketComponentID,int,,10.0,0.0,NO,1
dbo,BasketComponent,BasketHeaderID,int,,10.0,0.0,YES,2
dbo,BasketComponent,ComponentNumber,int,,10.0,0.0,YES,3
dbo,BasketComponent,MaterialCode,varchar,50.0,,,YES,4
dbo,BasketComponent,ComponentType,varchar,10.0,,,YES,5
dbo,BasketComponent,TemplateCode,varchar,50.0,,,YES,6
dbo,BasketComponent,Description,varchar,100.0,,,YES,7
dbo,BasketComponent,Comments,varchar,2000.0,,,YES,8
dbo,BasketComponent,Quantity,int,,10.0,0.0,YES,9
dbo,BasketComponent,Price,money,,19.0,4.0,YES,10
dbo,BasketComponent,EntryDate,datetime,,,,YES,11
dbo,BasketComponent,EntryTime,datetime,,,,YES,12
dbo,BasketComponent,CreateOpr,varchar,50.0,,,YES,13
dbo,BasketComponent,CreateDatim,datetime,,,,YES,14
dbo,BasketComponent,UpdateOpr,varchar,50.0,,,YES,15
dbo,BasketComponent,Updatedatim,datetime,,,,YES,16
dbo,BasketHeader,BasketHeaderID,int,,10.0,0.0,NO,1
dbo,BasketHeader,OnlineUserID,int,,10.0,0.0,YES,2
dbo,BasketHeader,DueDate,datetime,,,,YES,3
dbo,BasketHeader,PONumber,varchar,20.0,,,YES,4
dbo,BasketHeader,ReleaseNumber,varchar,20.0,,,YES,5
dbo,BasketHeader,Description,varchar,100.0,,,YES,6
dbo,BasketHeader,CustAccount,varchar,50.0,,,YES,7
dbo,BasketHeader,CustName,varchar,50.0,,,YES,8
dbo,BasketHeader,CustContact,varchar,50.0,,,YES,9
dbo,BasketHeader,CustAddress1,varchar,50.0,,,YES,10
dbo,BasketHeader,CustAddress2,varchar,50.0,,,YES,11
dbo,BasketHeader,CustAddress3,varchar,50.0,,,YES,12
dbo,BasketHeader,CustCity,varchar,50.0,,,YES,13
dbo,BasketHeader,CustState,varchar,3.0,,,YES,14
dbo,BasketHeader,CustZip,varchar,10.0,,,YES,15
dbo,BasketHeader,CustCountry,varchar,50.0,,,YES,16
dbo,BasketHeader,CustPhone,varchar,30.0,,,YES,17
dbo,BasketHeader,CustFax,varchar,30.0,,,YES,18
dbo,BasketHeader,CustEmail,varchar,100.0,,,YES,19
dbo,BasketHeader,Comments,varchar,2000.0,,,YES,20
dbo,BasketHeader,EntryDate,datetime,,,,YES,21
dbo,BasketHeader,EntryTime,datetime,,,,YES,22
dbo,BasketHeader,CreateOpr,varchar,50.0,,,YES,23
dbo,BasketHeader,CreateDatim,datetime,,,,YES,24
dbo,BasketHeader,UpdateOpr,varchar,50.0,,,YES,25
dbo,BasketHeader,Updatedatim,datetime,,,,YES,26
dbo,BatchHeader,BatchID,int,,10.0,0.0,NO,1
dbo,BatchHeader,SourceModule,varchar,2.0,,,YES,2
dbo,BatchHeader,CreateOpr,varchar,50.0,,,YES,3
dbo,BatchHeader,CreateDatim,datetime,,,,YES,4
dbo,BatchHeader,UpdateOpr,varchar,50.0,,,YES,5
dbo,BatchHeader,UpdateDatim,datetime,,,,YES,6
dbo,BatchHeader,PlantID,varchar,3.0,,,YES,7
dbo,BatchHeader,TransactionType,varchar,15.0,,,YES,8
dbo,BatchHeader,Status,varchar,1.0,,,YES,9
dbo,BatchHeader,BatchDate,datetime,,,,YES,10
dbo,BatchHeader,Era,int,,10.0,0.0,YES,11
dbo,BatchHeader,PostDate,datetime,,,,YES,12
dbo,BatchHeader,PostOpr,varchar,50.0,,,YES,13
dbo,BatchHeader,TransQty,int,,10.0,0.0,YES,14
dbo,BatchHeader,TransVal,money,,19.0,4.0,YES,15
dbo,BatchHeader,Description,varchar,50.0,,,YES,16
dbo,BatchHeader,Contents,varchar,50.0,,,YES,17
dbo,BatchHeader,ParentModule,varchar,2.0,,,YES,18
dbo,BatchHeader,ParentBatch,int,,10.0,0.0,YES,19
dbo,BatchHeader,Repeat,smallint,,5.0,0.0,YES,20
dbo,BatchHeader,BankCode,varchar,50.0,,,YES,21
dbo,BatchHeader,CBBatch,int,,10.0,0.0,YES,22
dbo,BatchHeader,GLBatch,int,,10.0,0.0,YES,23
dbo,BatchHeader,BatchOpen,smallint,,5.0,0.0,YES,24
dbo,BatchHeader,BatchOpenBy,varchar,50.0,,,YES,25
dbo,BatchHeader,PaymentMethod,varchar,50.0,,,YES,26
dbo,BatchHeader,CurrencyCode,varchar,5.0,,,YES,27
dbo,BatchHeader,ExchangeRate,real,,24.0,,YES,28
dbo,BatchHeader,ReadyToPost,smallint,,5.0,0.0,YES,29
dbo,BWSAConversion,BWSalesAccount,int,,10.0,0.0,NO,1
dbo,BWSAConversion,GLAccount,varchar,50.0,,,YES,2
dbo,BWSAConversion,CreateOpr,varchar,50.0,,,YES,3
dbo,BWSAConversion,CreateDatim,datetime,,,,YES,4
dbo,BWSAConversion,UpdateOpr,varchar,50.0,,,YES,5
dbo,BWSAConversion,Updatedatim,datetime,,,,YES,6
dbo,Calendar,ID,int,,10.0,0.0,NO,1
dbo,Calendar,Name,varchar,50.0,,,YES,2
dbo,Calendar,PlantID,varchar,10.0,,,YES,3
dbo,Calendar,CreatedByUser,varchar,50.0,,,YES,4
dbo,Calendar,LastUpdatedByUser,varchar,50.0,,,YES,5
dbo,Calendar,CreatedDateTime,datetime,,,,YES,6
dbo,Calendar,LastUpdatedDateTime,datetime,,,,YES,7
dbo,Calendar,CreateOpr,varchar,50.0,,,YES,8
dbo,Calendar,CreateDatim,datetime,,,,YES,9
dbo,Calendar,UpdateOpr,varchar,50.0,,,YES,10
dbo,Calendar,Updatedatim,datetime,,,,YES,11
dbo,Calendar,FromModule,smallint,,5.0,0.0,YES,12
dbo,CalendarCostCenter,ID,int,,10.0,0.0,NO,1
dbo,CalendarCostCenter,CalendarID,int,,10.0,0.0,YES,2
dbo,CalendarCostCenter,CostCenterCode,int,,10.0,0.0,YES,3
dbo,CalendarCostCenter,CreatedByUser,varchar,50.0,,,YES,4
dbo,CalendarCostCenter,LastUpdatedByUser,varchar,50.0,,,YES,5
dbo,CalendarCostCenter,CreatedDateTime,datetime,,,,YES,6
dbo,CalendarCostCenter,LastUpdatedDateTime,datetime,,,,YES,7
dbo,CalendarCostCenter,CreateOpr,varchar,50.0,,,YES,8
dbo,CalendarCostCenter,CreateDatim,datetime,,,,YES,9
dbo,CalendarCostCenter,UpdateOpr,varchar,50.0,,,YES,10
dbo,CalendarCostCenter,UpdateDatim,datetime,,,,YES,11
dbo,CalendarItem,ID,int,,10.0,0.0,NO,1
dbo,CalendarItem,CalendarID,int,,10.0,0.0,YES,2
dbo,CalendarItem,Description,varchar,100.0,,,YES,3
dbo,CalendarItem,DownTime,smallint,,5.0,0.0,YES,4
dbo,CalendarItem,UseDateRange,smallint,,5.0,0.0,YES,5
dbo,CalendarItem,StartDate,datetime,,,,YES,6
dbo,CalendarItem,EndDate,datetime,,,,YES,7
dbo,CalendarItem,StartTime,datetime,,,,YES,8
dbo,CalendarItem,EndTime,datetime,,,,YES,9
dbo,CalendarItem,Monday,smallint,,5.0,0.0,YES,10
dbo,CalendarItem,Tuesday,smallint,,5.0,0.0,YES,11
dbo,CalendarItem,Wednesday,smallint,,5.0,0.0,YES,12
dbo,CalendarItem,Thursday,smallint,,5.0,0.0,YES,13
dbo,CalendarItem,Friday,smallint,,5.0,0.0,YES,14
dbo,CalendarItem,Saturday,smallint,,5.0,0.0,YES,15
dbo,CalendarItem,Sunday,smallint,,5.0,0.0,YES,16
dbo,CalendarItem,InActive,smallint,,5.0,0.0,YES,17
dbo,CalendarItem,CreatedByUser,varchar,50.0,,,YES,18
dbo,CalendarItem,LastUpdatedByUser,varchar,50.0,,,YES,19
dbo,CalendarItem,CreatedDateTime,datetime,,,,YES,20
dbo,CalendarItem,LastUpdatedDateTime,datetime,,,,YES,21
dbo,CalendarItem,CreateOpr,varchar,50.0,,,YES,22
dbo,CalendarItem,CreateDatim,datetime,,,,YES,23
dbo,CalendarItem,UpdateOpr,varchar,50.0,,,YES,24
dbo,CalendarItem,Updatedatim,datetime,,,,YES,25
dbo,CBBank,BankCode,varchar,20.0,,,NO,1
dbo,CBBank,CreateOpr,varchar,50.0,,,YES,2
dbo,CBBank,CreateDatim,datetime,,,,YES,3
dbo,CBBank,UpdateOpr,varchar,50.0,,,YES,4
dbo,CBBank,UpdateDatim,datetime,,,,YES,5
dbo,CBBank,Name,varchar,50.0,,,YES,6
dbo,CBBank,AccountNo,varchar,50.0,,,YES,7
dbo,CBBank,Branch,varchar,50.0,,,YES,8
dbo,CBBank,Address,varchar,50.0,,,YES,9
dbo,CBBank,Contact,varchar,50.0,,,YES,10
dbo,CBBank,ODLimit,money,,19.0,4.0,YES,11
dbo,CBBank,GLAccount,varchar,50.0,,,YES,12
dbo,CBBank,APDissection,varchar,20.0,,,YES,13
dbo,CBBank,ARDissection,varchar,20.0,,,YES,14
dbo,CBBank,CurrencyFlag,varchar,1.0,,,YES,15
dbo,CBBank,CurrencyCode,varchar,5.0,,,YES,16
dbo,CBBank,Notes,varchar,2000.0,,,YES,17
dbo,CBBank,City,varchar,50.0,,,YES,18
dbo,CBBank,State,varchar,50.0,,,YES,19
dbo,CBBank,Country,varchar,50.0,,,YES,20
dbo,CBBank,Zip,varchar,50.0,,,YES,21
dbo,CBBank,Phone,varchar,50.0,,,YES,22
dbo,CBBank,Fax,varchar,50.0,,,YES,23
dbo,CBBank,Email,varchar,50.0,,,YES,24
dbo,CBBank,BankName,varchar,50.0,,,YES,25
dbo,CBBank,NextCheckNumber,int,,10.0,0.0,YES,26
dbo,CBBank,AccountInactive,smallint,,5.0,0.0,YES,27
dbo,CBBank,RoutingNo,varchar,50.0,,,YES,28
dbo,CBBank,ODFI,varchar,8.0,,,YES,29
dbo,CBBank,ACHCompanyID,varchar,10.0,,,YES,30
dbo,CBBank,ACHCompanyName,varchar,16.0,,,YES,31
dbo,CBBankBalances,BankCode,varchar,20.0,,,NO,1
dbo,CBBankBalances,CreateOpr,varchar,50.0,,,YES,2
dbo,CBBankBalances,CreateDatim,datetime,,,,YES,3
dbo,CBBankBalances,UpdateOpr,varchar,50.0,,,YES,4
dbo,CBBankBalances,UpdateDatim,datetime,,,,YES,5
dbo,CBBankBalances,StmtDate,datetime,,,,YES,6
dbo,CBBankBalances,StmtPage,varchar,10.0,,,YES,7
dbo,CBBankBalances,OpenBal,money,,19.0,4.0,YES,8
dbo,CBBankBalances,StmtBal,money,,19.0,4.0,YES,9
dbo,CBBankBalances,UnrecRecs,money,,19.0,4.0,YES,10
dbo,CBBankBalances,UnrecPmts,money,,19.0,4.0,YES,11
dbo,CBBankBalances,TotalBal,money,,19.0,4.0,YES,12
dbo,CBBankBalances,OpenBalForeign,money,,19.0,4.0,YES,13
dbo,CBBankBalances,StmtBalForeign,money,,19.0,4.0,YES,14
dbo,CBBankBalances,UnrecRecsForeign,money,,19.0,4.0,YES,15
dbo,CBBankBalances,TotalBalForeign,money,,19.0,4.0,YES,16
dbo,CBBankStatement,BankCode,varchar,20.0,,,NO,1
dbo,CBBankStatement,StmtPage,varchar,10.0,,,NO,2
dbo,CBBankStatement,ClosingDate,datetime,,,,NO,3
dbo,CBBankStatement,CreateOpr,varchar,50.0,,,YES,4
dbo,CBBankStatement,CreateDatim,datetime,,,,YES,5
dbo,CBBankStatement,UpdateOpr,varchar,50.0,,,YES,6
dbo,CBBankStatement,UpdateDatim,datetime,,,,YES,7
dbo,CBBankStatement,OpeningDate,datetime,,,,YES,8
dbo,CBBankStatement,OpeningBalance,money,,19.0,4.0,YES,9
dbo,CBBankStatement,ClosingBalance,money,,19.0,4.0,YES,10
dbo,CBBankStatement,RecOpr,varchar,50.0,,,YES,11
dbo,CBBankStatement,RecDate,datetime,,,,YES,12
dbo,CBBankStatement,Comment,varchar,50.0,,,YES,13
dbo,CBBankStatement,SourceModule,varchar,2.0,,,YES,14
dbo,CBBankStatement,PlantID,varchar,3.0,,,YES,15
dbo,CBBankStatement,TransactionType,varchar,15.0,,,YES,16
dbo,CBBankStatement,Status,varchar,1.0,,,YES,17
dbo,CBBankStatement,BatchDate,datetime,,,,YES,18
dbo,CBBankStatement,Era,int,,10.0,0.0,YES,19
dbo,CBBankStatement,PostDate,datetime,,,,YES,20
dbo,CBBankStatement,PostOpr,varchar,50.0,,,YES,21
dbo,CBBankStatement,TransQty,int,,10.0,0.0,YES,22
dbo,CBBankStatement,TransVal,money,,19.0,4.0,YES,23
dbo,CBBankStatement,Description,varchar,50.0,,,YES,24
dbo,CBBankStatement,Contents,varchar,50.0,,,YES,25
dbo,CBBankStatement,ParentModule,varchar,2.0,,,YES,26
dbo,CBBankStatement,ParentBatch,int,,10.0,0.0,YES,27
dbo,CBBankStatement,Repeat,smallint,,5.0,0.0,YES,28
dbo,CBBankStatement,CBBatch,int,,10.0,0.0,YES,29
dbo,CBBankStatement,GLBatch,int,,10.0,0.0,YES,30
dbo,CBBankStatement,BatchOpen,smallint,,5.0,0.0,YES,31
dbo,CBBankStatement,BatchOpenBy,varchar,50.0,,,YES,32
dbo,CBBatchHeader,BatchID,int,,10.0,0.0,NO,1
dbo,CBBatchHeader,SourceModule,varchar,2.0,,,YES,2
dbo,CBBatchHeader,CreateOpr,varchar,50.0,,,YES,3
dbo,CBBatchHeader,CreateDatim,datetime,,,,YES,4
dbo,CBBatchHeader,UpdateOpr,varchar,50.0,,,YES,5
dbo,CBBatchHeader,UpdateDatim,datetime,,,,YES,6
dbo,CBBatchHeader,PlantID,varchar,3.0,,,YES,7
dbo,CBBatchHeader,TransactionType,varchar,15.0,,,YES,8
dbo,CBBatchHeader,Status,varchar,1.0,,,YES,9
dbo,CBBatchHeader,BatchDate,datetime,,,,YES,10
dbo,CBBatchHeader,Era,int,,10.0,0.0,YES,11
dbo,CBBatchHeader,PostDate,datetime,,,,YES,12
dbo,CBBatchHeader,PostOpr,varchar,50.0,,,YES,13
dbo,CBBatchHeader,TransQty,int,,10.0,0.0,YES,14
dbo,CBBatchHeader,TransVal,money,,19.0,4.0,YES,15
dbo,CBBatchHeader,Description,varchar,50.0,,,YES,16
dbo,CBBatchHeader,Contents,varchar,50.0,,,YES,17
dbo,CBBatchHeader,ParentModule,varchar,2.0,,,YES,18
dbo,CBBatchHeader,ParentBatch,int,,10.0,0.0,YES,19
dbo,CBBatchHeader,Repeat,smallint,,5.0,0.0,YES,20
dbo,CBBatchHeader,BankCode,varchar,50.0,,,YES,21
dbo,CBBatchHeader,CBBatch,int,,10.0,0.0,YES,22
dbo,CBBatchHeader,GLBatch,int,,10.0,0.0,YES,23
dbo,CBBatchHeader,BatchOpen,smallint,,5.0,0.0,YES,24
dbo,CBBatchHeader,BatchOpenBy,varchar,50.0,,,YES,25
dbo,CBDissection,DissCode,varchar,20.0,,,NO,1
dbo,CBDissection,CreateOpr,varchar,50.0,,,YES,2
dbo,CBDissection,CreateDatim,datetime,,,,YES,3
dbo,CBDissection,UpdateOpr,varchar,50.0,,,YES,4
dbo,CBDissection,UpdateDatim,datetime,,,,YES,5
dbo,CBDissection,Description,varchar,50.0,,,YES,6
dbo,CBDissection,GLAccount,varchar,152.0,,,YES,7
dbo,CBDissection,TaxCode,varchar,5.0,,,YES,8
dbo,CBDissection,TaxDissection,varchar,20.0,,,YES,9
dbo,CBDissection,Notes,varchar,2000.0,,,YES,10
dbo,CBSavedRec,ID,int,,10.0,0.0,NO,1
dbo,CBSavedRec,BankCode,varchar,20.0,,,YES,2
dbo,CBSavedRec,ClosingDate,datetime,,,,YES,3
dbo,CBSavedRec,ClosingBalance,money,,19.0,4.0,YES,4
dbo,CBSavedRec,PageNumber,varchar,10.0,,,YES,5
dbo,CBSavedRec,CreateOpr,varchar,50.0,,,YES,6
dbo,CBSavedRec,CreateDatim,datetime,,,,YES,7
dbo,CBSavedRec,UpdateOpr,varchar,50.0,,,YES,8
dbo,CBSavedRec,UpdateDatim,datetime,,,,YES,9
dbo,CBStandards,CompanyID,varchar,50.0,,,NO,1
dbo,CBStandards,CreateOpr,varchar,50.0,,,YES,2
dbo,CBStandards,CreateDatim,datetime,,,,YES,3
dbo,CBStandards,UpdateOpr,varchar,50.0,,,YES,4
dbo,CBStandards,UpdateDatim,datetime,,,,YES,5
dbo,CBStandards,TransPeriod,smallint,,5.0,0.0,YES,6
dbo,CBStandards,SummaryPeriod,smallint,,5.0,0.0,YES,7
dbo,CBStandards,NextBatch,int,,10.0,0.0,YES,8
dbo,CBStandards,CurrentEra,int,,10.0,0.0,YES,9
dbo,CBStandards,CloseOffOpr,varchar,50.0,,,YES,10
dbo,CBStandards,CloseOffDatim,datetime,,,,YES,11
dbo,CBStandards,CloseOffEra,int,,10.0,0.0,YES,12
dbo,CBStandards,BankCode,varchar,20.0,,,YES,13
dbo,CBStandards,ARIntegration,smallint,,5.0,0.0,YES,14
dbo,CBStandards,APIntegration,smallint,,5.0,0.0,YES,15
dbo,CBStandards,EOPOpen,smallint,,5.0,0.0,YES,16
dbo,CBStandards,EOPOpenBy,varchar,50.0,,,YES,17
dbo,CBTransaction,TransactionID,int,,10.0,0.0,NO,1
dbo,CBTransaction,BatchID,int,,10.0,0.0,YES,2
dbo,CBTransaction,CreateOpr,varchar,50.0,,,YES,3
dbo,CBTransaction,CreateDatim,datetime,,,,YES,4
dbo,CBTransaction,UpdateOpr,varchar,50.0,,,YES,5
dbo,CBTransaction,UpdateDatim,datetime,,,,YES,6
dbo,CBTransaction,SourceModule,varchar,2.0,,,YES,7
dbo,CBTransaction,SourceBatch,int,,10.0,0.0,YES,8
dbo,CBTransaction,SourceTran,int,,10.0,0.0,YES,9
dbo,CBTransaction,SourceLine,int,,10.0,0.0,YES,10
dbo,CBTransaction,BankCode,varchar,20.0,,,YES,11
dbo,CBTransaction,Reference,varchar,20.0,,,YES,12
dbo,CBTransaction,Comment,varchar,50.0,,,YES,13
dbo,CBTransaction,TransDate,datetime,,,,YES,14
dbo,CBTransaction,Era,int,,10.0,0.0,YES,15
dbo,CBTransaction,TransType,varchar,7.0,,,YES,16
dbo,CBTransaction,Status,varchar,1.0,,,YES,17
dbo,CBTransaction,StmtPage,varchar,10.0,,,YES,18
dbo,CBTransaction,TransVal,money,,19.0,4.0,YES,19
dbo,CBTransaction,TaxCode,varchar,5.0,,,YES,20
dbo,CBTransaction,CurrencyFlag,varchar,1.0,,,YES,21
dbo,CBTransaction,CurrencyCode,varchar,5.0,,,YES,22
dbo,CBTransaction,ExchangeRate,real,,24.0,,YES,23
dbo,CBTransaction,ValueForeign,money,,19.0,4.0,YES,24
dbo,CBTransaction,DissCode,varchar,20.0,,,YES,25
dbo,CBTransaction,Notes,varchar,2000.0,,,YES,26
dbo,CBTransaction,SelectedForRec,smallint,,5.0,0.0,YES,27
dbo,CBTransaction,PaymentMethod,varchar,50.0,,,YES,28
dbo,CBTransaction,BankTransfer,smallint,,5.0,0.0,YES,29
dbo,CBTransactionLine,TransactionLineID,int,,10.0,0.0,NO,1
dbo,CBTransactionLine,BatchID,int,,10.0,0.0,YES,2
dbo,CBTransactionLine,TransactionID,int,,10.0,0.0,YES,3
dbo,CBTransactionLine,CreateOpr,varchar,50.0,,,YES,4
dbo,CBTransactionLine,CreateDatim,datetime,,,,YES,5
dbo,CBTransactionLine,UpdateOpr,varchar,50.0,,,YES,6
dbo,CBTransactionLine,UpdateDatim,datetime,,,,YES,7
dbo,CBTransactionLine,SourceModule,varchar,2.0,,,YES,8
dbo,CBTransactionLine,SourceBatch,int,,10.0,0.0,YES,9
dbo,CBTransactionLine,SourceTrans,int,,10.0,0.0,YES,10
dbo,CBTransactionLine,SourceLine,int,,10.0,0.0,YES,11
dbo,CBTransactionLine,BankCode,varchar,20.0,,,YES,12
dbo,CBTransactionLine,DissCode,varchar,20.0,,,YES,13
dbo,CBTransactionLine,GLAccount,varchar,152.0,,,YES,14
dbo,CBTransactionLine,Reference,varchar,20.0,,,YES,15
dbo,CBTransactionLine,Comment,varchar,50.0,,,YES,16
dbo,CBTransactionLine,TransDate,datetime,,,,YES,17
dbo,CBTransactionLine,Era,int,,10.0,0.0,YES,18
dbo,CBTransactionLine,TransType,varchar,7.0,,,YES,19
dbo,CBTransactionLine,TransLineVal,money,,19.0,4.0,YES,20
dbo,CBTransactionLine,CurrencyFlag,varchar,1.0,,,YES,21
dbo,CBTransactionLine,CurrencyCode,varchar,5.0,,,YES,22
dbo,CBTransactionLine,ExchangeRate,real,,24.0,,YES,23
dbo,CBTransactionLine,ValueForeign,money,,19.0,4.0,YES,24
dbo,ChargebackCodes,Code,varchar,50.0,,,NO,1
dbo,ChargebackCodes,Description,varchar,50.0,,,YES,2
dbo,ChargebackCodes,StartDate,datetime,,,,YES,3
dbo,ChargebackCodes,EndDate,datetime,,,,YES,4
dbo,ChargebackCodes,EntryDate,datetime,,,,YES,5
dbo,ChargebackCodes,EntryTime,datetime,,,,YES,6
dbo,ChargebackCodes,CreateOpr,varchar,50.0,,,YES,7
dbo,ChargebackCodes,CreateDatim,datetime,,,,YES,8
dbo,ChargebackCodes,UpdateOpr,varchar,50.0,,,YES,9
dbo,ChargebackCodes,Updatedatim,datetime,,,,YES,10
dbo,ChargebackCodes,Inactive,smallint,,5.0,0.0,YES,11
dbo,ChargeBackDistrib,JobNumber,varchar,20.0,,,NO,1
dbo,ChargeBackDistrib,Code,int,,10.0,0.0,NO,2
dbo,ChargeBackDistrib,ChargeBackCode,varchar,50.0,,,YES,3
dbo,ChargeBackDistrib,DistPercent,real,,24.0,,YES,4
dbo,ChargeBackDistrib,DistAmount,money,,19.0,4.0,YES,5
dbo,ChargeBackDistrib,EntryDate,datetime,,,,YES,6
dbo,ChargeBackDistrib,EntryTime,datetime,,,,YES,7
dbo,ChargeBackDistrib,CreateOpr,varchar,50.0,,,YES,8
dbo,ChargeBackDistrib,CreateDatim,datetime,,,,YES,9
dbo,ChargeBackDistrib,UpdateOpr,varchar,50.0,,,YES,10
dbo,ChargeBackDistrib,Updatedatim,datetime,,,,YES,11
dbo,ChargeBackDistrib,Segment1,varchar,50.0,,,YES,12
dbo,ChargeBackDistrib,Segment2,varchar,50.0,,,YES,13
dbo,ChargeBackDistrib,Segment3,varchar,50.0,,,YES,14
dbo,ChargeBackDistrib,Segment4,varchar,50.0,,,YES,15
dbo,ChargeBackDistrib,Segment5,varchar,50.0,,,YES,16
dbo,ChargeBackDistrib,Segment6,varchar,50.0,,,YES,17
dbo,ChargeBackDistrib,Segment7,varchar,50.0,,,YES,18
dbo,ChargeBackDistrib,Segment8,varchar,50.0,,,YES,19
dbo,ChargeBackDistrib,Segment9,varchar,50.0,,,YES,20
dbo,ChargeBackDistrib,Segment10,varchar,50.0,,,YES,21
dbo,ChartHeader,ID,int,,10.0,0.0,NO,1
dbo,ChartHeader,Source,varchar,3.0,,,YES,2
dbo,ChartHeader,Title,varchar,50.0,,,YES,3
dbo,ChartHeader,ChartType,varchar,50.0,,,YES,4
dbo,ChartHeader,Section,varchar,50.0,,,YES,5
dbo,ChartHeader,Category,varchar,50.0,,,YES,6
dbo,ChartHeader,Period,varchar,50.0,,,YES,7
dbo,ChartHeader,OrderIndex,int,,10.0,0.0,YES,8
dbo,ChartHeader,CreateOpr,varchar,50.0,,,YES,9
dbo,ChartHeader,CreateDatim,datetime,,,,YES,10
dbo,ChartHeader,UpdateOpr,varchar,50.0,,,YES,11
dbo,ChartHeader,UpdateDatim,datetime,,,,YES,12
dbo,ChartItem,ID,int,,10.0,0.0,NO,1
dbo,ChartItem,HeaderID,int,,10.0,0.0,YES,2
dbo,ChartItem,OptionName,varchar,50.0,,,YES,3
dbo,ChartItem,OptionValue,varchar,50.0,,,YES,4
dbo,ChartItem,CreateOpr,varchar,50.0,,,YES,5
dbo,ChartItem,CreateDatim,datetime,,,,YES,6
dbo,ChartItem,UpdateOpr,varchar,50.0,,,YES,7
dbo,ChartItem,UpdateDatim,datetime,,,,YES,8
dbo,CheckDigitFormulas,ID,int,,10.0,0.0,NO,1
dbo,CheckDigitFormulas,Code,varchar,5.0,,,NO,2
dbo,CheckDigitFormulas,Description,varchar,50.0,,,YES,3
dbo,CheckDigitFormulas,CustAccount,varchar,50.0,,,YES,4
dbo,CheckDigitFormulas,PlantID,varchar,3.0,,,YES,5
dbo,CheckDigitFormulas,WeightFactorRequired,smallint,,5.0,0.0,YES,6
dbo,CheckDigitFormulas,WeightFactor,real,,24.0,,YES,7
dbo,CheckDigitFormulas,MinimumNo,bigint,,19.0,0.0,YES,8
dbo,CheckDigitFormulas,MaximumNo,bigint,,19.0,0.0,YES,9
dbo,CheckDigitFormulas,Substitute,varchar,10.0,,,YES,10
dbo,CheckDigitFormulas,SubstituteFor,varchar,10.0,,,YES,11
dbo,CheckDigitFormulas,Formula,varchar,100.0,,,YES,12
dbo,CheckDigitFormulas,CreateOpr,varchar,50.0,,,YES,13
dbo,CheckDigitFormulas,CreateDatim,datetime,,,,YES,14
dbo,CheckDigitFormulas,UpdateOpr,varchar,50.0,,,YES,15
dbo,CheckDigitFormulas,UpdateDatim,datetime,,,,YES,16
dbo,Company,CompanyID,varchar,5.0,,,NO,1
dbo,Company,CompanyName,varchar,50.0,,,YES,2
dbo,Company,CompanyAddress1,varchar,50.0,,,YES,3
dbo,Company,CompanyAddress2,varchar,50.0,,,YES,4
dbo,Company,CompanyCity,varchar,50.0,,,YES,5
dbo,Company,CompanyState,varchar,3.0,,,YES,6
dbo,Company,CompanyPhone,varchar,30.0,,,YES,7
dbo,Company,CompanyFax,varchar,30.0,,,YES,8
dbo,Company,CompanyEmail,varchar,100.0,,,YES,9
dbo,Company,EntryDate,datetime,,,,YES,10
dbo,Company,EntryTime,datetime,,,,YES,11
dbo,Company,CompanyZip,varchar,50.0,,,YES,12
dbo,Company,QuoteMessage,varchar,2000.0,,,YES,13
dbo,Company,CompanyAddress3,varchar,50.0,,,YES,14
dbo,Company,CompanyCountry,varchar,50.0,,,YES,15
dbo,Company,CompanyCounty,varchar,50.0,,,YES,16
dbo,Company,MQuoteMessage,text,2147483647.0,,,YES,17
dbo,Company,TaxID,varchar,50.0,,,YES,18
dbo,Company,DefaultSalesCode,varchar,50.0,,,YES,19
dbo,Company,CreateOpr,varchar,50.0,,,YES,20
dbo,Company,CreateDatim,datetime,,,,YES,21
dbo,Company,UpdateOpr,varchar,50.0,,,YES,22
dbo,Company,Updatedatim,datetime,,,,YES,23
dbo,Company,Version,real,,24.0,,YES,24
dbo,Company,Website,varchar,255.0,,,YES,25
dbo,Company,SignatureDisclaimer,varchar,2000.0,,,YES,26
dbo,Company,Build,varchar,50.0,,,YES,27
dbo,Company,ReportImage,image,2147483647.0,,,YES,28
dbo,Company,ReportImagePath,varchar,255.0,,,YES,29
dbo,Company,CRMVersion,varchar,50.0,,,YES,30
dbo,Company,CreditCardWebServiceURL,varchar,255.0,,,YES,31
dbo,Company,CreditCardUserName,varchar,100.0,,,YES,32
dbo,Company,CreditCardPassword,varchar,100.0,,,YES,33
dbo,Company,CreditCardTestMode,smallint,,5.0,0.0,YES,34
dbo,Company,InvoicePrefix,varchar,3.0,,,YES,35
dbo,Company,UserDefined1,varchar,200.0,,,YES,36
dbo,Company,UserDefined2,varchar,200.0,,,YES,37
dbo,Company,UserDefined3,varchar,200.0,,,YES,38
dbo,Company,UserDefined4,varchar,200.0,,,YES,39
dbo,Company,UserDefined5,varchar,200.0,,,YES,40
dbo,CompletionCode,CompletionCode,varchar,5.0,,,NO,1
dbo,CompletionCode,Description,varchar,50.0,,,YES,2
dbo,CompletionCode,EntryDate,datetime,,,,YES,3
dbo,CompletionCode,EntryTime,datetime,,,,YES,4
dbo,CompletionCode,CompletionType,smallint,,5.0,0.0,YES,5
dbo,CompletionCode,CreateOpr,varchar,50.0,,,YES,6
dbo,CompletionCode,CreateDatim,datetime,,,,YES,7
dbo,CompletionCode,UpdateOpr,varchar,50.0,,,YES,8
dbo,CompletionCode,Updatedatim,datetime,,,,YES,9
dbo,Contact,Account,varchar,50.0,,,NO,1
dbo,Contact,ContactName,varchar,50.0,,,NO,2
dbo,Contact,Phone,varchar,30.0,,,YES,3
dbo,Contact,Fax,varchar,30.0,,,YES,4
dbo,Contact,EntryDate,datetime,,,,YES,5
dbo,Contact,EntryTime,datetime,,,,YES,6
dbo,Contact,CellPhone,varchar,30.0,,,YES,7
dbo,Contact,HomePhone,varchar,30.0,,,YES,8
dbo,Contact,Email,varchar,100.0,,,YES,9
dbo,Contact,CreateOpr,varchar,50.0,,,YES,10
dbo,Contact,CreateDatim,datetime,,,,YES,11
dbo,Contact,UpdateOpr,varchar,50.0,,,YES,12
dbo,Contact,Updatedatim,datetime,,,,YES,13
dbo,Contact,JobTitle,varchar,100.0,,,YES,14
dbo,Contact,MNotes,text,2147483647.0,,,YES,15
dbo,Contact,Alias,varchar,50.0,,,YES,16
dbo,Contact,PrintableLoginID,varchar,100.0,,,YES,17
dbo,Contact,NoAutomatedEmails,smallint,,5.0,0.0,YES,18
dbo,Contact,ContactAddress1,varchar,50.0,,,YES,19
dbo,Contact,ContactAddress2,varchar,50.0,,,YES,20
dbo,Contact,ContactAddress3,varchar,50.0,,,YES,21
dbo,Contact,ContactCity,varchar,50.0,,,YES,22
dbo,Contact,ContactCounty,varchar,50.0,,,YES,23
dbo,Contact,ContactCountry,varchar,50.0,,,YES,24
dbo,Contact,ContactZip,varchar,50.0,,,YES,25
dbo,Contact,ContactState,varchar,3.0,,,YES,26
dbo,Contact,FirstName,varchar,50.0,,,YES,27
dbo,Contact,LastName,varchar,50.0,,,YES,28
dbo,Contact,UserDefined1,varchar,100.0,,,YES,29
dbo,Contact,UserDefined2,varchar,100.0,,,YES,30
dbo,Contact,UserDefined3,varchar,100.0,,,YES,31
dbo,Contact,IsInactive,smallint,,5.0,0.0,YES,32
dbo,Contact,ContactLastSurveyDate,datetime,,,,YES,33
dbo,Contact,IsBillingContact,smallint,,5.0,0.0,YES,34
dbo,Contact,DoNotSendSurvey,smallint,,5.0,0.0,YES,35
dbo,Contact,UserDefined4,varchar,100.0,,,YES,36
dbo,Contact,UserDefined5,varchar,100.0,,,YES,37
dbo,Contact,UserDefined6,varchar,100.0,,,YES,38
dbo,Contact,UserDefined7,varchar,100.0,,,YES,39
dbo,Contact,UserDefined8,varchar,100.0,,,YES,40
dbo,Contact,UserDefined9,varchar,100.0,,,YES,41
dbo,Contact,UserDefined10,varchar,100.0,,,YES,42
dbo,Contact,UserDefined11,varchar,100.0,,,YES,43
dbo,Contact,UserDefined12,varchar,100.0,,,YES,44
dbo,Contact,UserDefined13,varchar,100.0,,,YES,45
dbo,Contact,UserDefined14,varchar,100.0,,,YES,46
dbo,Contact,UserDefined15,varchar,100.0,,,YES,47
dbo,Contact,UserDefined16,varchar,100.0,,,YES,48
dbo,Contact,UserDefined17,varchar,100.0,,,YES,49
dbo,Contact,UserDefined18,varchar,100.0,,,YES,50
dbo,Contact,UserDefined19,varchar,100.0,,,YES,51
dbo,Contact,UserDefined20,varchar,100.0,,,YES,52
dbo,Contact,SalesRepCode,varchar,5.0,,,YES,53
dbo,Contact,ID,int,,10.0,0.0,NO,54
dbo,Contact,CreditCardProfileID,varchar,50.0,,,YES,55
dbo,Contact,MDSFTransfer,smallint,,5.0,0.0,NO,56
dbo,CostCenter,CostCenterCode,int,,10.0,0.0,NO,1
dbo,CostCenter,CostCenterType,varchar,2.0,,,YES,2
dbo,CostCenter,CostCenterDescription,varchar,100.0,,,YES,3
dbo,CostCenter,Finishing,bit,,,,YES,4
dbo,CostCenter,DeptCode,smallint,,5.0,0.0,YES,5
dbo,CostCenter,HoursPerDay,real,,24.0,,YES,6
dbo,CostCenter,HoursBuffer,real,,24.0,,YES,7
dbo,CostCenter,HoursMinimum,real,,24.0,,YES,8
dbo,CostCenter,MapCostCenter,int,,10.0,0.0,YES,9
dbo,CostCenter,NormalLoad,bit,,,,YES,10
dbo,CostCenter,AlwaysLoad,bit,,,,YES,11
dbo,CostCenter,NeverLoad,bit,,,,YES,12
dbo,CostCenter,EntryDate,datetime,,,,YES,13
dbo,CostCenter,EntryTime,datetime,,,,YES,14
dbo,CostCenter,LoadByProcess,smallint,,5.0,0.0,YES,15
dbo,CostCenter,GLAccount,varchar,50.0,,,YES,16
dbo,CostCenter,PlantID,varchar,3.0,,,YES,17
dbo,CostCenter,BinderyCostCenter,smallint,,5.0,0.0,YES,18
dbo,CostCenter,CreateOpr,varchar,50.0,,,YES,19
dbo,CostCenter,CreateDatim,datetime,,,,YES,20
dbo,CostCenter,UpdateOpr,varchar,50.0,,,YES,21
dbo,CostCenter,Updatedatim,datetime,,,,YES,22
dbo,CostCenter,DefaultDays,real,,24.0,,YES,23
dbo,CostCenter,DependsOnPrevious,smallint,,5.0,0.0,YES,24
dbo,CostCenter,LaborWIPAccount,varchar,50.0,,,YES,25
dbo,CostCenter,LaborAppliedAccount,varchar,50.0,,,YES,26
dbo,CostCenter,LaborCOSAccount,varchar,50.0,,,YES,27
dbo,CostCenter,LaborExpenseAccount,varchar,50.0,,,YES,28
dbo,CostCenter,RFQDescription,varchar,100.0,,,YES,29
dbo,CostCenter,AutoSchedSaturday,smallint,,5.0,0.0,YES,30
dbo,CostCenter,AutoSchedSunday,smallint,,5.0,0.0,YES,31
dbo,CostCenter,LowCapacity,real,,24.0,,YES,32
dbo,CostCenter,IsInactive,smallint,,5.0,0.0,YES,33
dbo,CostCenter,Concurrent,smallint,,5.0,0.0,YES,34
dbo,CostCenter,ConcurrentNumber,int,,10.0,0.0,YES,35
dbo,CostCenter,ScheduleTimeBreak,real,,24.0,,YES,36
dbo,CostCenter,ImagePath,varchar,100.0,,,YES,37
dbo,CostCenter,HighCapacity,real,,24.0,,YES,38
dbo,CostCenter,DailyCapacityColor,varchar,50.0,,,YES,39
dbo,CostCenter,LowCapacityColor,varchar,50.0,,,YES,40
dbo,CostCenter,HighCapacityColor,varchar,50.0,,,YES,41
dbo,CostCenter,ReloadPercent,real,,24.0,,YES,42
dbo,CostCenter,ScheduleAfterBindAll,smallint,,5.0,0.0,YES,43
dbo,CostCenter,NormalRate,money,,19.0,4.0,YES,44
dbo,CostCenter,DMNormalRate,money,,19.0,4.0,YES,45
dbo,CostCenter,BurdenPercentage,real,,24.0,,YES,46
dbo,CostCenter,ComponentType,varchar,200.0,,,YES,47
dbo,CostCenter,InterfaceToDMI,smallint,,5.0,0.0,YES,48
dbo,CostCenter,DMIAssetID,varchar,50.0,,,YES,49
dbo,CostCenter,AllowJobCostAutoLoad,smallint,,5.0,0.0,YES,50
dbo,CostCenter,CompletionWarning,smallint,,5.0,0.0,YES,51
dbo,CostCenter,GLTUserDefined1,varchar,50.0,,,YES,52
dbo,CostCenter,GLTUserDefined2,varchar,50.0,,,YES,53
dbo,CostCenter,DMIAssetClass,smallint,,5.0,0.0,YES,54
dbo,CostCenter,BucketCCViewColor,varchar,50.0,,,YES,55
dbo,CostCenter,AllowOECompletion,smallint,,5.0,0.0,YES,56
dbo,CostCenter,UseCapacityFromMappedCC,smallint,,5.0,0.0,YES,57
dbo,CostCenterNotes,Code,int,,10.0,0.0,NO,1
dbo,CostCenterNotes,CostCenterCode,int,,10.0,0.0,YES,2
dbo,CostCenterNotes,EntryDate,datetime,,,,YES,3
dbo,CostCenterNotes,EntryTime,datetime,,,,YES,4
dbo,CostCenterNotes,Note,varchar,2000.0,,,YES,5
dbo,CostCenterNotes,CreateOpr,varchar,50.0,,,YES,6
dbo,CostCenterNotes,CreateDatim,datetime,,,,YES,7
dbo,CostCenterNotes,UpdateOpr,varchar,50.0,,,YES,8
dbo,CostCenterNotes,Updatedatim,datetime,,,,YES,9
dbo,CostCenterRC,Code,int,,10.0,0.0,NO,1
dbo,CostCenterRC,CostCenterCode,int,,10.0,0.0,YES,2
dbo,CostCenterRC,ReasonCode,varchar,6.0,,,YES,3
dbo,CostCenterRC,CreateOpr,varchar,50.0,,,YES,4
dbo,CostCenterRC,CreateDatim,datetime,,,,YES,5
dbo,CostCenterRC,UpdateOpr,varchar,50.0,,,YES,6
dbo,CostCenterRC,Updatedatim,datetime,,,,YES,7
dbo,CostCode,CostCode,varchar,5.0,,,NO,1
dbo,CostCode,Description,varchar,50.0,,,YES,2
dbo,CostCode,EntryDate,datetime,,,,YES,3
dbo,CostCode,EntryTime,datetime,,,,YES,4
dbo,CostCode,CostCodeType,smallint,,5.0,0.0,YES,5
dbo,CostCode,PayrollType,smallint,,5.0,0.0,YES,6
dbo,CostCode,CreateOpr,varchar,50.0,,,YES,7
dbo,CostCode,CreateDatim,datetime,,,,YES,8
dbo,CostCode,UpdateOpr,varchar,50.0,,,YES,9
dbo,CostCode,Updatedatim,datetime,,,,YES,10
dbo,CountryCode,Code,varchar,5.0,,,NO,1
dbo,CountryCode,Description,varchar,50.0,,,YES,2
dbo,CountryCode,EntryDate,datetime,,,,YES,3
dbo,CountryCode,EntryTime,datetime,,,,YES,4
dbo,CountryCode,CreateOpr,varchar,50.0,,,YES,5
dbo,CountryCode,CreateDatim,datetime,,,,YES,6
dbo,CountryCode,UpdateOpr,varchar,50.0,,,YES,7
dbo,CountryCode,Updatedatim,datetime,,,,YES,8
dbo,CountryCode,RecordType,varchar,1.0,,,YES,9
dbo,CountryCode,OnLineDescription,varchar,50.0,,,YES,10
dbo,CountryCode,JDFExport,smallint,,5.0,0.0,YES,11
dbo,CountryCode,ConversionRate,real,,24.0,,YES,12
dbo,CountryCode,ComponentType,varchar,20.0,,,YES,13
dbo,CountryCode,TemplateType,smallint,,5.0,0.0,YES,14
dbo,CountryCode,PlantID,varchar,5.0,,,YES,15
dbo,CountryCode,CurrencySymbol,varchar,1.0,,,YES,16
dbo,CountryCode,MerchantID,varchar,50.0,,,YES,17
dbo,CreditCard,ID,int,,10.0,0.0,NO,1
dbo,CreditCard,SourceModule,varchar,50.0,,,YES,2
dbo,CreditCard,KeyCode,varchar,50.0,,,YES,3
dbo,CreditCard,NameOnCard,varchar,255.0,,,YES,4
dbo,CreditCard,CreditCardNumber,varchar,255.0,,,YES,5
dbo,CreditCard,ExpirationDate,varchar,10.0,,,YES,6
dbo,CreditCard,CreditCardID,varchar,10.0,,,YES,7
dbo,CreditCard,Encrypted,smallint,,5.0,0.0,YES,8
dbo,CreditCard,Updatedatim,datetime,,,,YES,9
dbo,CreditCard,UpdateOpr,varchar,50.0,,,YES,10
dbo,CreditCard,Createdatim,datetime,,,,YES,11
dbo,CreditCard,CreateOpr,varchar,50.0,,,YES,12
dbo,CreditCard,AuthorizationCode,varchar,50.0,,,YES,13
dbo,CreditCard,ExpirationMonth,varchar,2.0,,,YES,14
dbo,CreditCard,ExpirationYear,varchar,4.0,,,YES,15
dbo,CreditCard,Address1,varchar,50.0,,,YES,16
dbo,CreditCard,Address2,varchar,50.0,,,YES,17
dbo,CreditCard,Address3,varchar,50.0,,,YES,18
dbo,CreditCard,City,varchar,50.0,,,YES,19
dbo,CreditCard,State,varchar,3.0,,,YES,20
dbo,CreditCard,Zip,varchar,10.0,,,YES,21
dbo,CreditCard,Country,varchar,50.0,,,YES,22
dbo,CreditCard,NickName,varchar,100.0,,,YES,23
dbo,CreditCard,PaymentProfileID,varchar,50.0,,,YES,24
dbo,CreditCard,PrimaryCard,smallint,,5.0,0.0,YES,25
dbo,CreditCardLog,ID,int,,10.0,0.0,NO,1
dbo,CreditCardLog,Module,varchar,50.0,,,YES,2
dbo,CreditCardLog,FunctionCalled,varchar,50.0,,,YES,3
dbo,CreditCardLog,Method,varchar,15.0,,,YES,4
dbo,CreditCardLog,TransactionType,varchar,50.0,,,YES,5
dbo,CreditCardLog,ResponseCode,varchar,15.0,,,YES,6
dbo,CreditCardLog,ResponseSubCode,varchar,50.0,,,YES,7
dbo,CreditCardLog,ResponseReasonCode,varchar,50.0,,,YES,8
dbo,CreditCardLog,ResponseReasonText,varchar,255.0,,,YES,9
dbo,CreditCardLog,AuthorizationCode,varchar,50.0,,,YES,10
dbo,CreditCardLog,AVSResponse,varchar,50.0,,,YES,11
dbo,CreditCardLog,TransactionID,varchar,128.0,,,YES,12
dbo,CreditCardLog,InvoiceNumber,varchar,50.0,,,YES,13
dbo,CreditCardLog,Description,varchar,255.0,,,YES,14
dbo,CreditCardLog,Amount,money,,19.0,4.0,YES,15
dbo,CreditCardLog,CustomerID,varchar,20.0,,,YES,16
dbo,CreditCardLog,FirstName,varchar,50.0,,,YES,17
dbo,CreditCardLog,LastName,varchar,50.0,,,YES,18
dbo,CreditCardLog,Company,varchar,50.0,,,YES,19
dbo,CreditCardLog,Address,varchar,60.0,,,YES,20
dbo,CreditCardLog,City,varchar,40.0,,,YES,21
dbo,CreditCardLog,State,varchar,40.0,,,YES,22
dbo,CreditCardLog,Zip,varchar,20.0,,,YES,23
dbo,CreditCardLog,Country,varchar,60.0,,,YES,24
dbo,CreditCardLog,Phone,varchar,25.0,,,YES,25
dbo,CreditCardLog,Fax,varchar,25.0,,,YES,26
dbo,CreditCardLog,Email,varchar,255.0,,,YES,27
dbo,CreditCardLog,ShipToFirstName,varchar,50.0,,,YES,28
dbo,CreditCardLog,ShipToLastName,varchar,50.0,,,YES,29
dbo,CreditCardLog,ShipToCompany,varchar,50.0,,,YES,30
dbo,CreditCardLog,ShipToAddress,varchar,60.0,,,YES,31
dbo,CreditCardLog,ShipToCity,varchar,40.0,,,YES,32
dbo,CreditCardLog,ShipToState,varchar,40.0,,,YES,33
dbo,CreditCardLog,ShipToZip,varchar,20.0,,,YES,34
dbo,CreditCardLog,ShipToCountry,varchar,60.0,,,YES,35
dbo,CreditCardLog,Tax,money,,19.0,4.0,YES,36
dbo,CreditCardLog,Duty,money,,19.0,4.0,YES,37
dbo,CreditCardLog,Freight,money,,19.0,4.0,YES,38
dbo,CreditCardLog,TaxExempt,smallint,,5.0,0.0,YES,39
dbo,CreditCardLog,PONumber,varchar,25.0,,,YES,40
dbo,CreditCardLog,MD5Hash,varchar,255.0,,,YES,41
dbo,CreditCardLog,CardCodeResponse,varchar,40.0,,,YES,42
dbo,CreditCardLog,CardholderAuthenticationVerificationResponse,varchar,80.0,,,YES,43
dbo,CreditCardLog,AccountNumber,varchar,20.0,,,YES,44
dbo,CreditCardLog,CardType,varchar,20.0,,,YES,45
dbo,CreditCardLog,SplitTenderID,varchar,50.0,,,YES,46
dbo,CreditCardLog,RequestedAmount,money,,19.0,4.0,YES,47
dbo,CreditCardLog,Messages,text,2147483647.0,,,YES,48
dbo,CreditCardLog,CustomerProfileID,bigint,,19.0,0.0,YES,49
dbo,CreditCardLog,PaymentProfileIdList,varchar,1000.0,,,YES,50
dbo,CreditCardLog,ShippingAddressIDList,varchar,1000.0,,,YES,51
dbo,CreditCardLog,CustomerType,varchar,50.0,,,YES,52
dbo,CreditCardLog,CreateOpr,varchar,50.0,,,YES,53
dbo,CreditCardLog,CreateDatim,datetime,,,,YES,54
dbo,CreditCardLog,UpdateOpr,varchar,50.0,,,YES,55
dbo,CreditCardLog,UpdateDatim,datetime,,,,YES,56
dbo,CreditCardSettings,ID,int,,10.0,0.0,NO,1
dbo,CreditCardSettings,DoNotDisplayReceiptField,smallint,,5.0,0.0,YES,2
dbo,CreditCardSettings,AllowedTransactionTypes,varchar,512.0,,,YES,3
dbo,CreditCardSettings,DoNotDisplayTaxExemptField,smallint,,5.0,0.0,YES,4
dbo,CreditCardSettings,Updatedatim,datetime,,,,YES,5
dbo,CreditCardSettings,UpdateOpr,varchar,50.0,,,YES,6
dbo,CreditCardSettings,Createdatim,datetime,,,,YES,7
dbo,CreditCardSettings,CreateOpr,varchar,50.0,,,YES,8
dbo,CRMContact,ID,int,,10.0,0.0,NO,1
dbo,CRMContact,ContactName,varchar,50.0,,,NO,2
dbo,CRMContact,Phone,varchar,30.0,,,YES,3
dbo,CRMContact,Email,varchar,100.0,,,YES,4
dbo,CRMContact,Type,varchar,10.0,,,YES,5
dbo,CRMContact,CreateOpr,varchar,50.0,,,YES,6
dbo,CRMContact,CreateDatim,datetime,,,,YES,7
dbo,CRMContact,UpdateOpr,varchar,50.0,,,YES,8
dbo,CRMContact,Updatedatim,datetime,,,,YES,9
dbo,CRMContact,KeyNumber,varchar,50.0,,,YES,10
dbo,CRMDistributionItems,ID,int,,10.0,0.0,NO,1
dbo,CRMDistributionItems,CRMDistributionListID,int,,10.0,0.0,YES,2
dbo,CRMDistributionItems,SourceTable,varchar,100.0,,,YES,3
dbo,CRMDistributionItems,CustAccount,varchar,50.0,,,YES,4
dbo,CRMDistributionItems,KeyNumber,varchar,50.0,,,YES,5
dbo,CRMDistributionItems,CreateOpr,varchar,50.0,,,YES,6
dbo,CRMDistributionItems,CreateDatim,datetime,,,,YES,7
dbo,CRMDistributionItems,UpdateOpr,varchar,50.0,,,YES,8
dbo,CRMDistributionItems,UpdateDatim,datetime,,,,YES,9
dbo,CRMDistrubutionList,ID,int,,10.0,0.0,NO,1
dbo,CRMDistrubutionList,Description,varchar,255.0,,,YES,2
dbo,CRMDistrubutionList,SourceModule,varchar,20.0,,,YES,3
dbo,CRMDistrubutionList,CreateOpr,varchar,50.0,,,YES,4
dbo,CRMDistrubutionList,CreateDatim,datetime,,,,YES,5
dbo,CRMDistrubutionList,UpdateOpr,varchar,50.0,,,YES,6
dbo,CRMDistrubutionList,UpdateDatim,datetime,,,,YES,7
dbo,CRMEmailAttachment,ID,int,,10.0,0.0,NO,1
dbo,CRMEmailAttachment,CRMEmailID,int,,10.0,0.0,YES,2
dbo,CRMEmailAttachment,FileName,varchar,255.0,,,YES,3
dbo,CRMEmailAttachment,Attachment,image,2147483647.0,,,YES,4
dbo,CRMEmailAttachment,Length,int,,10.0,0.0,YES,5
dbo,CRMEmailAttachment,CreateOpr,varchar,50.0,,,YES,6
dbo,CRMEmailAttachment,CreateDatim,datetime,,,,YES,7
dbo,CRMEmailAttachment,UpdateOpr,varchar,50.0,,,YES,8
dbo,CRMEmailAttachment,UpdateDatim,datetime,,,,YES,9
dbo,CRMEmailTemplate,ID,int,,10.0,0.0,NO,1
dbo,CRMEmailTemplate,Body,text,2147483647.0,,,YES,2
dbo,CRMEmailTemplate,Description,varchar,50.0,,,YES,3
dbo,CRMEmailTemplate,Subject,varchar,255.0,,,YES,4
dbo,CRMEmailTemplate,Access,int,,10.0,0.0,YES,5
dbo,CRMEmailTemplate,CreateOpr,varchar,50.0,,,YES,6
dbo,CRMEmailTemplate,CreateDatim,datetime,,,,YES,7
dbo,CRMEmailTemplate,UpdateOpr,varchar,50.0,,,YES,8
dbo,CRMEmailTemplate,UpdateDatim,datetime,,,,YES,9
dbo,CRMEmailUser,ID,int,,10.0,0.0,NO,1
dbo,CRMEmailUser,EnterpriseLogInName,varchar,50.0,,,YES,2
dbo,CRMEmailUser,EmailLogonName,varchar,100.0,,,YES,3
dbo,CRMEmailUser,EmailDisplayName,varchar,100.0,,,YES,4
dbo,CRMEmailUser,EmailAddress,varchar,100.0,,,YES,5
dbo,CRMEmailUser,NotificationEmailAddress,varchar,100.0,,,YES,6
dbo,CRMEmailUser,AcceptKnownEmailAddressesOnly,smallint,,5.0,0.0,YES,7
dbo,CRMEmailUser,SendOutgoingNotification,smallint,,5.0,0.0,YES,8
dbo,CRMEmailUser,SendIncomingNotification,smallint,,5.0,0.0,YES,9
dbo,CRMEmailUser,IncomingMailServer,varchar,100.0,,,YES,10
dbo,CRMEmailUser,OutgoingMailServer,varchar,100.0,,,YES,11
dbo,CRMEmailUser,EmailPassword,varchar,50.0,,,YES,12
dbo,CRMEmailUser,IncomingPortNumber,int,,10.0,0.0,YES,13
dbo,CRMEmailUser,UseSSL,smallint,,5.0,0.0,YES,14
dbo,CRMEmailUser,UseSPA,smallint,,5.0,0.0,YES,15
dbo,CRMEmailUser,OutgoingEncryption,varchar,5.0,,,YES,16
dbo,CRMEmailUser,ServerTimeout,int,,10.0,0.0,YES,17
dbo,CRMEmailUser,IncomingEncryption,varchar,5.0,,,YES,18
dbo,CRMEmailUser,EmailSignature,varchar,2000.0,,,YES,19
dbo,CRMEmailUser,ViewOtherUsersEmail,smallint,,5.0,0.0,YES,20
dbo,CRMEmailUser,ViewAllUsersEmail,smallint,,5.0,0.0,YES,21
dbo,CRMEmailUser,CreateOpr,varchar,50.0,,,YES,22
dbo,CRMEmailUser,CreateDatim,datetime,,,,YES,23
dbo,CRMEmailUser,UpdateOpr,varchar,50.0,,,YES,24
dbo,CRMEmailUser,UpdateDatim,datetime,,,,YES,25
dbo,CRMEmailUser,OutgoingPortNumber,int,,10.0,0.0,YES,26
dbo,CRMEmailUser,EmailType,int,,10.0,0.0,YES,27
dbo,CRMEmailUser,EncryptPassword,smallint,,5.0,0.0,YES,28
dbo,CRMEmailUser,AnonymousAccess,smallint,,5.0,0.0,YES,29
dbo,CRMEmailUser,AttachmentSizeLimit,int,,10.0,0.0,YES,30
dbo,CRMEvent,ID,int,,10.0,0.0,NO,1
dbo,CRMEvent,ParentEventID,int,,10.0,0.0,YES,2
dbo,CRMEvent,CRMEventID,varchar,100.0,,,YES,3
dbo,CRMEvent,EventCategory,int,,10.0,0.0,YES,4
dbo,CRMEvent,CRMEventType,int,,10.0,0.0,YES,5
dbo,CRMEvent,CustAccount,varchar,50.0,,,YES,6
dbo,CRMEvent,KeyNumber,varchar,50.0,,,YES,7
dbo,CRMEvent,EventContact,varchar,50.0,,,YES,8
dbo,CRMEvent,EventName,varchar,255.0,,,YES,9
dbo,CRMEvent,EventDescription,varchar,2000.0,,,YES,10
dbo,CRMEvent,CreateOpr,varchar,50.0,,,YES,11
dbo,CRMEvent,CreateDatim,datetime,,,,YES,12
dbo,CRMEvent,UpdateOpr,varchar,50.0,,,YES,13
dbo,CRMEvent,UpdateDatim,datetime,,,,YES,14
dbo,CRMEventAssign,ID,int,,10.0,0.0,NO,1
dbo,CRMEventAssign,EventItemID,int,,10.0,0.0,YES,2
dbo,CRMEventAssign,SentTo,varchar,255.0,,,YES,3
dbo,CRMEventAssign,IsTo,smallint,,5.0,0.0,YES,4
dbo,CRMEventAssign,IsCC,smallint,,5.0,0.0,YES,5
dbo,CRMEventAssign,IsBCC,smallint,,5.0,0.0,YES,6
dbo,CRMEventAssign,MsgRead,smallint,,5.0,0.0,YES,7
dbo,CRMEventAssign,CreateOpr,varchar,50.0,,,YES,8
dbo,CRMEventAssign,CreateDatim,datetime,,,,YES,9
dbo,CRMEventAssign,UpdateOpr,varchar,50.0,,,YES,10
dbo,CRMEventAssign,UpdateDatim,datetime,,,,YES,11
dbo,CRMEventItem,ID,int,,10.0,0.0,NO,1
dbo,CRMEventItem,EventID,int,,10.0,0.0,YES,2
dbo,CRMEventItem,ParentEventItemID,int,,10.0,0.0,YES,3
dbo,CRMEventItem,EventType,smallint,,5.0,0.0,YES,4
dbo,CRMEventItem,SentFrom,varchar,255.0,,,YES,5
dbo,CRMEventItem,Subject,varchar,512.0,,,YES,6
dbo,CRMEventItem,Body,text,2147483647.0,,,YES,7
dbo,CRMEventItem,UIDL,varchar,100.0,,,YES,8
dbo,CRMEventItem,Priority,smallint,,5.0,0.0,YES,9
dbo,CRMEventItem,StartDate,datetime,,,,YES,10
dbo,CRMEventItem,EndDate,datetime,,,,YES,11
dbo,CRMEventItem,Status,smallint,,5.0,0.0,YES,12
dbo,CRMEventItem,Recur,smallint,,5.0,0.0,YES,13
dbo,CRMEventItem,CompleteDate,datetime,,,,YES,14
dbo,CRMEventItem,Location,varchar,100.0,,,YES,15
dbo,CRMEventItem,CategoryColor,varchar,50.0,,,YES,16
dbo,CRMEventItem,DisplayTemplate,varchar,50.0,,,YES,17
dbo,CRMEventItem,IsMultiDayOrAllDayEvent,smallint,,5.0,0.0,YES,18
dbo,CRMEventItem,IsRecurringInstance,smallint,,5.0,0.0,YES,19
dbo,CRMEventItem,Locked,smallint,,5.0,0.0,YES,20
dbo,CRMEventItem,RepeatInterval,int,,10.0,0.0,YES,21
dbo,CRMEventItem,RepeatOnDaysOfWeek,int,,10.0,0.0,YES,22
dbo,CRMEventItem,RelativeDayOfWeek,int,,10.0,0.0,YES,23
dbo,CRMEventItem,RepeatOnDayOfMonth,int,,10.0,0.0,YES,24
dbo,CRMEventItem,RepeatOnRelativeDayInMonth,int,,10.0,0.0,YES,25
dbo,CRMEventItem,RangeEndDate,datetime,,,,YES,26
dbo,CRMEventItem,RangeLimitType,int,,10.0,0.0,YES,27
dbo,CRMEventItem,RangeNumberOfOccurrences,int,,10.0,0.0,YES,28
dbo,CRMEventItem,RecurrenceStartDate,datetime,,,,YES,29
dbo,CRMEventItem,RecurrenceType,int,,10.0,0.0,YES,30
dbo,CRMEventItem,RepeatOnMonth,int,,10.0,0.0,YES,31
dbo,CRMEventItem,IsDailyRecurrence,smallint,,5.0,0.0,YES,32
dbo,CRMEventItem,IsMonthlyRecurrence,smallint,,5.0,0.0,YES,33
dbo,CRMEventItem,IsYearlyRecurrence,smallint,,5.0,0.0,YES,34
dbo,CRMEventItem,TimeMarkedAs,varchar,50.0,,,YES,35
dbo,CRMEventItem,TimeZone,int,,10.0,0.0,YES,36
dbo,CRMEventItem,CreateOpr,varchar,50.0,,,YES,37
dbo,CRMEventItem,CreateDatim,datetime,,,,YES,38
dbo,CRMEventItem,UpdateOpr,varchar,50.0,,,YES,39
dbo,CRMEventItem,UpdateDatim,datetime,,,,YES,40
dbo,CRMEventItem,AcknowledgeDate,datetime,,,,YES,41
dbo,CRMEventItem,SnoozeDate,datetime,,,,YES,42
dbo,CRMEventItem,SnoozeItemDate,datetime,,,,YES,43
dbo,CRMEventItem,SentDate,datetime,,,,YES,44
dbo,CRMEventItem,ReminderTime,int,,10.0,0.0,YES,45
dbo,CRMEventItem,UserDefined1,varchar,200.0,,,YES,46
dbo,CRMEventItem,NodePath,varchar,255.0,,,YES,47
dbo,CRMEventItem,HeaderReferences,varchar,255.0,,,YES,48
dbo,CRMEventItem,InReplyTo,varchar,255.0,,,YES,49
dbo,CRMEventItem,MessageID,varchar,255.0,,,YES,50
dbo,CRMEventItem,TextBody,text,2147483647.0,,,YES,51
dbo,CRMEventItem,HTMLBody,text,2147483647.0,,,YES,52
dbo,CRMEventItem,RTFBody,image,2147483647.0,,,YES,53
dbo,CRMEventItem,DmailID,int,,10.0,0.0,YES,54
dbo,CRMEventItem,DmailDescription,varchar,50.0,,,YES,55
dbo,CRMEventItem,DmailUser,varchar,50.0,,,YES,56
dbo,CRMEventItem,DmailScheduleID,int,,10.0,0.0,YES,57
dbo,CRMEventItem,ScheduleID,uniqueidentifier,,,,YES,58
dbo,CRMEventItem,DmailScheduleDescription,varchar,50.0,,,YES,59
dbo,CRMEventItem,DmailData,xml,-1.0,,,YES,60
dbo,CRMEventItem,ErrorMessage,text,2147483647.0,,,YES,61
dbo,CRMEventItem,TemplateID,uniqueidentifier,,,,YES,62
dbo,CRMOutlookFolder,ID,int,,10.0,0.0,NO,1
dbo,CRMOutlookFolder,Path,varchar,512.0,,,YES,2
dbo,CRMOutlookFolder,CreateOpr,varchar,50.0,,,YES,3
dbo,CRMOutlookFolder,CreateDatim,datetime,,,,YES,4
dbo,CRMOutlookFolder,UpdateOpr,varchar,50.0,,,YES,5
dbo,CRMOutlookFolder,Updatedatim,datetime,,,,YES,6
dbo,CRMPreference,ID,int,,10.0,0.0,NO,1
dbo,CRMPreference,Section,varchar,50.0,,,YES,2
dbo,CRMPreference,OptionName,varchar,50.0,,,YES,3
dbo,CRMPreference,ControlName,varchar,50.0,,,YES,4
dbo,CRMPreference,OptionValue,varchar,50.0,,,YES,5
dbo,CRMPreference,CreateOpr,varchar,50.0,,,YES,6
dbo,CRMPreference,CreateDatim,datetime,,,,YES,7
dbo,CRMPreference,UpdateOpr,varchar,50.0,,,YES,8
dbo,CRMPreference,Updatedatim,datetime,,,,YES,9
dbo,CustomComponentType,Description,varchar,50.0,,,NO,1
dbo,CustomComponentType,BaseComponentType,varchar,50.0,,,YES,2
dbo,CustomComponentType,Updatedatim,datetime,,,,YES,3
dbo,CustomComponentType,UpdateOpr,varchar,50.0,,,YES,4
dbo,CustomComponentType,Createdatim,datetime,,,,YES,5
dbo,CustomComponentType,CreateOpr,varchar,50.0,,,YES,6
dbo,CustomComponentType,CustomComponentType,int,,10.0,0.0,YES,7
dbo,Customer,Account,varchar,50.0,,,NO,1
dbo,Customer,CustName,varchar,50.0,,,YES,2
dbo,Customer,Address1,varchar,50.0,,,YES,3
dbo,Customer,Address2,varchar,50.0,,,YES,4
dbo,Customer,City,varchar,50.0,,,YES,5
dbo,Customer,State,varchar,3.0,,,YES,6
dbo,Customer,Zip,varchar,50.0,,,YES,7
dbo,Customer,Phone,varchar,30.0,,,YES,8
dbo,Customer,Fax,varchar,30.0,,,YES,9
dbo,Customer,SalesRepCode,varchar,5.0,,,YES,10
dbo,Customer,ShipViaCode,varchar,5.0,,,YES,11
dbo,Customer,RegionalCode,varchar,10.0,,,YES,12
dbo,Customer,CustomerTypeCode,varchar,5.0,,,YES,13
dbo,Customer,TermsCode,varchar,5.0,,,YES,14
dbo,Customer,Discount,real,,24.0,,YES,15
dbo,Customer,ProductionMarkup,real,,24.0,,YES,16
dbo,Customer,MaterialMarkup,real,,24.0,,YES,17
dbo,Customer,StockMarkup,real,,24.0,,YES,18
dbo,Customer,CreditHoldFlag,smallint,,5.0,0.0,YES,19
dbo,Customer,CreditLimit,money,,19.0,4.0,YES,20
dbo,Customer,CurrentBalance,money,,19.0,4.0,YES,21
dbo,Customer,ExemptNo,varchar,20.0,,,YES,22
dbo,Customer,UserDefined1,varchar,50.0,,,YES,23
dbo,Customer,UserDefined2,varchar,50.0,,,YES,24
dbo,Customer,UserDefined3,varchar,50.0,,,YES,25
dbo,Customer,Email,varchar,100.0,,,YES,26
dbo,Customer,Country,varchar,50.0,,,YES,27
dbo,Customer,SalesAccount,varchar,50.0,,,YES,28
dbo,Customer,SalesSubAccount,varchar,24.0,,,YES,29
dbo,Customer,ContactName,varchar,50.0,,,YES,30
dbo,Customer,TaxCodeA,varchar,5.0,,,YES,31
dbo,Customer,TaxCodeB,varchar,5.0,,,YES,32
dbo,Customer,TaxCodeC,varchar,5.0,,,YES,33
dbo,Customer,TaxCodeD,varchar,5.0,,,YES,34
dbo,Customer,EntryDate,datetime,,,,YES,35
dbo,Customer,EntryTime,datetime,,,,YES,36
dbo,Customer,BillName,varchar,50.0,,,YES,37
dbo,Customer,BillAddress1,varchar,50.0,,,YES,38
dbo,Customer,BillAddress2,varchar,50.0,,,YES,39
dbo,Customer,BillCity,varchar,50.0,,,YES,40
dbo,Customer,BillState,varchar,3.0,,,YES,41
dbo,Customer,BillZip,varchar,50.0,,,YES,42
dbo,Customer,BillPhone,varchar,30.0,,,YES,43
dbo,Customer,BillFax,varchar,30.0,,,YES,44
dbo,Customer,BillContact,varchar,50.0,,,YES,45
dbo,Customer,BillCountry,varchar,50.0,,,YES,46
dbo,Customer,Notes,varchar,2000.0,,,YES,47
dbo,Customer,BillAccount,varchar,50.0,,,YES,48
dbo,Customer,Address3,varchar,50.0,,,YES,49
dbo,Customer,County,varchar,50.0,,,YES,50
dbo,Customer,BillCounty,varchar,50.0,,,YES,51
dbo,Customer,BillAddress3,varchar,50.0,,,YES,52
dbo,Customer,Chargeback,smallint,,5.0,0.0,YES,53
dbo,Customer,Commission,real,,24.0,,YES,54
dbo,Customer,Commission2,real,,24.0,,YES,55
dbo,Customer,SalesRepCode2,varchar,5.0,,,YES,56
dbo,Customer,CustomerOvers,int,,10.0,0.0,YES,57
dbo,Customer,PlantID,varchar,3.0,,,YES,58
dbo,Customer,FreightMarkup,real,,24.0,,YES,59
dbo,Customer,Over30,smallint,,5.0,0.0,YES,60
dbo,Customer,Over60,smallint,,5.0,0.0,YES,61
dbo,Customer,Over90,smallint,,5.0,0.0,YES,62
dbo,Customer,NoCustomerHold,smallint,,5.0,0.0,YES,63
dbo,Customer,CreateOpr,varchar,50.0,,,YES,64
dbo,Customer,CreateDatim,datetime,,,,YES,65
dbo,Customer,UpdateOpr,varchar,50.0,,,YES,66
dbo,Customer,UpdateDatim,datetime,,,,YES,67
dbo,Customer,AccountsContact,varchar,50.0,,,YES,68
dbo,Customer,Status,varchar,1.0,,,YES,69
dbo,Customer,ActiveFlag,smallint,,5.0,0.0,YES,70
dbo,Customer,DeleteFlag,smallint,,5.0,0.0,YES,71
dbo,Customer,StmtAccount,varchar,50.0,,,YES,72
dbo,Customer,PaymentMethod,varchar,50.0,,,YES,73
dbo,Customer,BankName,varchar,35.0,,,YES,74
dbo,Customer,BankBranch,varchar,35.0,,,YES,75
dbo,Customer,BankAccount,varchar,35.0,,,YES,76
dbo,Customer,SeparatePrepress,smallint,,5.0,0.0,YES,77
dbo,Customer,UseDMRate,smallint,,5.0,0.0,YES,78
dbo,Customer,DefaultTaxJurisdiction,varchar,5.0,,,YES,79
dbo,Customer,CSR,varchar,50.0,,,YES,80
dbo,Customer,MNotes,text,2147483647.0,,,YES,81
dbo,Customer,QBListID,varchar,50.0,,,YES,82
dbo,Customer,WebSite,varchar,255.0,,,YES,83
dbo,Customer,JobTicketNotes,varchar,2000.0,,,YES,84
dbo,Customer,MJobTicketNotes,text,2147483647.0,,,YES,85
dbo,Customer,MandatoryPOInvoice,smallint,,5.0,0.0,YES,86
dbo,Customer,TaxByShipping,smallint,,5.0,0.0,YES,87
dbo,Customer,CreditRating,varchar,50.0,,,YES,88
dbo,Customer,CC_Number,varchar,100.0,,,YES,89
dbo,Customer,CC_NameOnCard,varchar,100.0,,,YES,90
dbo,Customer,CC_Expiration,varchar,10.0,,,YES,91
dbo,Customer,StartDate,datetime,,,,YES,92
dbo,Customer,MandatoryPOOrder,smallint,,5.0,0.0,YES,93
dbo,Customer,UseShipServiceMarkup,smallint,,5.0,0.0,YES,94
dbo,Customer,BlanketPO,varchar,50.0,,,YES,95
dbo,Customer,InvoiceDiscount,real,,24.0,,YES,96
dbo,Customer,NoBackorders,smallint,,5.0,0.0,YES,97
dbo,Customer,DefaultHandling,money,,19.0,4.0,YES,98
dbo,Customer,ParentAccount,varchar,50.0,,,YES,99
dbo,Customer,ParentFlag,smallint,,5.0,0.0,YES,100
dbo,Customer,ProfileCode,varchar,5.0,,,YES,101
dbo,Customer,BillingCycle,varchar,20.0,,,YES,102
dbo,Customer,DontBillFreight,smallint,,5.0,0.0,YES,103
dbo,Customer,CustomQuoteFile,varchar,255.0,,,YES,104
dbo,Customer,CustomAcknowledgementFile,varchar,255.0,,,YES,105
dbo,Customer,CustomPackingSlipFile,varchar,255.0,,,YES,106
dbo,Customer,CustomShippingLabelFile,varchar,255.0,,,YES,107
dbo,Customer,ResaleCustomer,smallint,,5.0,0.0,YES,108
dbo,Customer,ApplyFinanceCharges,smallint,,5.0,0.0,YES,109
dbo,Customer,CustomInvoiceFile,varchar,255.0,,,YES,110
dbo,Customer,POWarningOn,smallint,,5.0,0.0,YES,111
dbo,Customer,CustomerFileManagementCustomerFolder,varchar,255.0,,,YES,112
dbo,Customer,FolderShortName,varchar,10.0,,,YES,113
dbo,Customer,CSR2,varchar,50.0,,,YES,114
dbo,Customer,SalesRepCode3,varchar,5.0,,,YES,115
dbo,Customer,SalesRepCode4,varchar,5.0,,,YES,116
dbo,Customer,RoundUpOption1,smallint,,5.0,0.0,YES,117
dbo,Customer,NoPrepayment,smallint,,5.0,0.0,YES,118
dbo,Customer,NoInvoice,smallint,,5.0,0.0,YES,119
dbo,Customer,CreateInvoiceOnPrepayment,smallint,,5.0,0.0,YES,120
dbo,Customer,MarkupTable,varchar,5.0,,,YES,121
dbo,Customer,ThirdPartyBilling,varchar,100.0,,,YES,122
dbo,Customer,AutoAlertNotes,smallint,,5.0,0.0,YES,123
dbo,Customer,CreditLimitThreshhold,int,,10.0,0.0,YES,124
dbo,Customer,BillAddressFromOrderHeader,smallint,,5.0,0.0,YES,125
dbo,Customer,DontBillMaxOvers,smallint,,5.0,0.0,YES,126
dbo,Customer,SchedulePriority,smallint,,5.0,0.0,YES,127
dbo,Customer,ExternalCustomerID1,varchar,100.0,,,YES,128
dbo,Customer,ExternalCustomerID2,varchar,100.0,,,YES,129
dbo,Customer,CustomerPriority,smallint,,5.0,0.0,YES,130
dbo,Customer,UserDefined4,varchar,50.0,,,YES,131
dbo,Customer,UserDefined5,varchar,50.0,,,YES,132
dbo,Customer,UserDefined6,varchar,50.0,,,YES,133
dbo,Customer,CustomJobTicketFile,varchar,255.0,,,YES,134
dbo,Customer,HandlingPerLineItem,money,,19.0,4.0,YES,135
dbo,Customer,AutomateJobCompletion,smallint,,5.0,0.0,YES,136
dbo,Customer,TaxExempt,smallint,,5.0,0.0,YES,137
dbo,Customer,UserDefined7,varchar,200.0,,,YES,138
dbo,Customer,UserDefined8,varchar,200.0,,,YES,139
dbo,Customer,UserDefined9,varchar,200.0,,,YES,140
dbo,Customer,UserDefined10,varchar,200.0,,,YES,141
dbo,Customer,UserDefined11,varchar,200.0,,,YES,142
dbo,Customer,UserDefined12,varchar,200.0,,,YES,143
dbo,Customer,UserDefined13,varchar,200.0,,,YES,144
dbo,Customer,UserDefined14,varchar,200.0,,,YES,145
dbo,Customer,UserDefined15,varchar,200.0,,,YES,146
dbo,Customer,UserDefined16,varchar,200.0,,,YES,147
dbo,Customer,UserDefined17,varchar,200.0,,,YES,148
dbo,Customer,UserDefined18,varchar,200.0,,,YES,149
dbo,Customer,UserDefined19,varchar,200.0,,,YES,150
dbo,Customer,UserDefined20,varchar,200.0,,,YES,151
dbo,Customer,UserDefined21,varchar,200.0,,,YES,152
dbo,Customer,UserDefined22,varchar,200.0,,,YES,153
dbo,Customer,UserDefined23,varchar,200.0,,,YES,154
dbo,Customer,UserDefined24,varchar,200.0,,,YES,155
dbo,Customer,UserDefined25,varchar,200.0,,,YES,156
dbo,Customer,ChargebackCode,varchar,50.0,,,YES,157
dbo,Customer,OSSMarkup,real,,24.0,,YES,158
dbo,Customer,EnterFGByLot,smallint,,5.0,0.0,YES,159
dbo,Customer,CreditCardProfileID,varchar,50.0,,,YES,160
dbo,Customer,SeparateBindery,smallint,,5.0,0.0,YES,161
dbo,Customer,BillEmail,varchar,100.0,,,YES,162
dbo,Customer,NoteUserGroup,varchar,50.0,,,YES,163
dbo,Customer,InvoiceNotes,varchar,2000.0,,,YES,164
dbo,Customer,Residence,smallint,,5.0,0.0,YES,165
dbo,Customer,MandatoryDistPOOrder,smallint,,5.0,0.0,YES,166
dbo,Customer,DistPOWarningOn,smallint,,5.0,0.0,YES,167
dbo,Customer,RollOversIntoTotal,smallint,,5.0,0.0,YES,168
dbo,Customer,CustomerUnders,int,,10.0,0.0,YES,169
dbo,Customer,ContactID,int,,10.0,0.0,YES,170
dbo,Customer,OrderContactID,int,,10.0,0.0,YES,171
dbo,Customer,BillContactID,int,,10.0,0.0,YES,172
dbo,Customer,ShippingNotes,varchar,2000.0,,,YES,173
dbo,Customer,DefaultImagePath,varchar,255.0,,,YES,174
dbo,Customer,ShipViaService,varchar,5.0,,,YES,175
dbo,Customer,CurrencyCode,varchar,5.0,,,YES,176
dbo,Customer,QBOListID,varchar,50.0,,,YES,177
dbo,Customer,InvoiceEmailOption,smallint,,5.0,0.0,YES,178
dbo,Customer,EntityUseCode,varchar,10.0,,,YES,179
dbo,Customer,MDSFTransfer,smallint,,5.0,0.0,NO,180
dbo,CustomerChargebackCode,ID,int,,10.0,0.0,NO,1
dbo,CustomerChargebackCode,CustAccount,varchar,50.0,,,YES,2
dbo,CustomerChargebackCode,ChargebackCode,varchar,50.0,,,YES,3
dbo,CustomerChargebackCode,Updatedatim,datetime,,,,YES,4
dbo,CustomerChargebackCode,UpdateOpr,varchar,50.0,,,YES,5
dbo,CustomerChargebackCode,Createdatim,datetime,,,,YES,6
dbo,CustomerChargebackCode,CreateOpr,varchar,50.0,,,YES,7
dbo,CustomerImage,ImageID,int,,10.0,0.0,NO,1
dbo,CustomerImage,CustAccount,varchar,50.0,,,YES,2
dbo,CustomerImage,CustomerImage,image,2147483647.0,,,YES,3
dbo,CustomerImage,FileName,varchar,256.0,,,YES,4
dbo,CustomerImage,FileType,varchar,50.0,,,YES,5
dbo,CustomerImage,FileSize,int,,10.0,0.0,YES,6
dbo,CustomerImage,Createdatim,datetime,,,,YES,7
dbo,CustomerImage,CreateOpr,varchar,50.0,,,YES,8
dbo,CustomerImage,ImageTypeCode,varchar,5.0,,,YES,9
dbo,CustomerImage,Comments,varchar,2000.0,,,YES,10
dbo,CustomerImage,SourceModule,varchar,2.0,,,YES,11
dbo,CustomerImage,TransactionID,int,,10.0,0.0,YES,12
dbo,CustomerImage,VendorID,varchar,20.0,,,YES,13
dbo,CustomerPricing,ID,int,,10.0,0.0,NO,1
dbo,CustomerPricing,CreateOpr,varchar,50.0,,,YES,2
dbo,CustomerPricing,CreateDatim,datetime,,,,YES,3
dbo,CustomerPricing,UpdateOpr,varchar,50.0,,,YES,4
dbo,CustomerPricing,UpdateDatim,datetime,,,,YES,5
dbo,CustomerPricing,CustAccount,varchar,50.0,,,YES,6
dbo,CustomerPricing,ItemType,varchar,10.0,,,YES,7
dbo,CustomerPricing,ProcessCode,int,,10.0,0.0,YES,8
dbo,CustomerPricing,MaterialCode,varchar,50.0,,,YES,9
dbo,CustomerPricing,KitCode,varchar,50.0,,,YES,10
dbo,CustomerPricing,OriginModule,varchar,20.0,,,YES,11
dbo,CustomerPricing,AIRate,money,,19.0,4.0,YES,12
dbo,CustomerPricing,DMRate,money,,19.0,4.0,YES,13
dbo,CustomerPricing,SeparateMarkup,smallint,,5.0,0.0,YES,14
dbo,CustomerPricing,MarkupPercentage,float,,53.0,,YES,15
dbo,CustomerPricing,Description,varchar,100.0,,,YES,16
dbo,CustomerPricing,UserDefined1,varchar,50.0,,,YES,17
dbo,CustomerPricing,UserDefined2,varchar,50.0,,,YES,18
dbo,CustomerPricing,UserDefined3,varchar,50.0,,,YES,19
dbo,CustomerPricing,UserDefined4,varchar,50.0,,,YES,20
dbo,CustomerPricing,UserDefined5,varchar,50.0,,,YES,21
dbo,CustomerPricing,CustomerTypeCode,varchar,5.0,,,YES,22
dbo,CustomerPricing,Discount,real,,24.0,,YES,23
dbo,CustomerPricing,CustomerItemNumber,varchar,50.0,,,YES,24
dbo,CustomerPricingGrid,ID,int,,10.0,0.0,NO,1
dbo,CustomerPricingGrid,CustomerPricingID,int,,10.0,0.0,YES,2
dbo,CustomerPricingGrid,CreateOpr,varchar,50.0,,,YES,3
dbo,CustomerPricingGrid,CreateDatim,datetime,,,,YES,4
dbo,CustomerPricingGrid,UpdateOpr,varchar,50.0,,,YES,5
dbo,CustomerPricingGrid,UpdateDatim,datetime,,,,YES,6
dbo,CustomerPricingGrid,Quantity,int,,10.0,0.0,YES,7
dbo,CustomerPricingGrid,UnitCost,money,,19.0,4.0,YES,8
dbo,CustomerPricingGrid,FlatCost,money,,19.0,4.0,YES,9
dbo,CustomerPricingGrid,ColorUnitCost,money,,19.0,4.0,YES,10
dbo,CustomerPricingGrid,BlankSheetUnitCost,money,,19.0,4.0,YES,11
dbo,CustomerPricingGrid,UnitPrice,money,,19.0,4.0,YES,12
dbo,CustomerPricingGrid,FixedPrice,money,,19.0,4.0,YES,13
dbo,CustomerPricingGrid,MaxTruckWeight,int,,10.0,0.0,YES,14
dbo,CustomerPricingGrid,Markup,real,,24.0,,YES,15
dbo,CustomerPricingGrid,Markup2,real,,24.0,,YES,16
dbo,CustomerPricingGrid,SideTwoReduction,real,,24.0,,YES,17
dbo,CustomerSalesReport,JobNumber,varchar,20.0,,,NO,1
dbo,CustomerSalesReport,JobDescription,varchar,50.0,,,YES,2
dbo,CustomerSalesReport,CustAccount,varchar,50.0,,,YES,3
dbo,CustomerSalesReport,CustName,varchar,50.0,,,YES,4
dbo,CustomerSalesReport,OrderDate,datetime,,,,YES,5
dbo,CustomerSalesReport,SalesRepCode,varchar,5.0,,,YES,6
dbo,CustomerSalesReport,UserDefined3,varchar,50.0,,,YES,7
dbo,CustomerSalesReport,InvoiceNumber,varchar,20.0,,,YES,8
dbo,CustomerSalesReport,InvoiceDate,datetime,,,,YES,9
dbo,CustomerSalesReport,EstimateNumber,varchar,20.0,,,YES,10
dbo,CustomerSalesReport,ProductionCost,money,,19.0,4.0,YES,11
dbo,CustomerSalesReport,MaterialCost,money,,19.0,4.0,YES,12
dbo,CustomerSalesReport,MaterialPOCost,money,,19.0,4.0,YES,13
dbo,CustomerSalesReport,OSSCost,money,,19.0,4.0,YES,14
dbo,CustomerSalesReport,InvoicePrice,money,,19.0,4.0,YES,15
dbo,CustomerSalesReport,DMProductionCost,money,,19.0,4.0,YES,16
dbo,CustomerSalesReport,CreateOpr,varchar,50.0,,,YES,17
dbo,CustomerSalesReport,CreateDatim,datetime,,,,YES,18
dbo,CustomerSalesReport,UpdateOpr,varchar,50.0,,,YES,19
dbo,CustomerSalesReport,Updatedatim,datetime,,,,YES,20
dbo,CustomerSalesReport,UserDefined5,varchar,50.0,,,YES,21
dbo,CustomerShipTo,ItemNumber,int,,10.0,0.0,NO,1
dbo,CustomerShipTo,Account,varchar,50.0,,,YES,2
dbo,CustomerShipTo,ShipName,varchar,50.0,,,YES,3
dbo,CustomerShipTo,ShipAddress1,varchar,50.0,,,YES,4
dbo,CustomerShipTo,ShipAddress2,varchar,50.0,,,YES,5
dbo,CustomerShipTo,ShipCity,varchar,50.0,,,YES,6
dbo,CustomerShipTo,ShipState,varchar,3.0,,,YES,7
dbo,CustomerShipTo,ShipZip,varchar,50.0,,,YES,8
dbo,CustomerShipTo,ShipContact,varchar,50.0,,,YES,9
dbo,CustomerShipTo,FOB,varchar,20.0,,,YES,10
dbo,CustomerShipTo,EndUserAccount,varchar,20.0,,,YES,11
dbo,CustomerShipTo,EntryDate,datetime,,,,YES,12
dbo,CustomerShipTo,EntryTime,datetime,,,,YES,13
dbo,CustomerShipTo,ShipPhone,varchar,30.0,,,YES,14
dbo,CustomerShipTo,ShipFax,varchar,30.0,,,YES,15
dbo,CustomerShipTo,TaxCodeA,varchar,5.0,,,YES,16
dbo,CustomerShipTo,TaxCodeB,varchar,5.0,,,YES,17
dbo,CustomerShipTo,TaxCodeC,varchar,5.0,,,YES,18
dbo,CustomerShipTo,TaxCodeD,varchar,5.0,,,YES,19
dbo,CustomerShipTo,ShipCountry,varchar,50.0,,,YES,20
dbo,CustomerShipTo,ShipAddress3,varchar,50.0,,,YES,21
dbo,CustomerShipTo,ShipCounty,varchar,50.0,,,YES,22
dbo,CustomerShipTo,Residence,smallint,,5.0,0.0,YES,23
dbo,CustomerShipTo,Email,varchar,100.0,,,YES,24
dbo,CustomerShipTo,CreateOpr,varchar,50.0,,,YES,25
dbo,CustomerShipTo,CreateDatim,datetime,,,,YES,26
dbo,CustomerShipTo,UpdateOpr,varchar,50.0,,,YES,27
dbo,CustomerShipTo,Updatedatim,datetime,,,,YES,28
dbo,CustomerShipTo,DefaultShipVia,varchar,5.0,,,YES,29
dbo,CustomerShipTo,TaxJurisdiction,varchar,5.0,,,YES,30
dbo,CustomerShipTo,ThirdPartyBilling,varchar,100.0,,,YES,31
dbo,CustomerShipTo,DefaultShipService,varchar,5.0,,,YES,32
dbo,CustomerShipTo,Comments,varchar,2000.0,,,YES,33
dbo,CustomerShipTo,Userdefined1,varchar,100.0,,,YES,34
dbo,CustomerShipTo,Userdefined2,varchar,100.0,,,YES,35
dbo,CustomerShipTo,Userdefined3,varchar,100.0,,,YES,36
dbo,CustomerShipTo,Validated,smallint,,5.0,0.0,YES,37
dbo,CustomerShipTo,DaysInTransit,int,,10.0,0.0,YES,38
dbo,CustomerShipTo,RegionalCode,varchar,10.0,,,YES,39
dbo,CustomerShipTo,ShipContactID,int,,10.0,0.0,YES,40
dbo,CustomerShipTo,UserDefined4,varchar,100.0,,,YES,41
dbo,CustomerShipTo,UserDefined5,varchar,100.0,,,YES,42
dbo,CustomerShipTo,UserDefined6,varchar,100.0,,,YES,43
dbo,CustomerShipTo,UserDefined7,varchar,100.0,,,YES,44
dbo,CustomerShipTo,UserDefined8,varchar,100.0,,,YES,45
dbo,CustomerShipTo,InNameOf,varchar,50.0,,,YES,46
dbo,CustomerSubFolder,ID,int,,10.0,0.0,NO,1
dbo,CustomerSubFolder,SubFolderName,varchar,100.0,,,YES,2
dbo,CustomerSubFolder,ParentFolderID,int,,10.0,0.0,YES,3
dbo,CustomerSubFolder,CreateOpr,varchar,50.0,,,YES,4
dbo,CustomerSubFolder,CreateDatim,datetime,,,,YES,5
dbo,CustomerSubFolder,UpdateOpr,varchar,50.0,,,YES,6
dbo,CustomerSubFolder,UpdateDatim,datetime,,,,YES,7
dbo,CustomerType,Code,varchar,5.0,,,NO,1
dbo,CustomerType,Description,varchar,50.0,,,YES,2
dbo,CustomerType,EntryDate,datetime,,,,YES,3
dbo,CustomerType,EntryTime,datetime,,,,YES,4
dbo,CustomerType,CreateOpr,varchar,50.0,,,YES,5
dbo,CustomerType,CreateDatim,datetime,,,,YES,6
dbo,CustomerType,UpdateOpr,varchar,50.0,,,YES,7
dbo,CustomerType,Updatedatim,datetime,,,,YES,8
dbo,CustomerType,RecordType,varchar,1.0,,,YES,9
dbo,CustomerType,OnLineDescription,varchar,50.0,,,YES,10
dbo,CustomerType,JDFExport,smallint,,5.0,0.0,YES,11
dbo,CustomerType,ConversionRate,real,,24.0,,YES,12
dbo,CustomerType,ComponentType,varchar,20.0,,,YES,13
dbo,CustomerType,TemplateType,smallint,,5.0,0.0,YES,14
dbo,CustomerType,PlantID,varchar,5.0,,,YES,15
dbo,CustomerType,CurrencySymbol,varchar,1.0,,,YES,16
dbo,CustomerType,MerchantID,varchar,50.0,,,YES,17
dbo,CustomerType,QuickBooksCode,varchar,50.0,,,YES,18
dbo,CustomerUDFields,ID,int,,10.0,0.0,NO,1
dbo,CustomerUDFields,CustAccount,varchar,50.0,,,YES,2
dbo,CustomerUDFields,ItemNumber,int,,10.0,0.0,YES,3
dbo,CustomerUDFields,FieldLabel,varchar,50.0,,,YES,4
dbo,CustomerUDFields,FieldValue,varchar,200.0,,,YES,5
dbo,CustomerUDFields,CreateOpr,varchar,50.0,,,YES,6
dbo,CustomerUDFields,CreateDatim,datetime,,,,YES,7
dbo,CustomerUDFields,UpdateOpr,varchar,50.0,,,YES,8
dbo,CustomerUDFields,Updatedatim,datetime,,,,YES,9
dbo,CustomFields,CompanyID,varchar,3.0,,,NO,1
dbo,CustomFields,QuoteText1,varchar,50.0,,,YES,2
dbo,CustomFields,QuoteText2,varchar,50.0,,,YES,3
dbo,CustomFields,QuoteText3,varchar,50.0,,,YES,4
dbo,CustomFields,QuoteText4,varchar,50.0,,,YES,5
dbo,CustomFields,QuoteText5,varchar,50.0,,,YES,6
dbo,CustomFields,EntryDate,datetime,,,,YES,7
dbo,CustomFields,EntryTime,datetime,,,,YES,8
dbo,CustomFields,JobPlanningText1,varchar,50.0,,,YES,9
dbo,CustomFields,JobPlanningText2,varchar,50.0,,,YES,10
dbo,CustomFields,JobPlanningText3,varchar,50.0,,,YES,11
dbo,CustomFields,JobPlanningText4,varchar,50.0,,,YES,12
dbo,CustomFields,JobPlanningText5,varchar,50.0,,,YES,13
dbo,CustomFields,JobPlanningText6,varchar,50.0,,,YES,14
dbo,CustomFields,JobPlanningText7,varchar,50.0,,,YES,15
dbo,CustomFields,CreateOpr,varchar,50.0,,,YES,16
dbo,CustomFields,CreateDatim,datetime,,,,YES,17
dbo,CustomFields,UpdateOpr,varchar,50.0,,,YES,18
dbo,CustomFields,Updatedatim,datetime,,,,YES,19
dbo,CustomFields,DigitalComp1,varchar,50.0,,,YES,20
dbo,CustomFields,DigitalComp2,varchar,50.0,,,YES,21
dbo,CustomFields,DigitalComp3,varchar,50.0,,,YES,22
dbo,CustomFields,TaxCodeLabelA,varchar,50.0,,,YES,23
dbo,CustomFields,TaxCodeLabelB,varchar,50.0,,,YES,24
dbo,CustomFields,TaxCodeLabelC,varchar,50.0,,,YES,25
dbo,CustomFields,TaxCodeLabelD,varchar,50.0,,,YES,26
dbo,CustomFields,JobPlanningText8,varchar,50.0,,,YES,27
dbo,CustomFields,JobPlanningText9,varchar,50.0,,,YES,28
dbo,CustomFields,JobPlanningText10,varchar,50.0,,,YES,29
dbo,CustomFields,JobPlanningText11,varchar,50.0,,,YES,30
dbo,CustomFields,JobPlanningText12,varchar,50.0,,,YES,31
dbo,CustomFields,JobPlanningText13,varchar,50.0,,,YES,32
dbo,CustomFields,JobPlanningText14,varchar,50.0,,,YES,33
dbo,CustomFields,DieText1,varchar,50.0,,,YES,34
dbo,CustomFields,DieText2,varchar,50.0,,,YES,35
dbo,CustomFields,DieText3,varchar,50.0,,,YES,36
dbo,CustomFields,DieText4,varchar,50.0,,,YES,37
dbo,CustomFields,DieText5,varchar,50.0,,,YES,38
dbo,CustomFields,DieText6,varchar,50.0,,,YES,39
dbo,CustomFields,DieText7,varchar,50.0,,,YES,40
dbo,CustomFields,DieText8,varchar,50.0,,,YES,41
dbo,CustomFields,DieText9,varchar,50.0,,,YES,42
dbo,CustomFields,DieText10,varchar,50.0,,,YES,43
dbo,CustomReportFile,Code,int,,10.0,0.0,NO,1
dbo,CustomReportFile,ReportType,varchar,10.0,,,NO,2
dbo,CustomReportFile,Description,varchar,50.0,,,YES,3
dbo,CustomReportFile,FileName,varchar,255.0,,,YES,4
dbo,CustomReportFile,EntryDate,datetime,,,,YES,5
dbo,CustomReportFile,EntryTime,datetime,,,,YES,6
dbo,CustomReportFile,CreateOpr,varchar,50.0,,,YES,7
dbo,CustomReportFile,CreateDatim,datetime,,,,YES,8
dbo,CustomReportFile,UpdateOpr,varchar,50.0,,,YES,9
dbo,CustomReportFile,Updatedatim,datetime,,,,YES,10
dbo,CustomUnitOfMeasure,Code,varchar,5.0,,,NO,1
dbo,CustomUnitOfMeasure,Description,varchar,50.0,,,YES,2
dbo,CustomUnitOfMeasure,Dimension,varchar,3.0,,,YES,3
dbo,CustomUnitOfMeasure,Operator,varchar,1.0,,,YES,4
dbo,CustomUnitOfMeasure,OperatorValue,real,,24.0,,YES,5
dbo,CustomUnitOfMeasure,Updatedatim,datetime,,,,YES,6
dbo,CustomUnitOfMeasure,UpdateOpr,varchar,50.0,,,YES,7
dbo,CustomUnitOfMeasure,Createdatim,datetime,,,,YES,8
dbo,CustomUnitOfMeasure,CreateOpr,varchar,50.0,,,YES,9
dbo,CylinderInventory,CylinderCode,varchar,20.0,,,NO,1
dbo,CylinderInventory,Description,varchar,50.0,,,YES,2
dbo,CylinderInventory,LocationCode,varchar,20.0,,,YES,3
dbo,CylinderInventory,VendorID,varchar,20.0,,,YES,4
dbo,CylinderInventory,CylindersOnHand,int,,10.0,0.0,YES,5
dbo,CylinderInventory,CostPerEach,money,,19.0,4.0,YES,6
dbo,CylinderInventory,NumberOfTeeth,smallint,,5.0,0.0,YES,7
dbo,CylinderInventory,Pitch,varchar,20.0,,,YES,8
dbo,CylinderInventory,PlateBacking,real,,24.0,,YES,9
dbo,CylinderInventory,PlateThickness,real,,24.0,,YES,10
dbo,CylinderInventory,KFactor,real,,24.0,,YES,11
dbo,CylinderInventory,PrintDiameter,real,,24.0,,YES,12
dbo,CylinderInventory,ActualDiameter,real,,24.0,,YES,13
dbo,CylinderInventory,Distortion,real,,24.0,,YES,14
dbo,CylinderInventory,Comments,varchar,2000.0,,,YES,15
dbo,CylinderInventory,CreateOpr,varchar,50.0,,,YES,16
dbo,CylinderInventory,CreateDatim,datetime,,,,YES,17
dbo,CylinderInventory,UpdateOpr,varchar,50.0,,,YES,18
dbo,CylinderInventory,Updatedatim,datetime,,,,YES,19
dbo,DBOption,ID,int,,10.0,0.0,NO,1
dbo,DBOption,Section,varchar,50.0,,,YES,2
dbo,DBOption,OptionName,varchar,50.0,,,YES,3
dbo,DBOption,ControlName,varchar,50.0,,,YES,4
dbo,DBOption,OptionValue,varchar,50.0,,,YES,5
dbo,DBOption,PlantID,varchar,100.0,,,YES,6
dbo,DBOption,FieldOne,varchar,100.0,,,YES,7
dbo,DBOption,FieldTwo,varchar,100.0,,,YES,8
dbo,DBOption,FieldThree,varchar,100.0,,,YES,9
dbo,DBOption,FieldFour,varchar,100.0,,,YES,10
dbo,DBOption,FieldFive,varchar,100.0,,,YES,11
dbo,DBOption,CreateOpr,varchar,50.0,,,YES,12
dbo,DBOption,UpdateOpr,varchar,50.0,,,YES,13
dbo,DBOption,CreateDatim,datetime,,,,YES,14
dbo,DBOption,UpdateDatim,datetime,,,,YES,15
dbo,DCHoldCode,ProcessCode,int,,10.0,0.0,NO,1
dbo,DCHoldCode,Description,varchar,1000.0,,,YES,2
dbo,DCHoldCode,CreateOpr,varchar,50.0,,,YES,3
dbo,DCHoldCode,UpdateOpr,varchar,50.0,,,YES,4
dbo,DCHoldCode,CreateDatim,datetime,,,,YES,5
dbo,DCHoldCode,UpdateDatim,datetime,,,,YES,6
dbo,DCTransaction,ID,bigint,,19.0,0.0,NO,1
dbo,DCTransaction,LoginName,varchar,50.0,,,YES,2
dbo,DCTransaction,EmployeeID,int,,10.0,0.0,YES,3
dbo,DCTransaction,DepartmentCode,varchar,5.0,,,YES,4
dbo,DCTransaction,ProductionCode,int,,10.0,0.0,YES,5
dbo,DCTransaction,ProcessScheduleCode,int,,10.0,0.0,YES,6
dbo,DCTransaction,JobNumber,varchar,50.0,,,YES,7
dbo,DCTransaction,CustAccount,varchar,50.0,,,YES,8
dbo,DCTransaction,CustomerName,varchar,50.0,,,YES,9
dbo,DCTransaction,ProcessCode,int,,10.0,0.0,YES,10
dbo,DCTransaction,ComponentNumber,smallint,,5.0,0.0,YES,11
dbo,DCTransaction,JobDescription,varchar,100.0,,,YES,12
dbo,DCTransaction,ComponentDescription,varchar,100.0,,,YES,13
dbo,DCTransaction,ProcessDescription,varchar,1000.0,,,YES,14
dbo,DCTransaction,EmployeeName,varchar,80.0,,,YES,15
dbo,DCTransaction,TransactionState,smallint,,5.0,0.0,YES,16
dbo,DCTransaction,Selected,smallint,,5.0,0.0,YES,17
dbo,DCTransaction,ScheduledHours,real,,24.0,,YES,18
dbo,DCTransaction,StartButtonClicked,datetime,,,,YES,19
dbo,DCTransaction,StopButtonClicked,datetime,,,,YES,20
dbo,DCTransaction,HoldButtonClicked,datetime,,,,YES,21
dbo,DCTransaction,CreateHold,smallint,,5.0,0.0,YES,22
dbo,DCTransaction,HoldProductionCode,int,,10.0,0.0,YES,23
dbo,DCTransaction,HoldProcessCode,int,,10.0,0.0,YES,24
dbo,DCTransaction,HoldProcessDescription,varchar,1000.0,,,YES,25
dbo,DCTransaction,HoldReasonCode,varchar,6.0,,,YES,26
dbo,DCTransaction,HoldComments,varchar,2000.0,,,YES,27
dbo,DCTransaction,RequiresCompletion,smallint,,5.0,0.0,YES,28
dbo,DCTransaction,CreateOpr,varchar,50.0,,,YES,29
dbo,DCTransaction,UpdateOpr,varchar,50.0,,,YES,30
dbo,DCTransaction,CreateDatim,datetime,,,,YES,31
dbo,DCTransaction,UpdateDatim,datetime,,,,YES,32
dbo,DCTransaction,RequiresClockOut,smallint,,5.0,0.0,YES,33
dbo,DCTransaction,GangRunHeaderCode,int,,10.0,0.0,YES,34
dbo,DCTransaction,Concurrent,smallint,,5.0,0.0,YES,35
dbo,DCTransaction,ComponentCount,int,,10.0,0.0,YES,36
dbo,DCTransaction,NextTransactionToStart,bigint,,19.0,0.0,YES,37
dbo,Department,Code,varchar,5.0,,,NO,1
dbo,Department,Description,varchar,50.0,,,YES,2
dbo,Department,LoginProcessCode,int,,10.0,0.0,YES,3
dbo,Department,EntryDate,datetime,,,,YES,4
dbo,Department,EntryTime,datetime,,,,YES,5
dbo,Department,LogoutProcessCode,int,,10.0,0.0,YES,6
dbo,Department,PlantID,varchar,3.0,,,YES,7
dbo,Department,ManagerLogInName,varchar,50.0,,,YES,8
dbo,Department,CreateOpr,varchar,50.0,,,YES,9
dbo,Department,CreateDatim,datetime,,,,YES,10
dbo,Department,UpdateOpr,varchar,50.0,,,YES,11
dbo,Department,Updatedatim,datetime,,,,YES,12
dbo,Department,DepartmentType,varchar,50.0,,,YES,13
dbo,Department,ComponentType,varchar,20.0,,,YES,14
dbo,Department,LocationCode,varchar,20.0,,,YES,15
dbo,DepartmentCostCenter,DepartmentCode,varchar,5.0,,,NO,1
dbo,DepartmentCostCenter,CostCenterCode,int,,10.0,0.0,NO,2
dbo,DepartmentCostCenter,SequenceNumber,int,,10.0,0.0,YES,3
dbo,DepartmentCostCenter,CreateOpr,varchar,50.0,,,YES,4
dbo,DepartmentCostCenter,CreateDatim,datetime,,,,YES,5
dbo,DepartmentCostCenter,UpdateOpr,varchar,50.0,,,YES,6
dbo,DepartmentCostCenter,Updatedatim,datetime,,,,YES,7
dbo,DepartmentEmployee,DepartmentCode,varchar,5.0,,,NO,1
dbo,DepartmentEmployee,EmployeeCode,varchar,5.0,,,NO,2
dbo,DepartmentEmployee,EntryDate,datetime,,,,YES,3
dbo,DepartmentEmployee,EntryTime,datetime,,,,YES,4
dbo,DepartmentEmployee,SequenceNumber,int,,10.0,0.0,YES,5
dbo,DepartmentEmployee,CreateOpr,varchar,50.0,,,YES,6
dbo,DepartmentEmployee,CreateDatim,datetime,,,,YES,7
dbo,DepartmentEmployee,UpdateOpr,varchar,50.0,,,YES,8
dbo,DepartmentEmployee,Updatedatim,datetime,,,,YES,9
dbo,DepartmentManager,DepartmentCode,varchar,5.0,,,NO,1
dbo,DepartmentManager,EmployeeCode,varchar,50.0,,,NO,2
dbo,DepartmentManager,EntryDate,datetime,,,,YES,3
dbo,DepartmentManager,EntryTime,datetime,,,,YES,4
dbo,DepartmentManager,Updatedatim,datetime,,,,YES,5
dbo,DepartmentManager,UpdateOpr,varchar,50.0,,,YES,6
dbo,DepartmentManager,Createdatim,datetime,,,,YES,7
dbo,DepartmentManager,CreateOpr,varchar,50.0,,,YES,8
dbo,DepartmentManager,SequenceNumber,int,,10.0,0.0,YES,9
dbo,DepartmentMaterial,DepartmentCode,varchar,5.0,,,NO,1
dbo,DepartmentMaterial,MaterialCode,varchar,50.0,,,NO,2
dbo,DepartmentMaterial,EntryDate,datetime,,,,YES,3
dbo,DepartmentMaterial,EntryTime,datetime,,,,YES,4
dbo,DepartmentMaterial,SequenceNumber,int,,10.0,0.0,YES,5
dbo,DepartmentMaterial,CreateOpr,varchar,50.0,,,YES,6
dbo,DepartmentMaterial,CreateDatim,datetime,,,,YES,7
dbo,DepartmentMaterial,UpdateOpr,varchar,50.0,,,YES,8
dbo,DepartmentMaterial,Updatedatim,datetime,,,,YES,9
dbo,DepartmentProcess,DepartmentCode,varchar,5.0,,,NO,1
dbo,DepartmentProcess,ProcessCode,int,,10.0,0.0,NO,2
dbo,DepartmentProcess,EntryDate,datetime,,,,YES,3
dbo,DepartmentProcess,EntryTime,datetime,,,,YES,4
dbo,DepartmentProcess,SequenceNumber,int,,10.0,0.0,YES,5
dbo,DepartmentProcess,CreateOpr,varchar,50.0,,,YES,6
dbo,DepartmentProcess,CreateDatim,datetime,,,,YES,7
dbo,DepartmentProcess,UpdateOpr,varchar,50.0,,,YES,8
dbo,DepartmentProcess,Updatedatim,datetime,,,,YES,9
dbo,DesignAssetLocation,ID,int,,10.0,0.0,NO,1
dbo,DesignAssetLocation,NoOfColors,int,,10.0,0.0,YES,2
dbo,DesignAssetLocation,NoOfFlashes,int,,10.0,0.0,YES,3
dbo,DesignAssetLocation,DesignCode,varchar,50.0,,,YES,4
dbo,DesignAssetLocation,Height,real,,24.0,,YES,5
dbo,DesignAssetLocation,Width,real,,24.0,,YES,6
dbo,DesignAssetLocation,Date,datetime,,,,YES,7
dbo,DesignAssetLocation,Initial,varchar,5.0,,,YES,8
dbo,DesignAssetLocation,Comments,varchar,200.0,,,YES,9
dbo,DesignAssetLocation,CreateOpr,varchar,50.0,,,YES,10
dbo,DesignAssetLocation,CreateDatim,datetime,,,,YES,11
dbo,DesignAssetLocation,UpdateOpr,varchar,50.0,,,YES,12
dbo,DesignAssetLocation,UpdateDatim,datetime,,,,YES,13
dbo,DesignAssetLocation,Location,varchar,50.0,,,YES,14
dbo,DesignAssetLocation,DesignCodeID,bigint,,19.0,0.0,YES,15
dbo,DesignAssetRoyalty,ID,int,,10.0,0.0,NO,1
dbo,DesignAssetRoyalty,Percentage,real,,24.0,,YES,2
dbo,DesignAssetRoyalty,FlatAmount,money,,19.0,4.0,YES,3
dbo,DesignAssetRoyalty,LicenseCode,varchar,50.0,,,YES,4
dbo,DesignAssetRoyalty,InstitutionCode1,varchar,50.0,,,YES,5
dbo,DesignAssetRoyalty,InstitutionCode2,varchar,50.0,,,YES,6
dbo,DesignAssetRoyalty,CreateOpr,varchar,50.0,,,YES,7
dbo,DesignAssetRoyalty,CreateDatim,datetime,,,,YES,8
dbo,DesignAssetRoyalty,UpdateOpr,varchar,50.0,,,YES,9
dbo,DesignAssetRoyalty,UpdateDatim,datetime,,,,YES,10
dbo,DesignAssetRoyalty,RoyaltyName,varchar,100.0,,,YES,11
dbo,DesignAssetRoyalty,DesignCodeID,bigint,,19.0,0.0,YES,12
dbo,DesignAssets,ID,int,,10.0,0.0,NO,1
dbo,DesignAssets,DesignType,varchar,50.0,,,YES,2
dbo,DesignAssets,DesignName,varchar,200.0,,,YES,3
dbo,DesignAssets,Height,real,,24.0,,YES,4
dbo,DesignAssets,Width,real,,24.0,,YES,5
dbo,DesignAssets,Artist,varchar,80.0,,,YES,6
dbo,DesignAssets,Status,varchar,30.0,,,YES,7
dbo,DesignAssets,CustAcct,varchar,50.0,,,YES,8
dbo,DesignAssets,VendorID,varchar,20.0,,,YES,9
dbo,DesignAssets,Comments,varchar,2000.0,,,YES,10
dbo,DesignAssets,UserDefined1,varchar,100.0,,,YES,11
dbo,DesignAssets,UserDefined2,varchar,100.0,,,YES,12
dbo,DesignAssets,UserDefined3,varchar,100.0,,,YES,13
dbo,DesignAssets,UserDefined4,varchar,100.0,,,YES,14
dbo,DesignAssets,UserDefined5,varchar,100.0,,,YES,15
dbo,DesignAssets,ParentDesignCode,varchar,50.0,,,YES,16
dbo,DesignAssets,CreateOpr,varchar,50.0,,,YES,17
dbo,DesignAssets,CreateDatim,datetime,,,,YES,18
dbo,DesignAssets,UpdateOpr,varchar,50.0,,,YES,19
dbo,DesignAssets,UpdateDatim,datetime,,,,YES,20
dbo,DesignAssets,DesignCode,varchar,50.0,,,YES,21
dbo,DesignAssetSpecification,ID,int,,10.0,0.0,NO,1
dbo,DesignAssetSpecification,STK,smallint,,5.0,0.0,YES,2
dbo,DesignAssetSpecification,PMS,smallint,,5.0,0.0,YES,3
dbo,DesignAssetSpecification,Colors,varchar,50.0,,,YES,4
dbo,DesignAssetSpecification,Col1,varchar,50.0,,,YES,5
dbo,DesignAssetSpecification,Col2,varchar,50.0,,,YES,6
dbo,DesignAssetSpecification,Col3,varchar,50.0,,,YES,7
dbo,DesignAssetSpecification,Col4,varchar,50.0,,,YES,8
dbo,DesignAssetSpecification,Col5,varchar,50.0,,,YES,9
dbo,DesignAssetSpecification,CreateOpr,varchar,50.0,,,YES,10
dbo,DesignAssetSpecification,CreateDatim,datetime,,,,YES,11
dbo,DesignAssetSpecification,UpdateOpr,varchar,50.0,,,YES,12
dbo,DesignAssetSpecification,UpdateDatim,datetime,,,,YES,13
dbo,DesignAssetSpecification,DesignCodeID,bigint,,19.0,0.0,YES,14
dbo,DesignAssetVariation,ID,int,,10.0,0.0,NO,1
dbo,DesignAssetVariation,Name,varchar,150.0,,,YES,2
dbo,DesignAssetVariation,CreateOpr,varchar,50.0,,,YES,3
dbo,DesignAssetVariation,CreateDatim,datetime,,,,YES,4
dbo,DesignAssetVariation,UpdateOpr,varchar,50.0,,,YES,5
dbo,DesignAssetVariation,UpdateDatim,datetime,,,,YES,6
dbo,DesignAssetVariation,Location,varchar,50.0,,,YES,7
dbo,DesignAssetVariation,DesignCodeID,bigint,,19.0,0.0,YES,8
dbo,DiaryNote,ID,int,,10.0,0.0,NO,1
dbo,DiaryNote,CreateOpr,varchar,50.0,,,YES,2
dbo,DiaryNote,CreateDatim,datetime,,,,YES,3
dbo,DiaryNote,UpdateOpr,varchar,50.0,,,YES,4
dbo,DiaryNote,UpdateDatim,datetime,,,,YES,5
dbo,DiaryNote,JobNumber,varchar,20.0,,,YES,6
dbo,DiaryNote,DiaryNoteType,varchar,20.0,,,YES,7
dbo,DiaryNote,ActionBy,varchar,50.0,,,YES,8
dbo,DiaryNote,ActionModule,varchar,20.0,,,YES,9
dbo,DiaryNote,OriginModule,varchar,20.0,,,YES,10
dbo,DiaryNote,Comments,varchar,2000.0,,,YES,11
dbo,DiaryNote,ActionRequired,smallint,,5.0,0.0,YES,12
dbo,DiaryNote,ActionOnLogin,smallint,,5.0,0.0,YES,13
dbo,DiaryNote,ActionTaken,smallint,,5.0,0.0,YES,14
dbo,DiaryNote,ActionTakenBy,varchar,5.0,,,YES,15
dbo,DiaryNote,CustAccount,varchar,50.0,,,YES,16
dbo,DiaryNote,IsAcknowledged,smallint,,5.0,0.0,YES,17
dbo,DiaryNote,Department,varchar,20.0,,,YES,18
dbo,DiaryNote,AcknowledgedBy,varchar,50.0,,,YES,19
dbo,DiaryNote,ComponentNumber,smallint,,5.0,0.0,YES,20
dbo,DiaryNote,GroupNo,smallint,,5.0,0.0,YES,21
dbo,DiaryNote,ItemNumber,smallint,,5.0,0.0,YES,22
dbo,DiaryNote,EstimateNumber,varchar,20.0,,,YES,23
dbo,DiaryNote,AcknowledgedDate,datetime,,,,YES,24
dbo,DiaryNote,AcknowledgedTime,datetime,,,,YES,25
dbo,DiaryNote,UserDefined1,varchar,50.0,,,YES,26
dbo,DiaryNote,ActionDueDate,datetime,,,,YES,27
dbo,DiaryNote,RFQNumber,varchar,20.0,,,YES,28
dbo,DiaryNote,ContactName,varchar,50.0,,,YES,29
dbo,DiaryNote,TransactionID,int,,10.0,0.0,YES,30
dbo,DiaryNote,FromWeb,smallint,,5.0,0.0,YES,31
dbo,DiaryNoteAlert,ID,int,,10.0,0.0,NO,1
dbo,DiaryNoteAlert,DiaryNoteID,int,,10.0,0.0,YES,2
dbo,DiaryNoteAlert,AlertUser,varchar,50.0,,,YES,3
dbo,DiaryNoteAlert,Updatedatim,datetime,,,,YES,4
dbo,DiaryNoteAlert,UpdateOpr,varchar,50.0,,,YES,5
dbo,DiaryNoteAlert,Createdatim,datetime,,,,YES,6
dbo,DiaryNoteAlert,CreateOpr,varchar,50.0,,,YES,7
dbo,DiaryNoteAlert,Acknowledged,smallint,,5.0,0.0,YES,8
dbo,DiaryNoteAlert,AcknowledgedDate,datetime,,,,YES,9
dbo,DiaryNoteAlert,AcknowledgedTime,datetime,,,,YES,10
dbo,DieImage,ImageID,int,,10.0,0.0,NO,1
dbo,DieImage,DieCode,varchar,50.0,,,YES,2
dbo,DieImage,DieImage,image,2147483647.0,,,YES,3
dbo,DieImage,FileName,varchar,256.0,,,YES,4
dbo,DieImage,FileType,varchar,50.0,,,YES,5
dbo,DieImage,FileSize,int,,10.0,0.0,YES,6
dbo,DieImage,Createdatim,datetime,,,,YES,7
dbo,DieImage,CreateOpr,varchar,50.0,,,YES,8
dbo,DieImage,ImageTypeCode,varchar,5.0,,,YES,9
dbo,DieImage,Comments,varchar,2000.0,,,YES,10
dbo,DieInventory,DieCode,varchar,50.0,,,NO,1
dbo,DieInventory,Liner,varchar,50.0,,,YES,2
dbo,DieInventory,Description,varchar,50.0,,,YES,3
dbo,DieInventory,SizeAround,real,,24.0,,YES,4
dbo,DieInventory,SizeAcross,real,,24.0,,YES,5
dbo,DieInventory,SpaceAround,real,,24.0,,YES,6
dbo,DieInventory,SpaceAcross,real,,24.0,,YES,7
dbo,DieInventory,NumberAround,smallint,,5.0,0.0,YES,8
dbo,DieInventory,NumberAcross,smallint,,5.0,0.0,YES,9
dbo,DieInventory,LocationCode,varchar,20.0,,,YES,10
dbo,DieInventory,Account,varchar,50.0,,,YES,11
dbo,DieInventory,OriginalJobNumber,varchar,20.0,,,YES,12
dbo,DieInventory,VendorID,varchar,20.0,,,YES,13
dbo,DieInventory,RetooledTimes,smallint,,5.0,0.0,YES,14
dbo,DieInventory,RRC,real,,24.0,,YES,15
dbo,DieInventory,DieTeeth,smallint,,5.0,0.0,YES,16
dbo,DieInventory,Tolerance,real,,24.0,,YES,17
dbo,DieInventory,Hardness,varchar,10.0,,,YES,18
dbo,DieInventory,LastRetoolDate,datetime,,,,YES,19
dbo,DieInventory,LastUpdate,datetime,,,,YES,20
dbo,DieInventory,EntryDate,datetime,,,,YES,21
dbo,DieInventory,EntryTime,datetime,,,,YES,22
dbo,DieInventory,CategoryCode,varchar,10.0,,,YES,23
dbo,DieInventory,Comments,varchar,255.0,,,YES,24
dbo,DieInventory,MaxCylinderWidth,real,,24.0,,YES,25
dbo,DieInventory,ImageFileName,varchar,255.0,,,YES,26
dbo,DieInventory,CreateOpr,varchar,50.0,,,YES,27
dbo,DieInventory,CreateDatim,datetime,,,,YES,28
dbo,DieInventory,UpdateOpr,varchar,50.0,,,YES,29
dbo,DieInventory,Updatedatim,datetime,,,,YES,30
dbo,DieInventory,WindowWidth,real,,24.0,,YES,31
dbo,DieInventory,WindowLength,real,,24.0,,YES,32
dbo,DieInventory,WindowLeftPosition,real,,24.0,,YES,33
dbo,DieInventory,WindowBottomPosition,real,,24.0,,YES,34
dbo,DieInventory,FlapSize,real,,24.0,,YES,35
dbo,DieInventory,BackFlapSize,real,,24.0,,YES,36
dbo,DieInventory,WindowShape,varchar,50.0,,,YES,37
dbo,DieInventory,UserDefined1,varchar,50.0,,,YES,38
dbo,DieInventory,UserDefined2,varchar,50.0,,,YES,39
dbo,DieInventory,UserDefined3,varchar,50.0,,,YES,40
dbo,DieInventory,UserDefined4,varchar,50.0,,,YES,41
dbo,DieInventory,UserDefined5,varchar,50.0,,,YES,42
dbo,DieInventory,UserDefined6,varchar,50.0,,,YES,43
dbo,DieInventory,UserDefined7,varchar,50.0,,,YES,44
dbo,DieInventory,UserDefined8,varchar,50.0,,,YES,45
dbo,DieInventory,UserDefined9,varchar,50.0,,,YES,46
dbo,DieInventory,UserDefined10,varchar,50.0,,,YES,47
dbo,DigitalAssetImage,ImageID,int,,10.0,0.0,NO,1
dbo,DigitalAssetImage,DesignCode,varchar,50.0,,,YES,2
dbo,DigitalAssetImage,DesignImage,image,2147483647.0,,,YES,3
dbo,DigitalAssetImage,FileName,varchar,256.0,,,YES,4
dbo,DigitalAssetImage,FileType,varchar,50.0,,,YES,5
dbo,DigitalAssetImage,FileSize,int,,10.0,0.0,YES,6
dbo,DigitalAssetImage,Createdatim,datetime,,,,YES,7
dbo,DigitalAssetImage,CreateOpr,varchar,50.0,,,YES,8
dbo,DigitalAssetImage,ImageTypeCode,varchar,5.0,,,YES,9
dbo,DigitalAssetImage,Comments,varchar,2000.0,,,YES,10
dbo,Dmail,ID,int,,10.0,0.0,NO,1
dbo,Dmail,TemplateID,uniqueidentifier,,,,YES,2
dbo,Dmail,Description,varchar,50.0,,,YES,3
dbo,Dmail,DmailType,int,,10.0,0.0,YES,4
dbo,Dmail,SQLQuery,nvarchar,-1.0,,,YES,5
dbo,Dmail,XMLFile,xml,-1.0,,,YES,6
dbo,Dmail,WordDocument,image,2147483647.0,,,YES,7
dbo,Dmail,CrystalReport,image,2147483647.0,,,YES,8
dbo,Dmail,Subject,xml,-1.0,,,YES,9
dbo,Dmail,ToEmailAddress,xml,-1.0,,,YES,10
dbo,Dmail,FromEmailAddress,xml,-1.0,,,YES,11
dbo,Dmail,CCEmailAddress,xml,-1.0,,,YES,12
dbo,Dmail,BCCEmailAddress,xml,-1.0,,,YES,13
dbo,Dmail,CrystalFields,xml,-1.0,,,YES,14
dbo,Dmail,BodyFields,xml,-1.0,,,YES,15
dbo,Dmail,CreateOpr,varchar,50.0,,,YES,16
dbo,Dmail,CreateDatim,datetime,,,,YES,17
dbo,Dmail,UpdateOpr,varchar,50.0,,,YES,18
dbo,Dmail,Updatedatim,datetime,,,,YES,19
dbo,DmailAccess,ID,int,,10.0,0.0,NO,1
dbo,DmailAccess,LogInName,varchar,50.0,,,YES,2
dbo,DmailAccess,DmailID,int,,10.0,0.0,YES,3
dbo,DmailAccess,DmailType,int,,10.0,0.0,YES,4
dbo,DmailAccess,DmailDescription,varchar,50.0,,,YES,5
dbo,DmailAccess,CreateOpr,varchar,50.0,,,YES,6
dbo,DmailAccess,CreateDatim,datetime,,,,YES,7
dbo,DmailAccess,UpdateOpr,varchar,50.0,,,YES,8
dbo,DmailAccess,Updatedatim,datetime,,,,YES,9
dbo,DmailOptions,LogInName,varchar,50.0,,,NO,1
dbo,DmailOptions,Default,bit,,,,YES,2
dbo,DmailOptions,EmailServer,varchar,255.0,,,YES,3
dbo,DmailOptions,EmailUsername,varchar,255.0,,,YES,4
dbo,DmailOptions,EmailPassword,varchar,50.0,,,YES,5
dbo,DmailOptions,Port,int,,10.0,0.0,YES,6
dbo,DmailOptions,Timeout,int,,10.0,0.0,YES,7
dbo,DmailOptions,NumberOfEmailsPerEvent,int,,10.0,0.0,YES,8
dbo,DmailOptions,NumberOfEmailsPerBatch,int,,10.0,0.0,YES,9
dbo,DmailOptions,IntervalBetweenBatches,int,,10.0,0.0,YES,10
dbo,DmailOptions,SecondsBetweenEmails,int,,10.0,0.0,YES,11
dbo,DmailOptions,AuthenticationType,int,,10.0,0.0,YES,12
dbo,DmailOptions,AnonymousAccess,bit,,,,YES,13
dbo,DmailOptions,DmailAdministrator,varchar,255.0,,,YES,14
dbo,DmailOptions,BCCAdminEmails,bit,,,,YES,15
dbo,DmailOptions,ReturnReceiptRequested,bit,,,,YES,16
dbo,DmailOptions,PlainTextOnly,bit,,,,YES,17
dbo,DmailOptions,EmailTemplatePath,varchar,255.0,,,YES,18
dbo,DmailOptions,CreateOpr,varchar,50.0,,,YES,19
dbo,DmailOptions,CreateDatim,datetime,,,,YES,20
dbo,DmailOptions,UpdateOpr,varchar,50.0,,,YES,21
dbo,DmailOptions,Updatedatim,datetime,,,,YES,22
dbo,DmailSchedule,ID,int,,10.0,0.0,NO,1
dbo,DmailSchedule,LogInName,varchar,50.0,,,YES,2
dbo,DmailSchedule,Description,varchar,100.0,,,YES,3
dbo,DmailSchedule,Interval,int,,10.0,0.0,YES,4
dbo,DmailSchedule,DmailID,int,,10.0,0.0,YES,5
dbo,DmailSchedule,StartDate,datetime,,,,YES,6
dbo,DmailSchedule,TimeToRun,datetime,,,,YES,7
dbo,DmailSchedule,OneTimeOnly,bit,,,,YES,8
dbo,DmailSchedule,DayAsString,varchar,10.0,,,YES,9
dbo,DmailSchedule,DayAsNumber,smallint,,5.0,0.0,YES,10
dbo,DmailSchedule,RunEveryNthDay,smallint,,5.0,0.0,YES,11
dbo,DmailSchedule,RunSunday,bit,,,,YES,12
dbo,DmailSchedule,RunMonday,bit,,,,YES,13
dbo,DmailSchedule,RunTuesday,bit,,,,YES,14
dbo,DmailSchedule,RunWednesday,bit,,,,YES,15
dbo,DmailSchedule,RunThursday,bit,,,,YES,16
dbo,DmailSchedule,RunFriday,bit,,,,YES,17
dbo,DmailSchedule,RunSaturday,bit,,,,YES,18
dbo,DmailSchedule,RunJanuary,bit,,,,YES,19
dbo,DmailSchedule,RunFebruary,bit,,,,YES,20
dbo,DmailSchedule,RunMarch,bit,,,,YES,21
dbo,DmailSchedule,RunApril,bit,,,,YES,22
dbo,DmailSchedule,RunMay,bit,,,,YES,23
dbo,DmailSchedule,RunJune,bit,,,,YES,24
dbo,DmailSchedule,RunJuly,bit,,,,YES,25
dbo,DmailSchedule,RunAugust,bit,,,,YES,26
dbo,DmailSchedule,RunSeptember,bit,,,,YES,27
dbo,DmailSchedule,RunOctober,bit,,,,YES,28
dbo,DmailSchedule,RunNovember,bit,,,,YES,29
dbo,DmailSchedule,RunDecember,bit,,,,YES,30
dbo,DmailSchedule,RunDayOfMonth,smallint,,5.0,0.0,YES,31
dbo,DmailSchedule,RunWeekOfMonth,smallint,,5.0,0.0,YES,32
dbo,DmailSchedule,Minutes,smallint,,5.0,0.0,YES,33
dbo,DmailSchedule,ParameterList,xml,-1.0,,,YES,34
dbo,DmailSchedule,ScheduleID,uniqueidentifier,,,,YES,35
dbo,DmailSchedule,TemplateID,uniqueidentifier,,,,YES,36
dbo,DmailSchedule,CreateOpr,varchar,50.0,,,YES,37
dbo,DmailSchedule,CreateDatim,datetime,,,,YES,38
dbo,DmailSchedule,UpdateOpr,varchar,50.0,,,YES,39
dbo,DmailSchedule,Updatedatim,datetime,,,,YES,40
dbo,dtproperties,ID,int,,10.0,0.0,NO,1
dbo,dtproperties,property,varchar,64.0,,,NO,2
dbo,dtproperties,objectid,int,,10.0,0.0,YES,3
dbo,dtproperties,value,varchar,255.0,,,YES,4
dbo,dtproperties,lvalue,image,2147483647.0,,,YES,5
dbo,dtproperties,version,int,,10.0,0.0,YES,6
dbo,dtproperties,uvalue,nvarchar,255.0,,,YES,7
dbo,dtproperties,CreateOpr,varchar,50.0,,,YES,8
dbo,dtproperties,CreateDatim,datetime,,,,YES,9
dbo,dtproperties,UpdateOpr,varchar,50.0,,,YES,10
dbo,dtproperties,Updatedatim,datetime,,,,YES,11
dbo,EflowConfiguration,CompanyID,varchar,5.0,,,NO,1
dbo,EflowConfiguration,EFlowHostName,varchar,50.0,,,YES,2
dbo,EflowConfiguration,EFlowPort,int,,10.0,0.0,YES,3
dbo,EflowConfiguration,PollingIntervalInSeconds,int,,10.0,0.0,YES,4
dbo,EflowConfiguration,LogFolder,varchar,255.0,,,YES,5
dbo,EflowConfiguration,LogFilename,varchar,255.0,,,YES,6
dbo,EflowConfiguration,ClientId,varchar,255.0,,,YES,7
dbo,EflowConfiguration,EPMSClientId,varchar,255.0,,,YES,8
dbo,EflowConfiguration,eFlowInstanceID,varchar,255.0,,,YES,9
dbo,EflowConfiguration,eFlowInstanceName,varchar,255.0,,,YES,10
dbo,EflowConfiguration,eFlowSubscriptionID,varchar,255.0,,,YES,11
dbo,EflowConfiguration,ClientName,varchar,50.0,,,YES,12
dbo,EflowConfiguration,EPMSClientName,varchar,50.0,,,YES,13
dbo,EflowConfiguration,Sender,varchar,50.0,,,YES,14
dbo,EflowConfiguration,TestMode,bit,,,,YES,15
dbo,EflowConfiguration,CreateOpr,varchar,50.0,,,YES,16
dbo,EflowConfiguration,CreateDatim,datetime,,,,YES,17
dbo,EflowConfiguration,UpdateOpr,varchar,50.0,,,YES,18
dbo,EflowConfiguration,Updatedatim,datetime,,,,YES,19
dbo,EflowConfiguration,eFlowConnectID,varchar,255.0,,,YES,20
dbo,EflowConfiguration,ContactOption,bit,,,,YES,21
dbo,EflowConfiguration,CustomerSyncUDF,int,,10.0,0.0,YES,22
dbo,EflowConfiguration,MaterialDescriptionIndicator,varchar,50.0,,,YES,23
dbo,EflowConfiguration,MaterialSyncUDF,int,,10.0,0.0,YES,24
dbo,EflowConfiguration,CustomerDescriptionIndicator,varchar,50.0,,,YES,25
dbo,EflowConfiguration,MaterialLastRunDate,datetime,,,,YES,26
dbo,EflowConfiguration,CustomerLastRunDate,datetime,,,,YES,27
dbo,EflowConfiguration,ProductLastRunDate,datetime,,,,YES,28
dbo,EflowConfiguration,ShipMethodLastRunDate,datetime,,,,YES,29
dbo,EflowConfiguration,UseCentralEflow,bit,,,,YES,30
dbo,EflowConfiguration,ContactDescriptionIndicator,varchar,50.0,,,YES,31
dbo,EflowConfiguration,ContactSyncUDF,int,,10.0,0.0,YES,32
dbo,EflowMessage,ID,bigint,,19.0,0.0,NO,1
dbo,EflowMessage,Address,xml,-1.0,,,YES,2
dbo,EflowMessage,BODID,varchar,50.0,,,YES,3
dbo,EflowMessage,ClientID,varchar,50.0,,,YES,4
dbo,EflowMessage,CorrelationId,varchar,50.0,,,YES,5
dbo,EflowMessage,Destination,varchar,100.0,,,YES,6
dbo,EflowMessage,Durable,bit,,,,YES,7
dbo,EflowMessage,ErrorMsg,varchar,255.0,,,YES,8
dbo,EflowMessage,Expiry,bigint,,19.0,0.0,YES,9
dbo,EflowMessage,isError,bit,,,,YES,10
dbo,EflowMessage,Payload,xml,-1.0,,,YES,11
dbo,EflowMessage,Properties,xml,-1.0,,,YES,12
dbo,EflowMessage,Remote,varchar,255.0,,,YES,13
dbo,EflowMessage,Sender,varchar,255.0,,,YES,14
dbo,EflowMessage,CreateOpr,varchar,50.0,,,YES,15
dbo,EflowMessage,CreateDatim,datetime,,,,YES,16
dbo,EflowMessage,UpdateOpr,varchar,50.0,,,YES,17
dbo,EflowMessage,Updatedatim,datetime,,,,YES,18
dbo,EflowMessage,Incoming,bit,,,,YES,19
dbo,Employee,Code,varchar,5.0,,,NO,1
dbo,Employee,EmployeeType,varchar,10.0,,,NO,2
dbo,Employee,EmployeeName,varchar,80.0,,,YES,3
dbo,Employee,TimeMethod,smallint,,5.0,0.0,YES,4
dbo,Employee,DepartmentCode,varchar,5.0,,,YES,5
dbo,Employee,EntryDate,datetime,,,,YES,6
dbo,Employee,EntryTime,datetime,,,,YES,7
dbo,Employee,NormalWage,money,,19.0,4.0,YES,8
dbo,Employee,OvertimeWage,money,,19.0,4.0,YES,9
dbo,Employee,DoubleTimeWage,money,,19.0,4.0,YES,10
dbo,Employee,OvertimeBasis,real,,24.0,,YES,11
dbo,Employee,DoubleTimeBasis,real,,24.0,,YES,12
dbo,Employee,HelperCode,int,,10.0,0.0,YES,13
dbo,Employee,Phone,varchar,30.0,,,YES,14
dbo,Employee,MobilePhone,varchar,30.0,,,YES,15
dbo,Employee,MobilePhoneProvider,varchar,50.0,,,YES,16
dbo,Employee,Email,varchar,100.0,,,YES,17
dbo,Employee,DefaultShiftNumber,smallint,,5.0,0.0,YES,18
dbo,Employee,LastShiftDate,datetime,,,,YES,19
dbo,Employee,LastShiftNumber,smallint,,5.0,0.0,YES,20
dbo,Employee,TimeZoneAdjust,real,,24.0,,YES,21
dbo,Employee,EmployeeInactive,smallint,,5.0,0.0,YES,22
dbo,Employee,TeamLeader,smallint,,5.0,0.0,YES,23
dbo,Employee,EmpAddress1,varchar,50.0,,,YES,24
dbo,Employee,EmpAddress2,varchar,50.0,,,YES,25
dbo,Employee,EmpAddress3,varchar,50.0,,,YES,26
dbo,Employee,EmpCity,varchar,50.0,,,YES,27
dbo,Employee,EmpState,varchar,3.0,,,YES,28
dbo,Employee,EmpZip,varchar,10.0,,,YES,29
dbo,Employee,EmpCountry,varchar,50.0,,,YES,30
dbo,Employee,SocialSecurity,varchar,11.0,,,YES,31
dbo,Employee,EmploymentStartDate,datetime,,,,YES,32
dbo,Employee,EmploymentEndDate,datetime,,,,YES,33
dbo,Employee,LogInName,varchar,50.0,,,YES,34
dbo,Employee,POAgent,smallint,,5.0,0.0,YES,35
dbo,Employee,CreateOpr,varchar,50.0,,,YES,36
dbo,Employee,CreateDatim,datetime,,,,YES,37
dbo,Employee,UpdateOpr,varchar,50.0,,,YES,38
dbo,Employee,Updatedatim,datetime,,,,YES,39
dbo,Employee,PlantID,varchar,3.0,,,YES,40
dbo,Employee,FirstName,varchar,50.0,,,YES,41
dbo,Employee,LastName,varchar,50.0,,,YES,42
dbo,Employee,POLimit,money,,19.0,4.0,YES,43
dbo,Employee,CSR,smallint,,5.0,0.0,YES,44
dbo,Employee,Estimator,smallint,,5.0,0.0,YES,45
dbo,Employee,ShopFloor,smallint,,5.0,0.0,YES,46
dbo,Employee,ID,int,,10.0,0.0,NO,47
dbo,Employee,UseEmployeeShiftTable,smallint,,5.0,0.0,YES,48
dbo,Employee,MondayStart,datetime,,,,YES,49
dbo,Employee,MondayEnd,datetime,,,,YES,50
dbo,Employee,TuesdayStart,datetime,,,,YES,51
dbo,Employee,TuesdayEnd,datetime,,,,YES,52
dbo,Employee,WednesdayStart,datetime,,,,YES,53
dbo,Employee,WednesdayEnd,datetime,,,,YES,54
dbo,Employee,ThursdayStart,datetime,,,,YES,55
dbo,Employee,ThursdayEnd,datetime,,,,YES,56
dbo,Employee,FridayStart,datetime,,,,YES,57
dbo,Employee,FridayEnd,datetime,,,,YES,58
dbo,Employee,SaturdayStart,datetime,,,,YES,59
dbo,Employee,SaturdayEnd,datetime,,,,YES,60
dbo,Employee,SundayStart,datetime,,,,YES,61
dbo,Employee,SundayEnd,datetime,,,,YES,62
dbo,Employee,ShopFloorPassword,varchar,50.0,,,YES,63
dbo,Employee,EstimateLimit,money,,19.0,4.0,YES,64
dbo,Employee,POHoldOption,smallint,,5.0,0.0,YES,65
dbo,EPMSBarcode,ID,int,,10.0,0.0,NO,1
dbo,EPMSBarcode,AutoNum,int,,10.0,0.0,NO,2
dbo,EPMSBarcode,TransactionType,int,,10.0,0.0,NO,3
dbo,EPMSBarcode,MaterialCode,varchar,50.0,,,YES,4
dbo,EPMSBarcode,LocationCode,varchar,50.0,,,YES,5
dbo,EPMSBarcode,Quantity,real,,24.0,,NO,6
dbo,EPMSBarcode,JobNumber,varchar,50.0,,,YES,7
dbo,EPMSBarcode,ComponentNumber,int,,10.0,0.0,NO,8
dbo,EPMSBarcode,ToLocationCode,varchar,50.0,,,YES,9
dbo,EPMSBarcode,RollID,varchar,100.0,,,YES,10
dbo,EPMSBarcode,Imported,smallint,,5.0,0.0,NO,11
dbo,EPMSBarcode,CreateOpr,varchar,50.0,,,YES,12
dbo,EPMSBarcode,CreateDatim,datetime,,,,NO,13
dbo,EPMSBarcode,UpdateOpr,varchar,50.0,,,YES,14
dbo,EPMSBarcode,UpdateDatim,datetime,,,,YES,15
dbo,EPMSBarcode,ToRollID,varchar,100.0,,,YES,16
dbo,EPMSBarcode,FromRollID,varchar,100.0,,,YES,17
dbo,ErrorLog,ID,int,,10.0,0.0,NO,1
dbo,ErrorLog,ErrorCode,varchar,255.0,,,YES,2
dbo,ErrorLog,ErrorDescription,varchar,255.0,,,YES,3
dbo,ErrorLog,ProcedureName,varchar,255.0,,,YES,4
dbo,ErrorLog,EntryTime,datetime,,,,YES,5
dbo,ErrorLog,EntryDate,datetime,,,,YES,6
dbo,ErrorLog,Comments,varchar,255.0,,,YES,7
dbo,ErrorLog,CreateOpr,varchar,50.0,,,YES,8
dbo,ErrorLog,CreateDatim,datetime,,,,YES,9
dbo,ErrorLog,UpdateOpr,varchar,50.0,,,YES,10
dbo,ErrorLog,Updatedatim,datetime,,,,YES,11
dbo,EstimateCombineQuote,EstimateNumber,varchar,20.0,,,NO,1
dbo,EstimateCombineQuote,JobNumber,varchar,20.0,,,YES,2
dbo,EstimateCombineQuote,RFQ,varchar,20.0,,,YES,3
dbo,EstimateCombineQuote,TotalPrice1,money,,19.0,4.0,YES,4
dbo,EstimateCombineQuote,TotalPrice2,money,,19.0,4.0,YES,5
dbo,EstimateCombineQuote,TotalPrice3,money,,19.0,4.0,YES,6
dbo,EstimateCombineQuote,TotalPrice4,money,,19.0,4.0,YES,7
dbo,EstimateCombineQuote,TotalPrice5,money,,19.0,4.0,YES,8
dbo,EstimateCombineQuote,TotalPrice6,money,,19.0,4.0,YES,9
dbo,EstimateCombineQuote,AddColorPrice1,money,,19.0,4.0,YES,10
dbo,EstimateCombineQuote,AddColorPrice2,money,,19.0,4.0,YES,11
dbo,EstimateCombineQuote,AddColorPrice3,money,,19.0,4.0,YES,12
dbo,EstimateCombineQuote,AddColorPrice4,money,,19.0,4.0,YES,13
dbo,EstimateCombineQuote,AddColorPrice5,money,,19.0,4.0,YES,14
dbo,EstimateCombineQuote,AddColorPrice6,money,,19.0,4.0,YES,15
dbo,EstimateCombineQuote,AddColorMatPrice1,money,,19.0,4.0,YES,16
dbo,EstimateCombineQuote,AddColorMatPrice2,money,,19.0,4.0,YES,17
dbo,EstimateCombineQuote,AddColorMatPrice3,money,,19.0,4.0,YES,18
dbo,EstimateCombineQuote,AddColorMatPrice4,money,,19.0,4.0,YES,19
dbo,EstimateCombineQuote,AddColorMatPrice5,money,,19.0,4.0,YES,20
dbo,EstimateCombineQuote,AddColorMatPrice6,money,,19.0,4.0,YES,21
dbo,EstimateCombineQuote,AddMPrice1,money,,19.0,4.0,YES,22
dbo,EstimateCombineQuote,AddMPrice2,money,,19.0,4.0,YES,23
dbo,EstimateCombineQuote,AddMPrice3,money,,19.0,4.0,YES,24
dbo,EstimateCombineQuote,AddMPrice4,money,,19.0,4.0,YES,25
dbo,EstimateCombineQuote,AddMPrice5,money,,19.0,4.0,YES,26
dbo,EstimateCombineQuote,AddMPrice6,money,,19.0,4.0,YES,27
dbo,EstimateCombineQuote,TaxAmount1,money,,19.0,4.0,YES,28
dbo,EstimateCombineQuote,TaxAmount2,money,,19.0,4.0,YES,29
dbo,EstimateCombineQuote,TaxAmount3,money,,19.0,4.0,YES,30
dbo,EstimateCombineQuote,TaxAmount4,money,,19.0,4.0,YES,31
dbo,EstimateCombineQuote,TaxAmount5,money,,19.0,4.0,YES,32
dbo,EstimateCombineQuote,TaxAmount6,money,,19.0,4.0,YES,33
dbo,EstimateCombineQuote,DiscountAmount1,money,,19.0,4.0,YES,34
dbo,EstimateCombineQuote,DiscountAmount2,money,,19.0,4.0,YES,35
dbo,EstimateCombineQuote,DiscountAmount3,money,,19.0,4.0,YES,36
dbo,EstimateCombineQuote,DiscountAmount4,money,,19.0,4.0,YES,37
dbo,EstimateCombineQuote,DiscountAmount5,money,,19.0,4.0,YES,38
dbo,EstimateCombineQuote,DiscountAmount6,money,,19.0,4.0,YES,39
dbo,EstimateCombineQuote,Quantity1,int,,10.0,0.0,YES,40
dbo,EstimateCombineQuote,Quantity2,int,,10.0,0.0,YES,41
dbo,EstimateCombineQuote,Quantity3,int,,10.0,0.0,YES,42
dbo,EstimateCombineQuote,Quantity4,int,,10.0,0.0,YES,43
dbo,EstimateCombineQuote,Quantity5,int,,10.0,0.0,YES,44
dbo,EstimateCombineQuote,Quantity6,int,,10.0,0.0,YES,45
dbo,EstimateCombineQuote,EntryDate,datetime,,,,YES,46
dbo,EstimateCombineQuote,EntryTime,datetime,,,,YES,47
dbo,EstimateCombineQuote,CreateOpr,varchar,50.0,,,YES,48
dbo,EstimateCombineQuote,CreateDatim,datetime,,,,YES,49
dbo,EstimateCombineQuote,UpdateOpr,varchar,50.0,,,YES,50
dbo,EstimateCombineQuote,Updatedatim,datetime,,,,YES,51
dbo,EstimateCombineQuote,CQuantity1,int,,10.0,0.0,YES,52
dbo,EstimateCombineQuote,CQuantity2,int,,10.0,0.0,YES,53
dbo,EstimateCombineQuote,CQuantity3,int,,10.0,0.0,YES,54
dbo,EstimateCombineQuote,CQuantity4,int,,10.0,0.0,YES,55
dbo,EstimateCombineQuote,CQuantity5,int,,10.0,0.0,YES,56
dbo,EstimateCombineQuote,CQuantity6,int,,10.0,0.0,YES,57
dbo,EstimateCombineQuote,ID,bigint,,19.0,0.0,NO,58
dbo,EstimateCombineQuote,HeaderID,bigint,,19.0,0.0,YES,59
dbo,EstimateComponent,EstimateNumber,varchar,50.0,,,NO,1
dbo,EstimateComponent,ComponentNumber,smallint,,5.0,0.0,NO,2
dbo,EstimateComponent,Description,varchar,1000.0,,,YES,3
dbo,EstimateComponent,Sides,smallint,,5.0,0.0,YES,4
dbo,EstimateComponent,InksSide1,int,,10.0,0.0,YES,5
dbo,EstimateComponent,InksSide2,int,,10.0,0.0,YES,6
dbo,EstimateComponent,Lots,int,,10.0,0.0,YES,7
dbo,EstimateComponent,PagesPerLot,smallint,,5.0,0.0,YES,8
dbo,EstimateComponent,FinalWidth,real,,24.0,,YES,9
dbo,EstimateComponent,FinalLength,real,,24.0,,YES,10
dbo,EstimateComponent,FinishWidth,real,,24.0,,YES,11
dbo,EstimateComponent,FinishLength,real,,24.0,,YES,12
dbo,EstimateComponent,PressWidth,real,,24.0,,YES,13
dbo,EstimateComponent,PressLength,real,,24.0,,YES,14
dbo,EstimateComponent,PressSwing,bit,,,,YES,15
dbo,EstimateComponent,PressOuts,smallint,,5.0,0.0,YES,16
dbo,EstimateComponent,TemplateCode,varchar,50.0,,,YES,17
dbo,EstimateComponent,RunMethod,varchar,20.0,,,YES,18
dbo,EstimateComponent,GripperSize,real,,24.0,,YES,19
dbo,EstimateComponent,SideGuideSize,real,,24.0,,YES,20
dbo,EstimateComponent,PartsToPrint,smallint,,5.0,0.0,YES,21
dbo,EstimateComponent,RequireBleed,bit,,,,YES,22
dbo,EstimateComponent,ComponentType,varchar,10.0,,,YES,23
dbo,EstimateComponent,FinGoodCode,varchar,50.0,,,YES,24
dbo,EstimateComponent,GrainCritical,bit,,,,YES,25
dbo,EstimateComponent,DieNumber,varchar,50.0,,,YES,26
dbo,EstimateComponent,DieTeeth,smallint,,5.0,0.0,YES,27
dbo,EstimateComponent,NoAcross,smallint,,5.0,0.0,YES,28
dbo,EstimateComponent,NoAround,smallint,,5.0,0.0,YES,29
dbo,EstimateComponent,FinalDepth,real,,24.0,,YES,30
dbo,EstimateComponent,ConsStartNo,varchar,15.0,,,YES,31
dbo,EstimateComponent,Encoding,varchar,44.0,,,YES,32
dbo,EstimateComponent,MissNumbNone,bit,,,,YES,33
dbo,EstimateComponent,MissNumbList,bit,,,,YES,34
dbo,EstimateComponent,FinalSize,varchar,23.0,,,YES,35
dbo,EstimateComponent,FinishSize,varchar,23.0,,,YES,36
dbo,EstimateComponent,PressSize,varchar,23.0,,,YES,37
dbo,EstimateComponent,DontGangSigs,bit,,,,YES,38
dbo,EstimateComponent,UseQuantityTable,bit,,,,YES,39
dbo,EstimateComponent,Discount,real,,24.0,,YES,40
dbo,EstimateComponent,UserDefined1,varchar,100.0,,,YES,41
dbo,EstimateComponent,MarkupTable,varchar,5.0,,,YES,42
dbo,EstimateComponent,ProductionMarkup,real,,24.0,,YES,43
dbo,EstimateComponent,MaterialMarkup,real,,24.0,,YES,44
dbo,EstimateComponent,StockMarkup,real,,24.0,,YES,45
dbo,EstimateComponent,EntryDate,datetime,,,,YES,46
dbo,EstimateComponent,EntryTime,datetime,,,,YES,47
dbo,EstimateComponent,ManualPressOuts,bit,,,,YES,48
dbo,EstimateComponent,PressInstructions,varchar,8000.0,,,YES,49
dbo,EstimateComponent,PPInstructions,varchar,8000.0,,,YES,50
dbo,EstimateComponent,ASInstructions,varchar,8000.0,,,YES,51
dbo,EstimateComponent,StockInstructions,varchar,8000.0,,,YES,52
dbo,EstimateComponent,PostInstructions,varchar,8000.0,,,YES,53
dbo,EstimateComponent,DetailDescription,varchar,8000.0,,,YES,54
dbo,EstimateComponent,JobNumber,varchar,20.0,,,YES,55
dbo,EstimateComponent,QuantityOrdered,int,,10.0,0.0,YES,56
dbo,EstimateComponent,QtyOrdIndex,smallint,,5.0,0.0,YES,57
dbo,EstimateComponent,RFQ,varchar,20.0,,,YES,58
dbo,EstimateComponent,ParentWidth,real,,24.0,,YES,59
dbo,EstimateComponent,ParentLength,real,,24.0,,YES,60
dbo,EstimateComponent,ParentOuts,smallint,,5.0,0.0,YES,61
dbo,EstimateComponent,ParentSwing,tinyint,,3.0,0.0,YES,62
dbo,EstimateComponent,ManualParentOuts,tinyint,,3.0,0.0,YES,63
dbo,EstimateComponent,ParentSize,varchar,23.0,,,YES,64
dbo,EstimateComponent,InkInstructions,varchar,8000.0,,,YES,65
dbo,EstimateComponent,ChargeZero,tinyint,,3.0,0.0,YES,66
dbo,EstimateComponent,ManualPriceOverride,smallint,,5.0,0.0,YES,67
dbo,EstimateComponent,KitOrder,smallint,,5.0,0.0,YES,68
dbo,EstimateComponent,BackOrder,smallint,,5.0,0.0,YES,69
dbo,EstimateComponent,BackOrderQuantity,int,,10.0,0.0,YES,70
dbo,EstimateComponent,TotalSellPrice,money,,19.0,4.0,YES,71
dbo,EstimateComponent,CurrentCostCenter,smallint,,5.0,0.0,YES,72
dbo,EstimateComponent,NextCostCenter,smallint,,5.0,0.0,YES,73
dbo,EstimateComponent,LastCostCenter,smallint,,5.0,0.0,YES,74
dbo,EstimateComponent,DueDate,datetime,,,,YES,75
dbo,EstimateComponent,DueTime,datetime,,,,YES,76
dbo,EstimateComponent,FlexoNoTeeth,smallint,,5.0,0.0,YES,77
dbo,EstimateComponent,FlexoDieCharge,money,,19.0,4.0,YES,78
dbo,EstimateComponent,OnHandCode,int,,10.0,0.0,YES,79
dbo,EstimateComponent,LotNumber,varchar,50.0,,,YES,80
dbo,EstimateComponent,BookThickness,real,,24.0,,YES,81
dbo,EstimateComponent,ExcludeThickness,tinyint,,3.0,0.0,YES,82
dbo,EstimateComponent,UserDefined2,varchar,100.0,,,YES,83
dbo,EstimateComponent,UserDefined3,varchar,100.0,,,YES,84
dbo,EstimateComponent,UserDefined4,varchar,100.0,,,YES,85
dbo,EstimateComponent,UserDefined5,varchar,100.0,,,YES,86
dbo,EstimateComponent,BleedSize,real,,24.0,,YES,87
dbo,EstimateComponent,JobImageFile,varchar,255.0,,,YES,88
dbo,EstimateComponent,COTotal,money,,19.0,4.0,YES,89
dbo,EstimateComponent,DiscountDollars,money,,19.0,4.0,YES,90
dbo,EstimateComponent,GLSalesCode,varchar,50.0,,,YES,91
dbo,EstimateComponent,CreateOpr,varchar,50.0,,,YES,92
dbo,EstimateComponent,CreateDatim,datetime,,,,YES,93
dbo,EstimateComponent,UpdateOpr,varchar,50.0,,,YES,94
dbo,EstimateComponent,Updatedatim,datetime,,,,YES,95
dbo,EstimateComponent,HorizontalBleed,real,,24.0,,YES,96
dbo,EstimateComponent,VendorID,varchar,20.0,,,YES,97
dbo,EstimateComponent,LabelsPerRoll,int,,10.0,0.0,YES,98
dbo,EstimateComponent,ManualPriceMethod,smallint,,5.0,0.0,YES,99
dbo,EstimateComponent,RateTable,varchar,5.0,,,YES,100
dbo,EstimateComponent,Color1SidedSheets,int,,10.0,0.0,YES,101
dbo,EstimateComponent,Color2SidedSheets,int,,10.0,0.0,YES,102
dbo,EstimateComponent,BlankSheets,int,,10.0,0.0,YES,103
dbo,EstimateComponent,RFQTotalPages,int,,10.0,0.0,YES,104
dbo,EstimateComponent,CylinderCode,varchar,20.0,,,YES,105
dbo,EstimateComponent,OnlineSignature,varchar,100.0,,,YES,106
dbo,EstimateComponent,ComboSheets,int,,10.0,0.0,YES,107
dbo,EstimateComponent,PrintPortrait,smallint,,5.0,0.0,YES,108
dbo,EstimateComponent,SalesRepCode,varchar,5.0,,,YES,109
dbo,EstimateComponent,LabelsPerFold,int,,10.0,0.0,YES,110
dbo,EstimateComponent,DeliveryDate,datetime,,,,YES,111
dbo,EstimateComponent,ProofDueDate,datetime,,,,YES,112
dbo,EstimateComponent,ProofDeliveryDate,datetime,,,,YES,113
dbo,EstimateComponent,ProofDueTime,datetime,,,,YES,114
dbo,EstimateComponent,DontCalculate,smallint,,5.0,0.0,YES,115
dbo,EstimateComponent,ComponentPlanned,smallint,,5.0,0.0,YES,116
dbo,EstimateComponent,IsCover,smallint,,5.0,0.0,YES,117
dbo,EstimateComponent,CustomerOvers,real,,24.0,,YES,118
dbo,EstimateComponent,InkTemplate1,int,,10.0,0.0,YES,119
dbo,EstimateComponent,InkTemplate2,int,,10.0,0.0,YES,120
dbo,EstimateComponent,CustomComponentType,varchar,50.0,,,YES,121
dbo,EstimateComponent,OAVAAdjustment,real,,24.0,,YES,122
dbo,EstimateComponent,DieTeethUnrounded,real,,24.0,,YES,123
dbo,EstimateComponent,GroupName,varchar,100.0,,,YES,124
dbo,EstimateComponent,CustomerItemNumber,varchar,50.0,,,YES,125
dbo,EstimateComponent,UserDefined6,varchar,100.0,,,YES,126
dbo,EstimateComponent,OutsideComponentID,varchar,100.0,,,YES,127
dbo,EstimateComponent,OverridePressForms,int,,10.0,0.0,YES,128
dbo,EstimateComponent,TemplateModificationNumber,int,,10.0,0.0,YES,129
dbo,EstimateComponent,TemplateRevisionID,varchar,50.0,,,YES,130
dbo,EstimateComponent,LineHoles,smallint,,5.0,0.0,YES,131
dbo,EstimateComponent,LayoutTemplateCode,varchar,50.0,,,YES,132
dbo,EstimateComponent,MergeEstimateNumber,varchar,20.0,,,YES,133
dbo,EstimateComponent,BinderyLip,real,,24.0,,YES,134
dbo,EstimateComponent,ARLineType,varchar,1.0,,,YES,135
dbo,EstimateComponent,ID,bigint,,19.0,0.0,NO,136
dbo,EstimateComponent,HeaderID,bigint,,19.0,0.0,YES,137
dbo,EstimateComponent,Component_Type,int,,10.0,0.0,YES,138
dbo,EstimateComponent,LinkedCompID,bigint,,19.0,0.0,YES,139
dbo,EstimateComponent,Custom_Component_Type,int,,10.0,0.0,YES,140
dbo,EstimateComponent,RollsSide1,int,,10.0,0.0,YES,141
dbo,EstimateComponent,RollsSide2,int,,10.0,0.0,YES,142
dbo,EstimateComponent,RRC,real,,24.0,,YES,143
dbo,EstimateComponent,CoreDiameter,real,,24.0,,YES,144
dbo,EstimateComponent,RollDiameter,real,,24.0,,YES,145
dbo,EstimateComponent,OutsideComponentSeqNumber,int,,10.0,0.0,NO,146
dbo,EstimateComponent,TaxJurisdiction,varchar,5.0,,,NO,147
dbo,EstimateComponent,ExemptOverride,bit,,,,NO,148
dbo,EstimateComponent,ProofCode,varchar,5.0,,,YES,149
dbo,EstimateComponentText,EstimateNumber,varchar,50.0,,,NO,1
dbo,EstimateComponentText,ComponentNumber,smallint,,5.0,0.0,NO,2
dbo,EstimateComponentText,JobNumber,varchar,20.0,,,YES,3
dbo,EstimateComponentText,PressInstructions,text,2147483647.0,,,YES,4
dbo,EstimateComponentText,PPInstructions,text,2147483647.0,,,YES,5
dbo,EstimateComponentText,ASInstructions,text,2147483647.0,,,YES,6
dbo,EstimateComponentText,StockInstructions,text,2147483647.0,,,YES,7
dbo,EstimateComponentText,PostInstructions,text,2147483647.0,,,YES,8
dbo,EstimateComponentText,DetailDescription,text,2147483647.0,,,YES,9
dbo,EstimateComponentText,InkInstructions,text,2147483647.0,,,YES,10
dbo,EstimateComponentText,CreateOpr,varchar,50.0,,,YES,11
dbo,EstimateComponentText,CreateDatim,datetime,,,,YES,12
dbo,EstimateComponentText,UpdateOpr,varchar,50.0,,,YES,13
dbo,EstimateComponentText,Updatedatim,datetime,,,,YES,14
dbo,EstimateComponentText,ID,bigint,,19.0,0.0,NO,15
dbo,EstimateComponentText,HeaderID,bigint,,19.0,0.0,YES,16
dbo,EstimateComponentText,ComponentID,bigint,,19.0,0.0,YES,17
dbo,EstimateComponentText,MiscInstructions,text,2147483647.0,,,YES,18
dbo,EstimateComponentText,CalculatedQtys,text,2147483647.0,,,YES,19
dbo,EstimateComponentText,CalculatedStockList,text,2147483647.0,,,YES,20
dbo,EstimateDefaults,CompanyID,varchar,5.0,,,NO,1
dbo,EstimateDefaults,PrintSalesTax,tinyint,,3.0,0.0,YES,2
dbo,EstimateDefaults,PrintPriceM,tinyint,,3.0,0.0,YES,3
dbo,EstimateDefaults,PrintPriceEach,tinyint,,3.0,0.0,YES,4
dbo,EstimateDefaults,PrintPriceAddM,tinyint,,3.0,0.0,YES,5
dbo,EstimateDefaults,PrintPriceAddColor,tinyint,,3.0,0.0,YES,6
dbo,EstimateDefaults,PrintCombineQty,tinyint,,3.0,0.0,YES,7
dbo,EstimateDefaults,PrintCombined,tinyint,,3.0,0.0,YES,8
dbo,EstimateDefaults,DefaultCompType,varchar,10.0,,,YES,9
dbo,EstimateDefaults,EntryDate,datetime,,,,YES,10
dbo,EstimateDefaults,EntryTime,datetime,,,,YES,11
dbo,EstimateDefaults,OSMarkup,real,,24.0,,YES,12
dbo,EstimateDefaults,ProdMarkup,real,,24.0,,YES,13
dbo,EstimateDefaults,MatMarkup,real,,24.0,,YES,14
dbo,EstimateDefaults,StockMarkup,real,,24.0,,YES,15
dbo,EstimateDefaults,InkCoverage,real,,24.0,,YES,16
dbo,EstimateDefaults,OSCostMethod,smallint,,5.0,0.0,YES,17
dbo,EstimateDefaults,InkWidth,real,,24.0,,YES,18
dbo,EstimateDefaults,InkLength,real,,24.0,,YES,19
dbo,EstimateDefaults,CreateOpr,varchar,50.0,,,YES,20
dbo,EstimateDefaults,CreateDatim,datetime,,,,YES,21
dbo,EstimateDefaults,UpdateOpr,varchar,50.0,,,YES,22
dbo,EstimateDefaults,Updatedatim,datetime,,,,YES,23
dbo,EstimateDefaults,JobTicketDefault,smallint,,5.0,0.0,YES,24
dbo,EstimateDefaults,OSSSpoilTable,varchar,5.0,,,YES,25
dbo,EstimateDefaults,MergeSoldTo,smallint,,5.0,0.0,YES,26
dbo,EstimateDefaults,MergeDescription,smallint,,5.0,0.0,YES,27
dbo,EstimateDefaults,MergeDetailDescription,smallint,,5.0,0.0,YES,28
dbo,EstimateDefaults,MergeCSR,smallint,,5.0,0.0,YES,29
dbo,EstimateDefaults,MergeCustAccount,smallint,,5.0,0.0,YES,30
dbo,EstimateDefaults,MergeContact,smallint,,5.0,0.0,YES,31
dbo,EstimateDefaults,MergeUserDefined,smallint,,5.0,0.0,YES,32
dbo,EstimateDefaults,MergeComponentsOption,smallint,,5.0,0.0,YES,33
dbo,EstimateDefaults,UpdateStock,smallint,,5.0,0.0,YES,34
dbo,EstimateDefaults,UpdateInk,smallint,,5.0,0.0,YES,35
dbo,EstimateDefaults,UpdateRunSpeeds,smallint,,5.0,0.0,YES,36
dbo,EstimateDefaults,UpdateCustomer,smallint,,5.0,0.0,YES,37
dbo,EstimateDefaults,CopyInstructions,smallint,,5.0,0.0,YES,38
dbo,EstimateDefaults,ResetMarkups,smallint,,5.0,0.0,YES,39
dbo,EstimateDefaults,CopyImages,smallint,,5.0,0.0,YES,40
dbo,EstimateDefaults,ReloadTemplates,smallint,,5.0,0.0,YES,41
dbo,EstimateDefaults,RecalculateOnCopy,smallint,,5.0,0.0,YES,42
dbo,EstimateDefaults,JobTicketPrintAll,smallint,,5.0,0.0,YES,43
dbo,EstimateDefaults,SuppressDueDate,smallint,,5.0,0.0,YES,44
dbo,EstimateDefaults,SuppressProofDate,smallint,,5.0,0.0,YES,45
dbo,EstimateDefaults,ExcludeCommissionOnChangeOrder,smallint,,5.0,0.0,YES,46
dbo,EstimateDefaults,AutomateJobTicketPrint,smallint,,5.0,0.0,YES,47
dbo,EstimateDefaults,CopyDiaryNotes,smallint,,5.0,0.0,YES,48
dbo,EstimateDefaults,DontCopyPaperOverride,smallint,,5.0,0.0,YES,49
dbo,EstimateDefaults,MergeCommission,smallint,,5.0,0.0,YES,50
dbo,EstimateDefaults,OSSMarkupTable,varchar,5.0,,,YES,51
dbo,EstimateDefaults,RecalcDuringCopy,smallint,,5.0,0.0,YES,52
dbo,EstimateDefaults,ClearManualPrice,smallint,,5.0,0.0,YES,53
dbo,EstimateDefaults,UpdateSpoilage,smallint,,5.0,0.0,YES,54
dbo,EstimateDefaults,UpdateContact,smallint,,5.0,0.0,YES,55
dbo,EstimateDefaults,UpdateDiscount,smallint,,5.0,0.0,YES,56
dbo,EstimateDefaults,UpdateOvers,smallint,,5.0,0.0,YES,57
dbo,EstimateDefaults,UpdateCommission,smallint,,5.0,0.0,YES,58
dbo,EstimateDefaults,ClearHeaderUDFields,smallint,,5.0,0.0,YES,59
dbo,EstimateDefaults,ClearComponentUDFields,smallint,,5.0,0.0,YES,60
dbo,EstimateDefaults,UpdateStockForRecalc,smallint,,5.0,0.0,YES,61
dbo,EstimateDefaults,UpdateInkForRecalc,smallint,,5.0,0.0,YES,62
dbo,EstimateDefaults,UpdateRunSpeedsForRecalc,smallint,,5.0,0.0,YES,63
dbo,EstimateDefaults,UpdateEstimator,smallint,,5.0,0.0,YES,64
dbo,EstimateDefaults,ClearSchedulingUDFields,smallint,,5.0,0.0,YES,65
dbo,EstimateDefaults,ClearManualCommission,smallint,,5.0,0.0,YES,66
dbo,EstimateDefaults,CopyFiles,smallint,,5.0,0.0,YES,67
dbo,EstimateHeader,EstimateNumber,varchar,50.0,,,NO,1
dbo,EstimateHeader,JobNumber,varchar,20.0,,,YES,2
dbo,EstimateHeader,CustAccount,varchar,50.0,,,YES,3
dbo,EstimateHeader,CustName,varchar,50.0,,,YES,4
dbo,EstimateHeader,CustAddress1,varchar,50.0,,,YES,5
dbo,EstimateHeader,CustAddress2,varchar,50.0,,,YES,6
dbo,EstimateHeader,CustCity,varchar,50.0,,,YES,7
dbo,EstimateHeader,CustState,varchar,3.0,,,YES,8
dbo,EstimateHeader,CustZip,varchar,50.0,,,YES,9
dbo,EstimateHeader,CustPhone,varchar,30.0,,,YES,10
dbo,EstimateHeader,CustFax,varchar,30.0,,,YES,11
dbo,EstimateHeader,CustContact,varchar,50.0,,,YES,12
dbo,EstimateHeader,CustCountry,varchar,50.0,,,YES,13
dbo,EstimateHeader,CustEmail,varchar,100.0,,,YES,14
dbo,EstimateHeader,SalesRepCode,varchar,5.0,,,YES,15
dbo,EstimateHeader,EndUserName,varchar,50.0,,,YES,16
dbo,EstimateHeader,EndUserAccount,varchar,20.0,,,YES,17
dbo,EstimateHeader,CSR,varchar,50.0,,,YES,18
dbo,EstimateHeader,Estimator,varchar,50.0,,,YES,19
dbo,EstimateHeader,JobDescription,varchar,100.0,,,YES,20
dbo,EstimateHeader,PONumber,varchar,50.0,,,YES,21
dbo,EstimateHeader,PrevPONumber,varchar,50.0,,,YES,22
dbo,EstimateHeader,PrevJobNumber,varchar,20.0,,,YES,23
dbo,EstimateHeader,DistPO,varchar,50.0,,,YES,24
dbo,EstimateHeader,PrevDistPO,varchar,50.0,,,YES,25
dbo,EstimateHeader,EstimateDate,datetime,,,,YES,26
dbo,EstimateHeader,EstTimeFrame,varchar,20.0,,,YES,27
dbo,EstimateHeader,ReleaseNumber,varchar,20.0,,,YES,28
dbo,EstimateHeader,RFQ,varchar,20.0,,,YES,29
dbo,EstimateHeader,RFQDate,datetime,,,,YES,30
dbo,EstimateHeader,TotalOverride,bit,,,,YES,31
dbo,EstimateHeader,CommissionA,real,,24.0,,YES,32
dbo,EstimateHeader,CommissionB,real,,24.0,,YES,33
dbo,EstimateHeader,CommissionTableA,varchar,5.0,,,YES,34
dbo,EstimateHeader,CommissionTableB,varchar,5.0,,,YES,35
dbo,EstimateHeader,EstimateStatus,varchar,5.0,,,YES,36
dbo,EstimateHeader,UserDefined1,varchar,100.0,,,YES,37
dbo,EstimateHeader,UserDefined2,varchar,100.0,,,YES,38
dbo,EstimateHeader,UserDefined3,varchar,100.0,,,YES,39
dbo,EstimateHeader,UserDefined4,varchar,100.0,,,YES,40
dbo,EstimateHeader,UserDefined5,varchar,100.0,,,YES,41
dbo,EstimateHeader,CustUserDefined1,varchar,50.0,,,YES,42
dbo,EstimateHeader,CustUserDefined2,varchar,50.0,,,YES,43
dbo,EstimateHeader,CustUserDefined3,varchar,50.0,,,YES,44
dbo,EstimateHeader,TaxCodeA,varchar,5.0,,,YES,45
dbo,EstimateHeader,TaxCodeB,varchar,5.0,,,YES,46
dbo,EstimateHeader,TaxCodeC,varchar,5.0,,,YES,47
dbo,EstimateHeader,TaxCodeD,varchar,5.0,,,YES,48
dbo,EstimateHeader,EntryDate,datetime,,,,YES,49
dbo,EstimateHeader,EntryTime,datetime,,,,YES,50
dbo,EstimateHeader,JobDetailDescription,varchar,8000.0,,,YES,51
dbo,EstimateHeader,Notes,varchar,2000.0,,,YES,52
dbo,EstimateHeader,BindInstructions,varchar,2000.0,,,YES,53
dbo,EstimateHeader,OriginalJobNumber,varchar,20.0,,,YES,54
dbo,EstimateHeader,DueTime,datetime,,,,YES,55
dbo,EstimateHeader,DueDate,datetime,,,,YES,56
dbo,EstimateHeader,DueTimeText,varchar,5.0,,,YES,57
dbo,EstimateHeader,CompleteDate,datetime,,,,YES,58
dbo,EstimateHeader,OrderDate,datetime,,,,YES,59
dbo,EstimateHeader,JobStatus,varchar,10.0,,,YES,60
dbo,EstimateHeader,OrderType,varchar,50.0,,,YES,61
dbo,EstimateHeader,ProofDate,datetime,,,,YES,62
dbo,EstimateHeader,ProofTime,datetime,,,,YES,63
dbo,EstimateHeader,ProofTimeText,varchar,5.0,,,YES,64
dbo,EstimateHeader,PriorityLevel,tinyint,,3.0,0.0,YES,65
dbo,EstimateHeader,QuickOrder,tinyint,,3.0,0.0,YES,66
dbo,EstimateHeader,ProofComments,varchar,2000.0,,,YES,67
dbo,EstimateHeader,Revision,tinyint,,3.0,0.0,YES,68
dbo,EstimateHeader,RevisionDate,datetime,,,,YES,69
dbo,EstimateHeader,RevisionReason,varchar,100.0,,,YES,70
dbo,EstimateHeader,Prepayment,money,,19.0,4.0,YES,71
dbo,EstimateHeader,FormNumber,varchar,100.0,,,YES,72
dbo,EstimateHeader,TotalComponents,int,,10.0,0.0,YES,73
dbo,EstimateHeader,BackOrder,smallint,,5.0,0.0,YES,74
dbo,EstimateHeader,CustAddress3,varchar,50.0,,,YES,75
dbo,EstimateHeader,CustCounty,varchar,50.0,,,YES,76
dbo,EstimateHeader,MJobDetailDescription,text,2147483647.0,,,YES,77
dbo,EstimateHeader,TotalSellPrice,money,,19.0,4.0,YES,78
dbo,EstimateHeader,RecordInUse,smallint,,5.0,0.0,YES,79
dbo,EstimateHeader,PriceOverrideOption,smallint,,5.0,0.0,YES,80
dbo,EstimateHeader,NoProofRequired,smallint,,5.0,0.0,YES,81
dbo,EstimateHeader,LastCostCenter,smallint,,5.0,0.0,YES,82
dbo,EstimateHeader,CollabriaOrder,smallint,,5.0,0.0,YES,83
dbo,EstimateHeader,CollabriaID,varchar,50.0,,,YES,84
dbo,EstimateHeader,MNotes,text,2147483647.0,,,YES,85
dbo,EstimateHeader,CC_Number,varchar,100.0,,,YES,86
dbo,EstimateHeader,CC_Exp_Month,int,,10.0,0.0,YES,87
dbo,EstimateHeader,CC_Exp_Year,int,,10.0,0.0,YES,88
dbo,EstimateHeader,TotalBookThickness,real,,24.0,,YES,89
dbo,EstimateHeader,MScheduleNotes,text,2147483647.0,,,YES,90
dbo,EstimateHeader,ScheduleNotes,varchar,2000.0,,,YES,91
dbo,EstimateHeader,RFQFlag,smallint,,5.0,0.0,YES,92
dbo,EstimateHeader,PlantID,varchar,3.0,,,YES,93
dbo,EstimateHeader,NoDueDate,smallint,,5.0,0.0,YES,94
dbo,EstimateHeader,ReorderDate,datetime,,,,YES,95
dbo,EstimateHeader,DeliveryDate,datetime,,,,YES,96
dbo,EstimateHeader,CreateOpr,varchar,50.0,,,YES,97
dbo,EstimateHeader,CreateDatim,datetime,,,,YES,98
dbo,EstimateHeader,UpdateOpr,varchar,50.0,,,YES,99
dbo,EstimateHeader,Updatedatim,datetime,,,,YES,100
dbo,EstimateHeader,Discount,real,,24.0,,YES,101
dbo,EstimateHeader,UseDMRate,smallint,,5.0,0.0,YES,102
dbo,EstimateHeader,TaxJurisdiction,varchar,5.0,,,YES,103
dbo,EstimateHeader,ARJobCloseOut,smallint,,5.0,0.0,YES,104
dbo,EstimateHeader,OnLineUserID,int,,10.0,0.0,YES,105
dbo,EstimateHeader,OutsideOrder,smallint,,5.0,0.0,YES,106
dbo,EstimateHeader,ProofDeliveryDate,datetime,,,,YES,107
dbo,EstimateHeader,GLJobCloseOut,smallint,,5.0,0.0,YES,108
dbo,EstimateHeader,OutsideOrderID,varchar,20.0,,,YES,109
dbo,EstimateHeader,PricingOnLineReady,smallint,,5.0,0.0,YES,110
dbo,EstimateHeader,CC_NameOnCard,varchar,100.0,,,YES,111
dbo,EstimateHeader,CC_Expiration,varchar,10.0,,,YES,112
dbo,EstimateHeader,MakeComponentCalculations,smallint,,5.0,0.0,YES,113
dbo,EstimateHeader,RequestForOrder,smallint,,5.0,0.0,YES,114
dbo,EstimateHeader,QuoteDueDate,datetime,,,,YES,115
dbo,EstimateHeader,DontChargeFreight,smallint,,5.0,0.0,YES,116
dbo,EstimateHeader,ManualCommission,money,,19.0,4.0,YES,117
dbo,EstimateHeader,OriginatedFromRFQ,smallint,,5.0,0.0,YES,118
dbo,EstimateHeader,PickSlipPrinted,smallint,,5.0,0.0,YES,119
dbo,EstimateHeader,PaymentMethod,varchar,50.0,,,YES,120
dbo,EstimateHeader,CheckNumber,varchar,50.0,,,YES,121
dbo,EstimateHeader,BackOrderFrom,varchar,20.0,,,YES,122
dbo,EstimateHeader,TemplateCode,varchar,50.0,,,YES,123
dbo,EstimateHeader,OriginalPlantID,varchar,3.0,,,YES,124
dbo,EstimateHeader,OriginalEstimateNumber,varchar,20.0,,,YES,125
dbo,EstimateHeader,LockSchedule,smallint,,5.0,0.0,YES,126
dbo,EstimateHeader,SchUserDefined1,varchar,50.0,,,YES,127
dbo,EstimateHeader,SchUserDefined2,varchar,50.0,,,YES,128
dbo,EstimateHeader,SchUserDefined3,varchar,50.0,,,YES,129
dbo,EstimateHeader,SchUserDefined4,varchar,50.0,,,YES,130
dbo,EstimateHeader,SchUserDefined5,varchar,50.0,,,YES,131
dbo,EstimateHeader,SchUserDefined6,varchar,50.0,,,YES,132
dbo,EstimateHeader,SchUserDefined7,varchar,50.0,,,YES,133
dbo,EstimateHeader,SchUserDefined8,varchar,50.0,,,YES,134
dbo,EstimateHeader,SchUserDefined9,varchar,50.0,,,YES,135
dbo,EstimateHeader,SchUserDefined10,varchar,50.0,,,YES,136
dbo,EstimateHeader,SchUserDefined11,varchar,50.0,,,YES,137
dbo,EstimateHeader,SchUserDefined12,varchar,50.0,,,YES,138
dbo,EstimateHeader,SchUserDefined13,varchar,50.0,,,YES,139
dbo,EstimateHeader,SchUserDefined14,varchar,50.0,,,YES,140
dbo,EstimateHeader,SchUserDefined15,varchar,50.0,,,YES,141
dbo,EstimateHeader,UserDefined6,varchar,100.0,,,YES,142
dbo,EstimateHeader,PODate,datetime,,,,YES,143
dbo,EstimateHeader,TaxOverrideAmount,money,,19.0,4.0,YES,144
dbo,EstimateHeader,OrderTime,datetime,,,,YES,145
dbo,EstimateHeader,ProofApprovalTime,datetime,,,,YES,146
dbo,EstimateHeader,LastSurveyDate,datetime,,,,YES,147
dbo,EstimateHeader,DontCombineCartonQty,smallint,,5.0,0.0,YES,148
dbo,EstimateHeader,SchedulePriority,smallint,,5.0,0.0,YES,149
dbo,EstimateHeader,JobRouted,smallint,,5.0,0.0,YES,150
dbo,EstimateHeader,BillingContact,varchar,50.0,,,YES,151
dbo,EstimateHeader,UserDefined7,varchar,100.0,,,YES,152
dbo,EstimateHeader,ManufacturerItemNumber,varchar,50.0,,,YES,153
dbo,EstimateHeader,StatusReasonCode,varchar,5.0,,,YES,154
dbo,EstimateHeader,CustomerOvers,real,,24.0,,YES,155
dbo,EstimateHeader,AcceleshipOrderId,int,,10.0,0.0,YES,156
dbo,EstimateHeader,JobTicketPrintDate,datetime,,,,YES,157
dbo,EstimateHeader,LastOpenedBy,varchar,50.0,,,YES,158
dbo,EstimateHeader,CustContactID,int,,10.0,0.0,YES,159
dbo,EstimateHeader,BillContactID,int,,10.0,0.0,YES,160
dbo,EstimateHeader,EstimateDueDate,datetime,,,,YES,161
dbo,EstimateHeader,ArCloseOutOption,int,,10.0,0.0,YES,162
dbo,EstimateHeader,ID,bigint,,19.0,0.0,NO,163
dbo,EstimateHeader,Status,int,,10.0,0.0,YES,164
dbo,EstimateHeader,CurrencyCode,varchar,5.0,,,YES,165
dbo,EstimateHeader,ExchangeRate,real,,24.0,,YES,166
dbo,EstimateHeader,FromCopy,smallint,,5.0,0.0,YES,167
dbo,EstimateHeader,FromEstimate,smallint,,5.0,0.0,YES,168
dbo,EstimateHeader,FromOrder,smallint,,5.0,0.0,YES,169
dbo,EstimateHeader,PrevEstimateNumber,varchar,20.0,,,YES,170
dbo,EstimateHeader,TotalComponentsQtyCalculated,smallint,,5.0,0.0,YES,171
dbo,EstimateHeader,OpportunityFlag,smallint,,5.0,0.0,YES,172
dbo,EstimateHeader,AvaTaxOverride,bit,,,,YES,173
dbo,EstimateHeader,ProofCode,varchar,5.0,,,YES,174
dbo,EstimateHeader,JobPriority,smallint,,5.0,0.0,YES,175
dbo,EstimateHeader,MDSFStatus,varchar,10.0,,,YES,176
dbo,EstimateImage,ImageID,int,,10.0,0.0,NO,1
dbo,EstimateImage,EstimateNumber,varchar,50.0,,,YES,2
dbo,EstimateImage,ComponentNumber,smallint,,5.0,0.0,YES,3
dbo,EstimateImage,EstimateImage,image,2147483647.0,,,YES,4
dbo,EstimateImage,FileName,varchar,256.0,,,YES,5
dbo,EstimateImage,FileType,varchar,50.0,,,YES,6
dbo,EstimateImage,FileSize,int,,10.0,0.0,YES,7
dbo,EstimateImage,Createdatim,datetime,,,,YES,8
dbo,EstimateImage,CreateOpr,varchar,50.0,,,YES,9
dbo,EstimateImage,JobNumber,varchar,20.0,,,YES,10
dbo,EstimateImage,ImageTypeCode,varchar,5.0,,,YES,11
dbo,EstimateImage,Comments,varchar,2000.0,,,YES,12
dbo,EstimateImage,IsMailingList,smallint,,5.0,0.0,YES,13
dbo,EstimateImage,IsPDFTemplate,smallint,,5.0,0.0,YES,14
dbo,EstimateImage,IsProof,smallint,,5.0,0.0,YES,15
dbo,EstimateImage,ProofAcceptedSignature,varchar,255.0,,,YES,16
dbo,EstimateImage,ProofAcceptedUser,varchar,255.0,,,YES,17
dbo,EstimateImage,WebNoteID,int,,10.0,0.0,YES,18
dbo,EstimateImage,ComponentID,bigint,,19.0,0.0,YES,19
dbo,EstimateInLineOp,EstimateNumber,varchar,50.0,,,NO,1
dbo,EstimateInLineOp,ComponentNumber,smallint,,5.0,0.0,NO,2
dbo,EstimateInLineOp,GroupNo,smallint,,5.0,0.0,NO,3
dbo,EstimateInLineOp,ItemNumber,smallint,,5.0,0.0,NO,4
dbo,EstimateInLineOp,PartNumber,smallint,,5.0,0.0,NO,5
dbo,EstimateInLineOp,InLineOpNo,smallint,,5.0,0.0,NO,6
dbo,EstimateInLineOp,InLineCode,smallint,,5.0,0.0,YES,7
dbo,EstimateInLineOp,InLineDesc,varchar,40.0,,,YES,8
dbo,EstimateInLineOp,InLineQty,int,,10.0,0.0,YES,9
dbo,EstimateInLineOp,EntryDate,datetime,,,,YES,10
dbo,EstimateInLineOp,EntryTime,datetime,,,,YES,11
dbo,EstimateInLineOp,JobNumber,varchar,20.0,,,YES,12
dbo,EstimateInLineOp,RFQ,varchar,20.0,,,YES,13
dbo,EstimateInLineOp,DieNumber,varchar,50.0,,,YES,14
dbo,EstimateInLineOp,CreateOpr,varchar,50.0,,,YES,15
dbo,EstimateInLineOp,CreateDatim,datetime,,,,YES,16
dbo,EstimateInLineOp,UpdateOpr,varchar,50.0,,,YES,17
dbo,EstimateInLineOp,Updatedatim,datetime,,,,YES,18
dbo,EstimateInLineOp,TemplateOption,smallint,,5.0,0.0,YES,19
dbo,EstimateInLineOp,RunPercentage,real,,24.0,,YES,20
dbo,EstimateInLineOp,ExcludeSetup,smallint,,5.0,0.0,YES,21
dbo,EstimateInLineOp,UserDefined1,varchar,100.0,,,YES,22
dbo,EstimateInLineOp,UserDefined2,varchar,100.0,,,YES,23
dbo,EstimateInLineOp,UserDefined3,varchar,100.0,,,YES,24
dbo,EstimateInLineOp,UserDefined4,varchar,100.0,,,YES,25
dbo,EstimateInLineOp,UserDefined5,varchar,100.0,,,YES,26
dbo,EstimateInLineOp,ID,bigint,,19.0,0.0,NO,27
dbo,EstimateInLineOp,ProcessID,bigint,,19.0,0.0,YES,28
dbo,EstimateInLineOp,Sides,smallint,,5.0,0.0,YES,29
dbo,EstimateInLineOp,StitchLocation,varchar,50.0,,,YES,30
dbo,EstimateInLineOp,Upcharge,money,,19.0,4.0,YES,31
dbo,EstimateInserts,ID,int,,10.0,0.0,NO,1
dbo,EstimateInserts,EstimateID,bigint,,19.0,0.0,YES,2
dbo,EstimateInserts,ComponentID,bigint,,19.0,0.0,YES,3
dbo,EstimateInserts,ItemNumber,int,,10.0,0.0,YES,4
dbo,EstimateInserts,FGItem,varchar,50.0,,,YES,5
dbo,EstimateInserts,FGDescription,varchar,1000.0,,,YES,6
dbo,EstimateInserts,RefNum,varchar,20.0,,,YES,7
dbo,EstimateInserts,Notes,text,2147483647.0,,,YES,8
dbo,EstimateInserts,UDF1,varchar,100.0,,,YES,9
dbo,EstimateInserts,UDF2,varchar,100.0,,,YES,10
dbo,EstimateInserts,UDF3,varchar,100.0,,,YES,11
dbo,EstimateInserts,UDF4,varchar,100.0,,,YES,12
dbo,EstimateInserts,UDF5,varchar,100.0,,,YES,13
dbo,EstimateInserts,UDF6,varchar,100.0,,,YES,14
dbo,EstimateInserts,UDF7,varchar,100.0,,,YES,15
dbo,EstimateInserts,UDF8,varchar,100.0,,,YES,16
dbo,EstimateInserts,UDF9,varchar,100.0,,,YES,17
dbo,EstimateInserts,UDF10,varchar,100.0,,,YES,18
dbo,EstimateInserts,CreateOpr,varchar,50.0,,,YES,19
dbo,EstimateInserts,CreateDatim,datetime,,,,YES,20
dbo,EstimateInserts,UpdateOpr,varchar,50.0,,,YES,21
dbo,EstimateInserts,UpdateDatim,datetime,,,,YES,22
dbo,EstimateInserts,OrderID,bigint,,19.0,0.0,YES,23
dbo,EstimateProcess,EstimateNumber,varchar,50.0,,,NO,1
dbo,EstimateProcess,ComponentNumber,smallint,,5.0,0.0,NO,2
dbo,EstimateProcess,GroupNo,smallint,,5.0,0.0,NO,3
dbo,EstimateProcess,ItemNumber,smallint,,5.0,0.0,NO,4
dbo,EstimateProcess,PartNumber,smallint,,5.0,0.0,NO,5
dbo,EstimateProcess,ProcessCode,int,,10.0,0.0,YES,6
dbo,EstimateProcess,MaterialCode,varchar,50.0,,,YES,7
dbo,EstimateProcess,Description,varchar,1000.0,,,YES,8
dbo,EstimateProcess,VendorID,varchar,20.0,,,YES,9
dbo,EstimateProcess,VendorName,varchar,50.0,,,YES,10
dbo,EstimateProcess,VendorProductID,varchar,20.0,,,YES,11
dbo,EstimateProcess,SheetSpoilage,int,,10.0,0.0,YES,12
dbo,EstimateProcess,Repetitions,int,,10.0,0.0,YES,13
dbo,EstimateProcess,UnitsPerCycle,int,,10.0,0.0,YES,14
dbo,EstimateProcess,FixedMarkup,real,,24.0,,YES,15
dbo,EstimateProcess,FixedCost,money,,19.0,4.0,YES,16
dbo,EstimateProcess,FixedQuantity,float,,53.0,,YES,17
dbo,EstimateProcess,BaseRunSpeed,real,,24.0,,YES,18
dbo,EstimateProcess,CoverageSide1,real,,24.0,,YES,19
dbo,EstimateProcess,CoverageSide2,real,,24.0,,YES,20
dbo,EstimateProcess,Caliper,real,,24.0,,YES,21
dbo,EstimateProcess,BWT,float,,53.0,,YES,22
dbo,EstimateProcess,Width,real,,24.0,,YES,23
dbo,EstimateProcess,Length,real,,24.0,,YES,24
dbo,EstimateProcess,MWT,real,,24.0,,YES,25
dbo,EstimateProcess,SBS,real,,24.0,,YES,26
dbo,EstimateProcess,ParentOuts,smallint,,5.0,0.0,YES,27
dbo,EstimateProcess,ParentSwing,tinyint,,3.0,0.0,YES,28
dbo,EstimateProcess,ParentSize,varchar,23.0,,,YES,29
dbo,EstimateProcess,AdditionalBurns,smallint,,5.0,0.0,YES,30
dbo,EstimateProcess,AdditionalCharge,smallint,,5.0,0.0,YES,31
dbo,EstimateProcess,CostingMethod,smallint,,5.0,0.0,YES,32
dbo,EstimateProcess,Passes,smallint,,5.0,0.0,YES,33
dbo,EstimateProcess,Sides,smallint,,5.0,0.0,YES,34
dbo,EstimateProcess,NumberUp,smallint,,5.0,0.0,YES,35
dbo,EstimateProcess,EdgeToRun,varchar,10.0,,,YES,36
dbo,EstimateProcess,NumberOfHelpers,smallint,,5.0,0.0,YES,37
dbo,EstimateProcess,NumberOfPockets,smallint,,5.0,0.0,YES,38
dbo,EstimateProcess,OverridePockets,tinyint,,3.0,0.0,YES,39
dbo,EstimateProcess,RunPercentage,real,,24.0,,YES,40
dbo,EstimateProcess,Difficulty,real,,24.0,,YES,41
dbo,EstimateProcess,QtyOverride,tinyint,,3.0,0.0,YES,42
dbo,EstimateProcess,SpoilTable,varchar,5.0,,,YES,43
dbo,EstimateProcess,SpeedTable,varchar,5.0,,,YES,44
dbo,EstimateProcess,ProductionQuantity,float,,53.0,,YES,45
dbo,EstimateProcess,PartialColors,tinyint,,3.0,0.0,YES,46
dbo,EstimateProcess,ColorsSide1,smallint,,5.0,0.0,YES,47
dbo,EstimateProcess,ColorsSide2,smallint,,5.0,0.0,YES,48
dbo,EstimateProcess,RushCharge,tinyint,,3.0,0.0,YES,49
dbo,EstimateProcess,MarginalWord,varchar,40.0,,,YES,50
dbo,EstimateProcess,MarginalColor,varchar,40.0,,,YES,51
dbo,EstimateProcess,MarginalPosition,varchar,40.0,,,YES,52
dbo,EstimateProcess,PlateChange,tinyint,,3.0,0.0,YES,53
dbo,EstimateProcess,PlateVersion,varchar,2.0,,,YES,54
dbo,EstimateProcess,PreCollated,tinyint,,3.0,0.0,YES,55
dbo,EstimateProcess,DieNumber,varchar,50.0,,,YES,56
dbo,EstimateProcess,GrainCritical,tinyint,,3.0,0.0,YES,57
dbo,EstimateProcess,WebSigs,smallint,,5.0,0.0,YES,58
dbo,EstimateProcess,WebPages,smallint,,5.0,0.0,YES,59
dbo,EstimateProcess,DontGangSigs,tinyint,,3.0,0.0,YES,60
dbo,EstimateProcess,Color,varchar,20.0,,,YES,61
dbo,EstimateProcess,EntryDate,datetime,,,,YES,62
dbo,EstimateProcess,EntryTime,datetime,,,,YES,63
dbo,EstimateProcess,Comments,varchar,2000.0,,,YES,64
dbo,EstimateProcess,ManualParentOuts,tinyint,,3.0,0.0,YES,65
dbo,EstimateProcess,JobNumber,varchar,20.0,,,YES,66
dbo,EstimateProcess,RFQ,varchar,20.0,,,YES,67
dbo,EstimateProcess,ChangeOrder,bit,,,,YES,68
dbo,EstimateProcess,ApprovedBy,varchar,50.0,,,YES,69
dbo,EstimateProcess,ApprovalCode,varchar,10.0,,,YES,70
dbo,EstimateProcess,DueDate,datetime,,,,YES,71
dbo,EstimateProcess,SigWidth,real,,24.0,,YES,72
dbo,EstimateProcess,SigLength,real,,24.0,,YES,73
dbo,EstimateProcess,SigSize,varchar,23.0,,,YES,74
dbo,EstimateProcess,DontPrintOnTicket,tinyint,,3.0,0.0,YES,75
dbo,EstimateProcess,CustComments,varchar,2000.0,,,YES,76
dbo,EstimateProcess,ChangeDate,datetime,,,,YES,77
dbo,EstimateProcess,FixedUnitCost,money,,19.0,4.0,YES,78
dbo,EstimateProcess,MComments,text,2147483647.0,,,YES,79
dbo,EstimateProcess,MCustComments,text,2147483647.0,,,YES,80
dbo,EstimateProcess,DueTime,datetime,,,,YES,81
dbo,EstimateProcess,ChangeOrderID,varchar,10.0,,,YES,82
dbo,EstimateProcess,FormPartNumber,smallint,,5.0,0.0,YES,83
dbo,EstimateProcess,SetupSpoilage,int,,10.0,0.0,YES,84
dbo,EstimateProcess,SetupDifficulty,smallint,,5.0,0.0,YES,85
dbo,EstimateProcess,PrepressReps,real,,24.0,,YES,86
dbo,EstimateProcess,CreateOpr,varchar,50.0,,,YES,87
dbo,EstimateProcess,CreateDatim,datetime,,,,YES,88
dbo,EstimateProcess,UpdateOpr,varchar,50.0,,,YES,89
dbo,EstimateProcess,Updatedatim,datetime,,,,YES,90
dbo,EstimateProcess,Discount,real,,24.0,,YES,91
dbo,EstimateProcess,UserDefined1,varchar,100.0,,,YES,92
dbo,EstimateProcess,UserDefined2,varchar,100.0,,,YES,93
dbo,EstimateProcess,UserDefined3,varchar,100.0,,,YES,94
dbo,EstimateProcess,UserDefined4,varchar,100.0,,,YES,95
dbo,EstimateProcess,UserDefined5,varchar,100.0,,,YES,96
dbo,EstimateProcess,OnHandCode,int,,10.0,0.0,YES,97
dbo,EstimateProcess,CoatedOneSide,smallint,,5.0,0.0,YES,98
dbo,EstimateProcess,WTNTime,smallint,,5.0,0.0,YES,99
dbo,EstimateProcess,MinimumCost,money,,19.0,4.0,YES,100
dbo,EstimateProcess,OneSidedSheets,int,,10.0,0.0,YES,101
dbo,EstimateProcess,TwoSidedSheets,int,,10.0,0.0,YES,102
dbo,EstimateProcess,TemplateOption,smallint,,5.0,0.0,YES,103
dbo,EstimateProcess,Color1SidedSheets,int,,10.0,0.0,YES,104
dbo,EstimateProcess,Color2SidedSheets,int,,10.0,0.0,YES,105
dbo,EstimateProcess,GangFactor,real,,24.0,,YES,106
dbo,EstimateProcess,BlankSheets,int,,10.0,0.0,YES,107
dbo,EstimateProcess,StockOverride,int,,10.0,0.0,YES,108
dbo,EstimateProcess,CylinderCode,varchar,20.0,,,YES,109
dbo,EstimateProcess,ComboSheets,int,,10.0,0.0,YES,110
dbo,EstimateProcess,DontInvoiceItem,smallint,,5.0,0.0,YES,111
dbo,EstimateProcess,MultiplyByParts,smallint,,5.0,0.0,YES,112
dbo,EstimateProcess,GLAccount,varchar,50.0,,,YES,113
dbo,EstimateProcess,MMSI,real,,24.0,,YES,114
dbo,EstimateProcess,IncludeInGangRun,smallint,,5.0,0.0,YES,115
dbo,EstimateProcess,DontAddSpoilage,smallint,,5.0,0.0,YES,116
dbo,EstimateProcess,MarkupTable,varchar,5.0,,,YES,117
dbo,EstimateProcess,ExcludeCommission,smallint,,5.0,0.0,YES,118
dbo,EstimateProcess,HourlyRateOverride,money,,19.0,4.0,YES,119
dbo,EstimateProcess,ManufacturerItemNumber,varchar,50.0,,,YES,120
dbo,EstimateProcess,SupplierEstimateNumber,varchar,50.0,,,YES,121
dbo,EstimateProcess,CartonQuantity,float,,53.0,,YES,122
dbo,EstimateProcess,CoreDiameter,real,,24.0,,YES,123
dbo,EstimateProcess,RollDiameter,real,,24.0,,YES,124
dbo,EstimateProcess,AddToTemplatePrice,smallint,,5.0,0.0,YES,125
dbo,EstimateProcess,UnitCostOverride,money,,19.0,4.0,YES,126
dbo,EstimateProcess,IsAutoLoaded,smallint,,5.0,0.0,YES,127
dbo,EstimateProcess,MROverrideCode,int,,10.0,0.0,YES,128
dbo,EstimateProcess,UseRateOverrideAsPrice,smallint,,5.0,0.0,YES,129
dbo,EstimateProcess,IsInLineOpMaterial,smallint,,5.0,0.0,YES,130
dbo,EstimateProcess,OverrideUnitsPerCycle,smallint,,5.0,0.0,YES,131
dbo,EstimateProcess,UseWholeRolls,smallint,,5.0,0.0,YES,132
dbo,EstimateProcess,SlitToXAcross,int,,10.0,0.0,YES,133
dbo,EstimateProcess,PlowFolds,int,,10.0,0.0,YES,134
dbo,EstimateProcess,ID,bigint,,19.0,0.0,NO,135
dbo,EstimateProcess,ProcessID,bigint,,19.0,0.0,YES,136
dbo,EstimateProcess,ComponentID,bigint,,19.0,0.0,YES,137
dbo,EstimateProcess,RunSequence,int,,10.0,0.0,YES,138
dbo,EstimateProcess,ShipToCode,int,,10.0,0.0,YES,139
dbo,EstimateProcess,GLCOGAccount,varchar,50.0,,,YES,140
dbo,EstimateProcess,CurrencyCode,varchar,5.0,,,YES,141
dbo,EstimateProcess,ExchangeRate,real,,24.0,,YES,142
dbo,EstimateProcess,WebStockOverride,int,,10.0,0.0,YES,143
dbo,EstimateProcess,IsHat,smallint,,5.0,0.0,YES,144
dbo,EstimateQtyTable,EstimateNumber,varchar,50.0,,,NO,1
dbo,EstimateQtyTable,ComponentNumber,smallint,,5.0,0.0,NO,2
dbo,EstimateQtyTable,QuantityLineNo,int,,10.0,0.0,NO,3
dbo,EstimateQtyTable,Quantity,int,,10.0,0.0,YES,4
dbo,EstimateQtyTable,ProductionMarkup,real,,24.0,,YES,5
dbo,EstimateQtyTable,MaterialMarkup,real,,24.0,,YES,6
dbo,EstimateQtyTable,StockMarkup,real,,24.0,,YES,7
dbo,EstimateQtyTable,EntryDate,datetime,,,,YES,8
dbo,EstimateQtyTable,EntryTime,datetime,,,,YES,9
dbo,EstimateQtyTable,JobNumber,varchar,20.0,,,YES,10
dbo,EstimateQtyTable,RFQ,varchar,20.0,,,YES,11
dbo,EstimateQtyTable,ManualPrice,money,,19.0,4.0,YES,12
dbo,EstimateQtyTable,ProductionCost,money,,19.0,4.0,YES,13
dbo,EstimateQtyTable,MaterialCost,money,,19.0,4.0,YES,14
dbo,EstimateQtyTable,StockCost,money,,19.0,4.0,YES,15
dbo,EstimateQtyTable,OSCost,money,,19.0,4.0,YES,16
dbo,EstimateQtyTable,ProductionPrice,money,,19.0,4.0,YES,17
dbo,EstimateQtyTable,MaterialPrice,money,,19.0,4.0,YES,18
dbo,EstimateQtyTable,StockPrice,money,,19.0,4.0,YES,19
dbo,EstimateQtyTable,OSPrice,money,,19.0,4.0,YES,20
dbo,EstimateQtyTable,TotalMinutes,real,,24.0,,YES,21
dbo,EstimateQtyTable,TotalCost,money,,19.0,4.0,YES,22
dbo,EstimateQtyTable,TotalPrice,money,,19.0,4.0,YES,23
dbo,EstimateQtyTable,UserID,varchar,20.0,,,YES,24
dbo,EstimateQtyTable,AddColorCost,money,,19.0,4.0,YES,25
dbo,EstimateQtyTable,AddColorPrice,money,,19.0,4.0,YES,26
dbo,EstimateQtyTable,AddColorMatCost,money,,19.0,4.0,YES,27
dbo,EstimateQtyTable,AddColorMatPrice,money,,19.0,4.0,YES,28
dbo,EstimateQtyTable,GridPrice,money,,19.0,4.0,YES,29
dbo,EstimateQtyTable,CommissionAmount,money,,19.0,4.0,YES,30
dbo,EstimateQtyTable,AddMCost,money,,19.0,4.0,YES,31
dbo,EstimateQtyTable,AddMPrice,money,,19.0,4.0,YES,32
dbo,EstimateQtyTable,TaxAmountA,money,,19.0,4.0,YES,33
dbo,EstimateQtyTable,TaxAmountB,money,,19.0,4.0,YES,34
dbo,EstimateQtyTable,TaxAmountC,money,,19.0,4.0,YES,35
dbo,EstimateQtyTable,TaxAmountD,money,,19.0,4.0,YES,36
dbo,EstimateQtyTable,DiscountAmount,money,,19.0,4.0,YES,37
dbo,EstimateQtyTable,QuantityPerPackage,int,,10.0,0.0,YES,38
dbo,EstimateQtyTable,SetProductionMarkup,real,,24.0,,YES,39
dbo,EstimateQtyTable,SetMaterialMarkup,real,,24.0,,YES,40
dbo,EstimateQtyTable,SetPaperMarkup,real,,24.0,,YES,41
dbo,EstimateQtyTable,SetOSSMarkup,real,,24.0,,YES,42
dbo,EstimateQtyTable,SetProductionPrice,money,,19.0,4.0,YES,43
dbo,EstimateQtyTable,SetMaterialPrice,money,,19.0,4.0,YES,44
dbo,EstimateQtyTable,SetPaperPrice,money,,19.0,4.0,YES,45
dbo,EstimateQtyTable,SetOSSPrice,money,,19.0,4.0,YES,46
dbo,EstimateQtyTable,SetTotalPrice,money,,19.0,4.0,YES,47
dbo,EstimateQtyTable,SetProfitDollars,money,,19.0,4.0,YES,48
dbo,EstimateQtyTable,SetProfitPercentage,real,,24.0,,YES,49
dbo,EstimateQtyTable,SetValueAddedDollars,money,,19.0,4.0,YES,50
dbo,EstimateQtyTable,SetValueAddedPercentage,real,,24.0,,YES,51
dbo,EstimateQtyTable,PriceHasBeenSet,smallint,,5.0,0.0,YES,52
dbo,EstimateQtyTable,Overs,int,,10.0,0.0,YES,53
dbo,EstimateQtyTable,CreateOpr,varchar,50.0,,,YES,54
dbo,EstimateQtyTable,CreateDatim,datetime,,,,YES,55
dbo,EstimateQtyTable,UpdateOpr,varchar,50.0,,,YES,56
dbo,EstimateQtyTable,Updatedatim,datetime,,,,YES,57
dbo,EstimateQtyTable,DMProductionCost,money,,19.0,4.0,YES,58
dbo,EstimateQtyTable,CommissionPercentage,real,,24.0,,YES,59
dbo,EstimateQtyTable,ManualUnitPrice,money,,19.0,4.0,YES,60
dbo,EstimateQtyTable,AIProductionCost,money,,19.0,4.0,YES,61
dbo,EstimateQtyTable,TotalClickCost,money,,19.0,4.0,YES,62
dbo,EstimateQtyTable,OverrideCommissionPercentage,smallint,,5.0,0.0,YES,63
dbo,EstimateQtyTable,NumberOfRolls,int,,10.0,0.0,YES,64
dbo,EstimateQtyTable,ComboUnitCost,money,,19.0,4.0,YES,65
dbo,EstimateQtyTable,ComboUnitPrice,money,,19.0,4.0,YES,66
dbo,EstimateQtyTable,OAVAAdjustmentAmount,money,,19.0,4.0,YES,67
dbo,EstimateQtyTable,TaxOverrideAmount,money,,19.0,4.0,YES,68
dbo,EstimateQtyTable,ID,bigint,,19.0,0.0,NO,69
dbo,EstimateQtyTable,ComponentID,bigint,,19.0,0.0,YES,70
dbo,EstimateQtyTable,OAVAAdjustment,real,,24.0,,YES,71
dbo,EstimateQtyTable,UnitPrice,money,,19.0,4.0,YES,72
dbo,EstimateQtyTable,StitchLocation,varchar,20.0,,,YES,73
dbo,EstimateQtyTable,Description,varchar,50.0,,,YES,74
dbo,EstimateQtyTable,RoyaltyAmount,money,,19.0,4.0,YES,75
dbo,EstimateStatusCode,Code,varchar,5.0,,,NO,1
dbo,EstimateStatusCode,Description,varchar,50.0,,,YES,2
dbo,EstimateStatusCode,EntryDate,datetime,,,,YES,3
dbo,EstimateStatusCode,EntryTime,datetime,,,,YES,4
dbo,EstimateStatusCode,CreateOpr,varchar,50.0,,,YES,5
dbo,EstimateStatusCode,CreateDatim,datetime,,,,YES,6
dbo,EstimateStatusCode,UpdateOpr,varchar,50.0,,,YES,7
dbo,EstimateStatusCode,Updatedatim,datetime,,,,YES,8
dbo,EstimateTotals,EstimateNumber,varchar,20.0,,,NO,1
dbo,EstimateTotals,QuantityLineNo,int,,10.0,0.0,NO,2
dbo,EstimateTotals,Quantity,int,,10.0,0.0,YES,3
dbo,EstimateTotals,EntryDate,datetime,,,,YES,4
dbo,EstimateTotals,EntryTime,datetime,,,,YES,5
dbo,EstimateTotals,JobNumber,varchar,20.0,,,YES,6
dbo,EstimateTotals,RFQ,varchar,20.0,,,YES,7
dbo,EstimateTotals,TotalPrice,money,,19.0,4.0,YES,8
dbo,EstimateTotals,AddColorPrice,money,,19.0,4.0,YES,9
dbo,EstimateTotals,AddColorMatPrice,money,,19.0,4.0,YES,10
dbo,EstimateTotals,GridPrice,money,,19.0,4.0,YES,11
dbo,EstimateTotals,CommissionAmount,money,,19.0,4.0,YES,12
dbo,EstimateTotals,AddMPrice,money,,19.0,4.0,YES,13
dbo,EstimateTotals,TaxAmountA,money,,19.0,4.0,YES,14
dbo,EstimateTotals,TaxAmountB,money,,19.0,4.0,YES,15
dbo,EstimateTotals,TaxAmountC,money,,19.0,4.0,YES,16
dbo,EstimateTotals,TaxAmountD,money,,19.0,4.0,YES,17
dbo,EstimateTotals,DiscountAmount,money,,19.0,4.0,YES,18
dbo,EstimateTotals,CreateOpr,varchar,50.0,,,YES,19
dbo,EstimateTotals,CreateDatim,datetime,,,,YES,20
dbo,EstimateTotals,UpdateOpr,varchar,50.0,,,YES,21
dbo,EstimateTotals,Updatedatim,datetime,,,,YES,22
dbo,EstimateTotals,ID,bigint,,19.0,0.0,NO,23
dbo,EstimateTotals,HeaderID,bigint,,19.0,0.0,YES,24
dbo,EstimateUDFields,ID,int,,10.0,0.0,NO,1
dbo,EstimateUDFields,JobNumber,varchar,20.0,,,YES,2
dbo,EstimateUDFields,EstimateNumber,varchar,50.0,,,YES,3
dbo,EstimateUDFields,ComponentNumber,smallint,,5.0,0.0,YES,4
dbo,EstimateUDFields,FieldLabel,varchar,50.0,,,YES,5
dbo,EstimateUDFields,FieldValue,varchar,100.0,,,YES,6
dbo,EstimateUDFields,CreateOpr,varchar,50.0,,,YES,7
dbo,EstimateUDFields,CreateDatim,datetime,,,,YES,8
dbo,EstimateUDFields,UpdateOpr,varchar,50.0,,,YES,9
dbo,EstimateUDFields,Updatedatim,datetime,,,,YES,10
dbo,EstimateUDFields,ComponentID,bigint,,19.0,0.0,YES,11
dbo,EstimateUDFields,FieldSequenceNumber,smallint,,5.0,0.0,YES,12
dbo,EstimateUDFields,Section,varchar,50.0,,,NO,13
dbo,EstimateUnitCost,EstimateNumber,varchar,50.0,,,NO,1
dbo,EstimateUnitCost,ComponentNumber,smallint,,5.0,0.0,NO,2
dbo,EstimateUnitCost,GroupNo,smallint,,5.0,0.0,NO,3
dbo,EstimateUnitCost,ItemNumber,smallint,,5.0,0.0,NO,4
dbo,EstimateUnitCost,PartNumber,smallint,,5.0,0.0,NO,5
dbo,EstimateUnitCost,Quantity,int,,10.0,0.0,NO,6
dbo,EstimateUnitCost,UnitCost,money,,19.0,4.0,YES,7
dbo,EstimateUnitCost,MinimumCost,money,,19.0,4.0,YES,8
dbo,EstimateUnitCost,Markup,real,,24.0,,YES,9
dbo,EstimateUnitCost,EntryDate,datetime,,,,YES,10
dbo,EstimateUnitCost,EntryTime,datetime,,,,YES,11
dbo,EstimateUnitCost,Overs,int,,10.0,0.0,YES,12
dbo,EstimateUnitCost,JobNumber,varchar,20.0,,,YES,13
dbo,EstimateUnitCost,RFQ,varchar,20.0,,,YES,14
dbo,EstimateUnitCost,UnitPriceOverride,money,,19.0,4.0,YES,15
dbo,EstimateUnitCost,CreateOpr,varchar,50.0,,,YES,16
dbo,EstimateUnitCost,CreateDatim,datetime,,,,YES,17
dbo,EstimateUnitCost,UpdateOpr,varchar,50.0,,,YES,18
dbo,EstimateUnitCost,Updatedatim,datetime,,,,YES,19
dbo,EstimateUnitCost,QuantityOverride,int,,10.0,0.0,YES,20
dbo,EstimateUnitCost,ID,bigint,,19.0,0.0,NO,21
dbo,EstimateUnitCost,ProcessID,bigint,,19.0,0.0,YES,22
dbo,EstimateValue,EstimateNumber,varchar,50.0,,,NO,1
dbo,EstimateValue,ComponentNumber,smallint,,5.0,0.0,NO,2
dbo,EstimateValue,GroupNo,smallint,,5.0,0.0,NO,3
dbo,EstimateValue,ItemNumber,smallint,,5.0,0.0,NO,4
dbo,EstimateValue,PartNumber,smallint,,5.0,0.0,NO,5
dbo,EstimateValue,QuantityLineNo,int,,10.0,0.0,NO,6
dbo,EstimateValue,ProductionQuantity,float,,53.0,,YES,7
dbo,EstimateValue,MaterialQuantity,float,,53.0,,YES,8
dbo,EstimateValue,ProductionMinutes,float,,53.0,,YES,9
dbo,EstimateValue,ProductionTimeText,varchar,10.0,,,YES,10
dbo,EstimateValue,ProductionCost,money,,19.0,4.0,YES,11
dbo,EstimateValue,MaterialCost,money,,19.0,4.0,YES,12
dbo,EstimateValue,OSCost,money,,19.0,4.0,YES,13
dbo,EstimateValue,ProductionMarkup,real,,24.0,,YES,14
dbo,EstimateValue,MaterialMarkup,real,,24.0,,YES,15
dbo,EstimateValue,OSMarkup,real,,24.0,,YES,16
dbo,EstimateValue,ProductionPrice,money,,19.0,4.0,YES,17
dbo,EstimateValue,MaterialPrice,money,,19.0,4.0,YES,18
dbo,EstimateValue,OSPrice,money,,19.0,4.0,YES,19
dbo,EstimateValue,EntryDate,datetime,,,,YES,20
dbo,EstimateValue,EntryTime,datetime,,,,YES,21
dbo,EstimateValue,JobNumber,varchar,20.0,,,YES,22
dbo,EstimateValue,RFQ,varchar,20.0,,,YES,23
dbo,EstimateValue,UnitCost,money,,19.0,4.0,YES,24
dbo,EstimateValue,AddColorCost,money,,19.0,4.0,YES,25
dbo,EstimateValue,AddColorPrice,money,,19.0,4.0,YES,26
dbo,EstimateValue,AddMCost,money,,19.0,4.0,YES,27
dbo,EstimateValue,AddMPrice,money,,19.0,4.0,YES,28
dbo,EstimateValue,StockPounds,float,,53.0,,YES,29
dbo,EstimateValue,NetPounds,float,,53.0,,YES,30
dbo,EstimateValue,RunSpeed,int,,10.0,0.0,YES,31
dbo,EstimateValue,ProductionSpoilage,float,,53.0,,YES,32
dbo,EstimateValue,MaterialSpoilage,float,,53.0,,YES,33
dbo,EstimateValue,SideOneQuantity,float,,53.0,,YES,34
dbo,EstimateValue,SideTwoQuantity,float,,53.0,,YES,35
dbo,EstimateValue,SideOneSpeed,int,,10.0,0.0,YES,36
dbo,EstimateValue,SideTwoSpeed,int,,10.0,0.0,YES,37
dbo,EstimateValue,UserID,varchar,20.0,,,YES,38
dbo,EstimateValue,AddColorMatCost,money,,19.0,4.0,YES,39
dbo,EstimateValue,AddColorMatPrice,money,,19.0,4.0,YES,40
dbo,EstimateValue,SeparateMaterialMarkup,smallint,,5.0,0.0,YES,41
dbo,EstimateValue,SeparateProductionMarkup,smallint,,5.0,0.0,YES,42
dbo,EstimateValue,Percentage,real,,24.0,,YES,43
dbo,EstimateValue,GLAccount,varchar,50.0,,,YES,44
dbo,EstimateValue,JobPercentage,real,,24.0,,YES,45
dbo,EstimateValue,RollChanges,int,,10.0,0.0,YES,46
dbo,EstimateValue,CreateOpr,varchar,50.0,,,YES,47
dbo,EstimateValue,CreateDatim,datetime,,,,YES,48
dbo,EstimateValue,UpdateOpr,varchar,50.0,,,YES,49
dbo,EstimateValue,Updatedatim,datetime,,,,YES,50
dbo,EstimateValue,DMProductionCost,money,,19.0,4.0,YES,51
dbo,EstimateValue,GrossCount,real,,24.0,,YES,52
dbo,EstimateValue,NetCount,real,,24.0,,YES,53
dbo,EstimateValue,BinderyCount,real,,24.0,,YES,54
dbo,EstimateValue,MRCount,real,,24.0,,YES,55
dbo,EstimateValue,AIProductionCost,money,,19.0,4.0,YES,56
dbo,EstimateValue,PlantID,varchar,3.0,,,YES,57
dbo,EstimateValue,SpoilagePercentage,real,,24.0,,YES,58
dbo,EstimateValue,InputQuantity,float,,53.0,,YES,59
dbo,EstimateValue,OutputQuantity,float,,53.0,,YES,60
dbo,EstimateValue,MRSpoilagePercentage,real,,24.0,,YES,61
dbo,EstimateValue,MRSpoilage,float,,53.0,,YES,62
dbo,EstimateValue,ClickCost,money,,19.0,4.0,YES,63
dbo,EstimateValue,SetupMinutes,int,,10.0,0.0,YES,64
dbo,EstimateValue,SpeedOverride,int,,10.0,0.0,YES,65
dbo,EstimateValue,MRSpoilageOverride,int,,10.0,0.0,YES,66
dbo,EstimateValue,RunSpoilageOverride,float,,53.0,,YES,67
dbo,EstimateValue,ID,bigint,,19.0,0.0,NO,68
dbo,EstimateValue,ProcessID,bigint,,19.0,0.0,YES,69
dbo,EstimateValue,QtyTableID,bigint,,19.0,0.0,YES,70
dbo,EstimateValue,GroupPercentage,real,,24.0,,YES,71
dbo,EstimateValue,RoyaltyAmount,money,,19.0,4.0,YES,72
dbo,ExternalLink,ID,int,,10.0,0.0,NO,1
dbo,ExternalLink,Source,varchar,50.0,,,YES,2
dbo,ExternalLink,OptionName,varchar,100.0,,,YES,3
dbo,ExternalLink,OptionValue,varchar,-1.0,,,YES,4
dbo,ExternalLink,IsFinishedGoodItem,smallint,,5.0,0.0,YES,5
dbo,ExternalLink,IsFinishedGoodKit,smallint,,5.0,0.0,YES,6
dbo,ExternalLink,CreateOpr,varchar,50.0,,,YES,7
dbo,ExternalLink,CreateDatim,datetime,,,,YES,8
dbo,ExternalLink,UpdateOpr,varchar,50.0,,,YES,9
dbo,ExternalLink,UpdateDatim,datetime,,,,YES,10
dbo,ExternalLink,AdditionalField,varchar,100.0,,,YES,11
dbo,ExternalLink,ApplicationName,varchar,100.0,,,YES,12
dbo,ExternalLink,AdditionalOption,varchar,100.0,,,NO,13
dbo,FGKit,Code,varchar,50.0,,,NO,1
dbo,FGKit,CategoryCode,varchar,10.0,,,YES,2
dbo,FGKit,Description,varchar,50.0,,,YES,3
dbo,FGKit,Comments,varchar,2000.0,,,YES,4
dbo,FGKit,UnitOfMeasure,varchar,20.0,,,YES,5
dbo,FGKit,EntryDate,datetime,,,,YES,6
dbo,FGKit,EntryTime,datetime,,,,YES,7
dbo,FGKit,CreateOpr,varchar,50.0,,,YES,8
dbo,FGKit,CreateDatim,datetime,,,,YES,9
dbo,FGKit,UpdateOpr,varchar,50.0,,,YES,10
dbo,FGKit,Updatedatim,datetime,,,,YES,11
dbo,FGKit,UserDefined1,varchar,50.0,,,YES,12
dbo,FGKit,UserDefined2,varchar,50.0,,,YES,13
dbo,FGKit,UserDefined3,varchar,50.0,,,YES,14
dbo,FGKit,UserDefined4,varchar,50.0,,,YES,15
dbo,FGKit,UserDefined5,varchar,50.0,,,YES,16
dbo,FGKit,AllowNegativeDeductions,smallint,,5.0,0.0,YES,17
dbo,FGKit,PlantID,varchar,3.0,,,YES,18
dbo,FGKit,ToMaterialCode,varchar,50.0,,,YES,19
dbo,FGKitItem,Code,int,,10.0,0.0,NO,1
dbo,FGKitItem,KitCode,varchar,50.0,,,YES,2
dbo,FGKitItem,MaterialType,varchar,2.0,,,YES,3
dbo,FGKitItem,MaterialCode,varchar,50.0,,,YES,4
dbo,FGKitItem,QuantityPerKit,int,,10.0,0.0,YES,5
dbo,FGKitItem,EntryDate,datetime,,,,YES,6
dbo,FGKitItem,EntryTime,datetime,,,,YES,7
dbo,FGKitItem,CreateOpr,varchar,50.0,,,YES,8
dbo,FGKitItem,CreateDatim,datetime,,,,YES,9
dbo,FGKitItem,UpdateOpr,varchar,50.0,,,YES,10
dbo,FGKitItem,Updatedatim,datetime,,,,YES,11
dbo,FGKitPrice,KitCode,varchar,50.0,,,NO,1
dbo,FGKitPrice,Quantity,int,,10.0,0.0,NO,2
dbo,FGKitPrice,UnitPrice,decimal,,38.0,8.0,YES,3
dbo,FGKitPrice,EntryDate,datetime,,,,YES,4
dbo,FGKitPrice,EntryTime,datetime,,,,YES,5
dbo,FGKitPrice,CreateOpr,varchar,50.0,,,YES,6
dbo,FGKitPrice,CreateDatim,datetime,,,,YES,7
dbo,FGKitPrice,UpdateOpr,varchar,50.0,,,YES,8
dbo,FGKitPrice,Updatedatim,datetime,,,,YES,9
dbo,FGKitPrice,UnitCost,money,,19.0,4.0,YES,10
dbo,FlexJobStatus,ID,int,,10.0,0.0,NO,1
dbo,FlexJobStatus,JobID,varchar,50.0,,,YES,2
dbo,FlexJobStatus,JobPart,int,,10.0,0.0,YES,3
dbo,FlexJobStatus,ProductionCode,varchar,300.0,,,YES,4
dbo,FlexJobStatus,XMLLogID,int,,10.0,0.0,YES,5
dbo,FlexJobStatus,CurrentMachineState,varchar,50.0,,,YES,6
dbo,FlexJobStatus,CurrentOperatorMapped,varchar,50.0,,,YES,7
dbo,FlexJobStatus,CurrentMachineReasonCodeMapped,varchar,50.0,,,YES,8
dbo,FlexJobStatus,JobPass,bigint,,19.0,0.0,YES,9
dbo,FlexLogDetail,ID,int,,10.0,0.0,NO,1
dbo,FlexLogDetail,FlexLogHeaderID,int,,10.0,0.0,YES,2
dbo,FlexLogDetail,PK,bigint,,19.0,0.0,YES,3
dbo,FlexLogDetail,PersonnelPass_FK,bigint,,19.0,0.0,YES,4
dbo,FlexLogDetail,JobPass_FK,bigint,,19.0,0.0,YES,5
dbo,FlexLogDetail,JobCode,varchar,50.0,,,YES,6
dbo,FlexLogDetail,EmployeeCode,varchar,50.0,,,YES,7
dbo,FlexLogDetail,MachineCode,varchar,50.0,,,YES,8
dbo,FlexLogDetail,StartTime,datetime,,,,YES,9
dbo,FlexLogDetail,StartTime_Local,datetime,,,,YES,10
dbo,FlexLogDetail,EndTime,datetime,,,,YES,11
dbo,FlexLogDetail,EndTime_Local,datetime,,,,YES,12
dbo,FlexLogDetail,NetCount,int,,10.0,0.0,YES,13
dbo,FlexLogDetail,GrossCount,int,,10.0,0.0,YES,14
dbo,FlexLogDetail,IsLeadOperator,smallint,,5.0,0.0,YES,15
dbo,FlexLogDetail,IsComponentComplete,smallint,,5.0,0.0,YES,16
dbo,FlexLogDetail,IsRework,smallint,,5.0,0.0,YES,17
dbo,FlexLogDetail,StateCode,int,,10.0,0.0,YES,18
dbo,FlexLogDetail,StateDescription,varchar,50.0,,,YES,19
dbo,FlexLogDetail,ReasonCode,varchar,50.0,,,YES,20
dbo,FlexLogDetail,IsChanged,smallint,,5.0,0.0,YES,21
dbo,FlexLogDetail,CustomKey,varchar,50.0,,,YES,22
dbo,FlexLogDetail,ActivityChangeKey,int,,10.0,0.0,YES,23
dbo,FlexLogDetail,IsJobActive,smallint,,5.0,0.0,YES,24
dbo,FlexLogDetail,ProductionCode,int,,10.0,0.0,YES,25
dbo,FlexLogHeader,ID,int,,10.0,0.0,NO,1
dbo,FlexLogHeader,MachineName,varchar,200.0,,,YES,2
dbo,FlexLogHeader,CreateOpr,varchar,50.0,,,YES,3
dbo,FlexLogHeader,CreateDatim,datetime,,,,YES,4
dbo,FlexLogHeader,UpdateOpr,varchar,50.0,,,YES,5
dbo,FlexLogHeader,UpdateDatim,datetime,,,,YES,6
dbo,ForeignCurrency,Code,varchar,5.0,,,NO,1
dbo,ForeignCurrency,Description,varchar,50.0,,,YES,2
dbo,ForeignCurrency,EntryDate,datetime,,,,YES,3
dbo,ForeignCurrency,EntryTime,datetime,,,,YES,4
dbo,ForeignCurrency,CreateOpr,varchar,50.0,,,YES,5
dbo,ForeignCurrency,CreateDatim,datetime,,,,YES,6
dbo,ForeignCurrency,UpdateOpr,varchar,50.0,,,YES,7
dbo,ForeignCurrency,Updatedatim,datetime,,,,YES,8
dbo,ForeignCurrency,RecordType,varchar,1.0,,,YES,9
dbo,ForeignCurrency,OnLineDescription,varchar,50.0,,,YES,10
dbo,ForeignCurrency,JDFExport,smallint,,5.0,0.0,YES,11
dbo,ForeignCurrency,ConversionRate,real,,24.0,,YES,12
dbo,ForeignCurrency,ComponentType,varchar,20.0,,,YES,13
dbo,ForeignCurrency,TemplateType,smallint,,5.0,0.0,YES,14
dbo,ForeignCurrency,PlantID,varchar,5.0,,,YES,15
dbo,ForeignCurrency,CurrencySymbol,varchar,1.0,,,YES,16
dbo,ForeignCurrency,MerchantID,varchar,50.0,,,YES,17
dbo,ForeignCurrencyHistory,ID,int,,10.0,0.0,NO,1
dbo,ForeignCurrencyHistory,CurrencyCode,varchar,5.0,,,YES,2
dbo,ForeignCurrencyHistory,ConversionRate,real,,24.0,,YES,3
dbo,ForeignCurrencyHistory,PostingDate,datetime,,,,YES,4
dbo,ForeignCurrencyHistory,CreateOpr,varchar,50.0,,,YES,5
dbo,ForeignCurrencyHistory,CreateDatim,datetime,,,,YES,6
dbo,ForeignCurrencyHistory,UpdateOpr,varchar,50.0,,,YES,7
dbo,ForeignCurrencyHistory,UpdateDatim,datetime,,,,YES,8
dbo,ForeignCurrencyHistory,Section,smallint,,5.0,0.0,YES,9
dbo,ForeignCurrencyHistory,TransactionRef,varchar,50.0,,,YES,10
dbo,GangRunComponent,Code,int,,10.0,0.0,NO,1
dbo,GangRunComponent,GangRunHeaderCode,int,,10.0,0.0,YES,2
dbo,GangRunComponent,JobNumber,varchar,20.0,,,YES,3
dbo,GangRunComponent,Percentage,real,,24.0,,YES,4
dbo,GangRunComponent,CreateOpr,varchar,50.0,,,YES,5
dbo,GangRunComponent,CreateDatim,datetime,,,,YES,6
dbo,GangRunComponent,UpdateOpr,varchar,50.0,,,YES,7
dbo,GangRunComponent,Updatedatim,datetime,,,,YES,8
dbo,GangRunComponent,ComponentNumber,smallint,,5.0,0.0,YES,9
dbo,GangRunComponent,Quantity,int,,10.0,0.0,YES,10
dbo,GangRunComponent,EntryDate,datetime,,,,YES,11
dbo,GangRunComponent,EntryTime,datetime,,,,YES,12
dbo,GangRunComponent,Length,real,,24.0,,YES,13
dbo,GangRunComponent,Width,real,,24.0,,YES,14
dbo,GangRunComponent,LayoutReference,varchar,20.0,,,YES,15
dbo,GangRunComponent,ParentGangRunHeaderCode,int,,10.0,0.0,YES,16
dbo,GangRunDiagram,Code,int,,10.0,0.0,NO,1
dbo,GangRunDiagram,GangRunHeaderCode,int,,10.0,0.0,YES,2
dbo,GangRunDiagram,Position,int,,10.0,0.0,YES,3
dbo,GangRunDiagram,Side,int,,10.0,0.0,YES,4
dbo,GangRunDiagram,JobNumber,varchar,50.0,,,YES,5
dbo,GangRunDiagram,ComponentNumber,smallint,,5.0,0.0,YES,6
dbo,GangRunDiagram,ImagePath,varchar,2000.0,,,YES,7
dbo,GangRunDiagram,ImageIsRotated,real,,24.0,,YES,8
dbo,GangRunDiagram,CreateOpr,varchar,50.0,,,YES,9
dbo,GangRunDiagram,CreateDatim,datetime,,,,YES,10
dbo,GangRunDiagram,UpdateOpr,varchar,50.0,,,YES,11
dbo,GangRunDiagram,UpdateDatim,datetime,,,,YES,12
dbo,GangRunDiagram,LotNumber,int,,10.0,0.0,YES,13
dbo,GangRunHeader,Code,int,,10.0,0.0,NO,1
dbo,GangRunHeader,Description,varchar,50.0,,,YES,2
dbo,GangRunHeader,CreateOpr,varchar,50.0,,,YES,3
dbo,GangRunHeader,CreateDatim,datetime,,,,YES,4
dbo,GangRunHeader,UpdateOpr,varchar,50.0,,,YES,5
dbo,GangRunHeader,Updatedatim,datetime,,,,YES,6
dbo,GangRunHeader,GangRunByQuantity,smallint,,5.0,0.0,YES,7
dbo,GangRunHeader,EntryDate,datetime,,,,YES,8
dbo,GangRunHeader,EntryTime,datetime,,,,YES,9
dbo,GangRunHeader,TotalSquareInches,int,,10.0,0.0,YES,10
dbo,GangRunHeader,GangRunByArea,smallint,,5.0,0.0,YES,11
dbo,GangRunHeader,OutsideOrderID,varchar,20.0,,,YES,12
dbo,GangRunHeader,PlanningJobNumber,varchar,20.0,,,YES,13
dbo,GangRunHeader,IsEstimate,smallint,,5.0,0.0,YES,14
dbo,GangRunHeader,EstimateNumber,varchar,20.0,,,YES,15
dbo,GangRunHeader,PlanningComponentNumber,smallint,,5.0,0.0,YES,16
dbo,GangRunRule,Code,int,,10.0,0.0,NO,1
dbo,GangRunRule,TemplateCode,varchar,50.0,,,YES,2
dbo,GangRunRule,ProcessCode,int,,10.0,0.0,YES,3
dbo,GangRunRule,MaterialCode,varchar,50.0,,,YES,4
dbo,GangRunRule,RestrictSideTwo,real,,24.0,,YES,5
dbo,GangRunRule,Position,int,,10.0,0.0,YES,6
dbo,GangRunRule,CreateOpr,varchar,50.0,,,YES,7
dbo,GangRunRule,CreateDatim,datetime,,,,YES,8
dbo,GangRunRule,UpdateOpr,varchar,50.0,,,YES,9
dbo,GangRunRule,UpdateDatim,datetime,,,,YES,10
dbo,GLAccount,GLAccount,varchar,50.0,,,NO,1
dbo,GLAccount,Description,varchar,50.0,,,YES,2
dbo,GLAccount,EntryDate,datetime,,,,YES,3
dbo,GLAccount,EntryTime,datetime,,,,YES,4
dbo,GLAccount,AccountType,smallint,,5.0,0.0,YES,5
dbo,GLAccount,CreateOpr,varchar,50.0,,,YES,6
dbo,GLAccount,CreateDatim,datetime,,,,YES,7
dbo,GLAccount,UpdateOpr,varchar,50.0,,,YES,8
dbo,GLAccount,Updatedatim,datetime,,,,YES,9
dbo,GLAccount,Name,varchar,50.0,,,YES,10
dbo,GLAccount,QuickName,varchar,50.0,,,YES,11
dbo,GLAccount,AcctType,varchar,1.0,,,YES,12
dbo,GLAccount,CrDrFlag,varchar,1.0,,,YES,13
dbo,GLAccount,Active,smallint,,5.0,0.0,YES,14
dbo,GLAccount,PrecedingLines,smallint,,5.0,0.0,YES,15
dbo,GLAccount,FollowingLines,smallint,,5.0,0.0,YES,16
dbo,GLAccount,Notes,varchar,2000.0,,,YES,17
dbo,GLAccount,SubType,varchar,2.0,,,YES,18
dbo,GLAccount,AddToAccount,varchar,50.0,,,YES,19
dbo,GLAccount,OverLine,varchar,1.0,,,YES,20
dbo,GLAccount,UnderLine,varchar,50.0,,,YES,21
dbo,GLAccount,Budget,smallint,,5.0,0.0,YES,22
dbo,GLAccount,Report,smallint,,5.0,0.0,YES,23
dbo,GLAccount,QBListID,varchar,50.0,,,YES,24
dbo,GLAccount,CashAccount,smallint,,5.0,0.0,YES,25
dbo,GLAccount,LineAbove,smallint,,5.0,0.0,YES,26
dbo,GLAccount,SpaceUnder,smallint,,5.0,0.0,YES,27
dbo,GLAccount,PageBreak,smallint,,5.0,0.0,YES,28
dbo,GLAccount,DeptCode,varchar,50.0,,,YES,29
dbo,GLAccount,MainCode,varchar,50.0,,,YES,30
dbo,GLAccount,SubCode,varchar,50.0,,,YES,31
dbo,GLAccount,UserDefined1,varchar,50.0,,,YES,32
dbo,GLAccount,PlantID,varchar,3.0,,,YES,33
dbo,GLAccount,UserDefined2,varchar,50.0,,,YES,34
dbo,GLAccount,UserDefined3,varchar,50.0,,,YES,35
dbo,GLAccount,UserDefined4,varchar,50.0,,,YES,36
dbo,GLAccount,UserDefined5,varchar,50.0,,,YES,37
dbo,GLAccount,Formating,smallint,,5.0,0.0,YES,38
dbo,GLAccount,TotalFrom,varchar,50.0,,,YES,39
dbo,GLAccount,DashesAbove,smallint,,5.0,0.0,YES,40
dbo,GLAccount,DashesBelow,smallint,,5.0,0.0,YES,41
dbo,GLAccount,IsUnderPayAccount,smallint,,5.0,0.0,YES,42
dbo,GLAccount,CurrencyCode,varchar,5.0,,,YES,43
dbo,GLAccount,CashFlowReport,smallint,,5.0,0.0,YES,44
dbo,GLAccount,QBOListID,varchar,50.0,,,YES,45
dbo,GLAccountingPeriods,RelativeYear,smallint,,5.0,0.0,NO,1
dbo,GLAccountingPeriods,CreateOpr,varchar,50.0,,,YES,2
dbo,GLAccountingPeriods,CreateDatim,datetime,,,,YES,3
dbo,GLAccountingPeriods,UpdateOpr,varchar,50.0,,,YES,4
dbo,GLAccountingPeriods,UpdateDatim,datetime,,,,YES,5
dbo,GLAccountingPeriods,YearEnd,datetime,,,,YES,6
dbo,GLAccountingPeriods,YearDisplay,smallint,,5.0,0.0,YES,7
dbo,GLAccountingPeriods,Period1Name,varchar,10.0,,,YES,8
dbo,GLAccountingPeriods,Period2Name,varchar,10.0,,,YES,9
dbo,GLAccountingPeriods,Period3Name,varchar,10.0,,,YES,10
dbo,GLAccountingPeriods,Period4Name,varchar,10.0,,,YES,11
dbo,GLAccountingPeriods,Period5Name,varchar,10.0,,,YES,12
dbo,GLAccountingPeriods,Period6Name,varchar,10.0,,,YES,13
dbo,GLAccountingPeriods,Period7Name,varchar,10.0,,,YES,14
dbo,GLAccountingPeriods,Period8Name,varchar,10.0,,,YES,15
dbo,GLAccountingPeriods,Period9Name,varchar,10.0,,,YES,16
dbo,GLAccountingPeriods,Period10Name,varchar,10.0,,,YES,17
dbo,GLAccountingPeriods,Period11Name,varchar,10.0,,,YES,18
dbo,GLAccountingPeriods,Period12Name,varchar,10.0,,,YES,19
dbo,GLAccountingPeriods,Period13Name,varchar,10.0,,,YES,20
dbo,GLAccountingPeriods,Era1Date,datetime,,,,YES,21
dbo,GLAccountingPeriods,Era2Date,datetime,,,,YES,22
dbo,GLAccountingPeriods,Era3Date,datetime,,,,YES,23
dbo,GLAccountingPeriods,Era4Date,datetime,,,,YES,24
dbo,GLAccountingPeriods,Era5Date,datetime,,,,YES,25
dbo,GLAccountingPeriods,Era6Date,datetime,,,,YES,26
dbo,GLAccountingPeriods,Era7Date,datetime,,,,YES,27
dbo,GLAccountingPeriods,Era8Date,datetime,,,,YES,28
dbo,GLAccountingPeriods,Era9Date,datetime,,,,YES,29
dbo,GLAccountingPeriods,Era10Date,datetime,,,,YES,30
dbo,GLAccountingPeriods,Era11Date,datetime,,,,YES,31
dbo,GLAccountingPeriods,Era12Date,datetime,,,,YES,32
dbo,GLAccountingPeriods,Era13Date,datetime,,,,YES,33
dbo,GLAccountingPeriods,Era1,int,,10.0,0.0,YES,34
dbo,GLAccountingPeriods,Era2,int,,10.0,0.0,YES,35
dbo,GLAccountingPeriods,Era3,int,,10.0,0.0,YES,36
dbo,GLAccountingPeriods,Era4,int,,10.0,0.0,YES,37
dbo,GLAccountingPeriods,Era5,int,,10.0,0.0,YES,38
dbo,GLAccountingPeriods,Era6,int,,10.0,0.0,YES,39
dbo,GLAccountingPeriods,Era7,int,,10.0,0.0,YES,40
dbo,GLAccountingPeriods,Era8,int,,10.0,0.0,YES,41
dbo,GLAccountingPeriods,Era9,int,,10.0,0.0,YES,42
dbo,GLAccountingPeriods,Era10,int,,10.0,0.0,YES,43
dbo,GLAccountingPeriods,Era11,int,,10.0,0.0,YES,44
dbo,GLAccountingPeriods,Era12,int,,10.0,0.0,YES,45
dbo,GLAccountingPeriods,Era13,int,,10.0,0.0,YES,46
dbo,GLAccountingPeriods,GL1Name,varchar,10.0,,,YES,47
dbo,GLAccountingPeriods,GL2Name,varchar,10.0,,,YES,48
dbo,GLAccountingPeriods,GL3Name,varchar,10.0,,,YES,49
dbo,GLAccountingPeriods,GL4Name,varchar,10.0,,,YES,50
dbo,GLAccountingPeriods,GL5Name,varchar,10.0,,,YES,51
dbo,GLAccountingPeriods,GL6Name,varchar,10.0,,,YES,52
dbo,GLAccountingPeriods,GL7Name,varchar,10.0,,,YES,53
dbo,GLAccountingPeriods,GL8Name,varchar,10.0,,,YES,54
dbo,GLAccountingPeriods,GL9Name,varchar,10.0,,,YES,55
dbo,GLAccountingPeriods,GL10Name,varchar,10.0,,,YES,56
dbo,GLAccountingPeriods,GL11Name,varchar,10.0,,,YES,57
dbo,GLAccountingPeriods,GL12Name,varchar,10.0,,,YES,58
dbo,GLAccountingPeriods,GL13Name,varchar,10.0,,,YES,59
dbo,GLAccountingPeriods,GL1Date,datetime,,,,YES,60
dbo,GLAccountingPeriods,GL2Date,datetime,,,,YES,61
dbo,GLAccountingPeriods,GL3Date,datetime,,,,YES,62
dbo,GLAccountingPeriods,GL4Date,datetime,,,,YES,63
dbo,GLAccountingPeriods,GL5Date,datetime,,,,YES,64
dbo,GLAccountingPeriods,GL6Date,datetime,,,,YES,65
dbo,GLAccountingPeriods,GL7Date,datetime,,,,YES,66
dbo,GLAccountingPeriods,GL8Date,datetime,,,,YES,67
dbo,GLAccountingPeriods,GL9Date,datetime,,,,YES,68
dbo,GLAccountingPeriods,GL11Date,datetime,,,,YES,69
dbo,GLAccountingPeriods,GL10Date,datetime,,,,YES,70
dbo,GLAccountingPeriods,GL12Date,datetime,,,,YES,71
dbo,GLAccountingPeriods,GL13Date,datetime,,,,YES,72
dbo,GLBatchHeader,BatchID,int,,10.0,0.0,NO,1
dbo,GLBatchHeader,SourceModule,varchar,2.0,,,YES,2
dbo,GLBatchHeader,CreateOpr,varchar,50.0,,,YES,3
dbo,GLBatchHeader,CreateDatim,datetime,,,,YES,4
dbo,GLBatchHeader,UpdateOpr,varchar,50.0,,,YES,5
dbo,GLBatchHeader,UpdateDatim,datetime,,,,YES,6
dbo,GLBatchHeader,PlantID,varchar,3.0,,,YES,7
dbo,GLBatchHeader,TransactionType,varchar,15.0,,,YES,8
dbo,GLBatchHeader,Status,varchar,1.0,,,YES,9
dbo,GLBatchHeader,BatchDate,datetime,,,,YES,10
dbo,GLBatchHeader,Era,int,,10.0,0.0,YES,11
dbo,GLBatchHeader,PostDate,datetime,,,,YES,12
dbo,GLBatchHeader,PostOpr,varchar,50.0,,,YES,13
dbo,GLBatchHeader,TransQty,int,,10.0,0.0,YES,14
dbo,GLBatchHeader,TransVal,money,,19.0,4.0,YES,15
dbo,GLBatchHeader,Description,varchar,50.0,,,YES,16
dbo,GLBatchHeader,Contents,varchar,50.0,,,YES,17
dbo,GLBatchHeader,ParentModule,varchar,2.0,,,YES,18
dbo,GLBatchHeader,ParentBatch,int,,10.0,0.0,YES,19
dbo,GLBatchHeader,Repeat,smallint,,5.0,0.0,YES,20
dbo,GLBatchHeader,BankCode,varchar,50.0,,,YES,21
dbo,GLBatchHeader,CBBatch,int,,10.0,0.0,YES,22
dbo,GLBatchHeader,GLBatch,int,,10.0,0.0,YES,23
dbo,GLBatchHeader,BatchOpen,smallint,,5.0,0.0,YES,24
dbo,GLBatchHeader,BatchOpenBy,varchar,50.0,,,YES,25
dbo,GLBatchHeader,SourceBatch,int,,10.0,0.0,YES,26
dbo,GLBatchHeader,CurrencyCode,varchar,5.0,,,YES,27
dbo,GLBatchHeader,ExchangeRate,real,,24.0,,YES,28
dbo,GLBatchHeader,FromMonthEnd,smallint,,5.0,0.0,YES,29
dbo,GLCodeException,ID,int,,10.0,0.0,NO,1
dbo,GLCodeException,InvalidGLCode,varchar,50.0,,,YES,2
dbo,GLCodeException,ValidGLCode,varchar,50.0,,,YES,3
dbo,GLCodeException,CreateOpr,varchar,50.0,,,YES,4
dbo,GLCodeException,CreateDatim,datetime,,,,YES,5
dbo,GLCodeException,UpdateOpr,varchar,50.0,,,YES,6
dbo,GLCodeException,Updatedatim,datetime,,,,YES,7
dbo,GLMonthEnd,ID,int,,10.0,0.0,NO,1
dbo,GLMonthEnd,BatchID,int,,10.0,0.0,YES,2
dbo,GLMonthEnd,SourceID,int,,10.0,0.0,YES,3
dbo,GLMonthEnd,SourceRef,int,,10.0,0.0,YES,4
dbo,GLMonthEnd,Amount,money,,19.0,4.0,YES,5
dbo,GLMonthEnd,Updatedatim,datetime,,,,YES,6
dbo,GLMonthEnd,UpdateOpr,varchar,50.0,,,YES,7
dbo,GLMonthEnd,Createdatim,datetime,,,,YES,8
dbo,GLMonthEnd,CreateOpr,varchar,50.0,,,YES,9
dbo,GLStandards,CompanyID,varchar,3.0,,,NO,1
dbo,GLStandards,TransPeriod,smallint,,5.0,0.0,YES,2
dbo,GLStandards,SummaryPeriod,smallint,,5.0,0.0,YES,3
dbo,GLStandards,NextBatch,int,,10.0,0.0,YES,4
dbo,GLStandards,LastAudit,int,,10.0,0.0,YES,5
dbo,GLStandards,CurrentEra,int,,10.0,0.0,YES,6
dbo,GLStandards,CloseOffOpr,varchar,50.0,,,YES,7
dbo,GLStandards,CloseOffDatim,datetime,,,,YES,8
dbo,GLStandards,CloseOffEra,int,,10.0,0.0,YES,9
dbo,GLStandards,ARIntegration,smallint,,5.0,0.0,YES,10
dbo,GLStandards,APIntegration,smallint,,5.0,0.0,YES,11
dbo,GLStandards,CBIntegration,smallint,,5.0,0.0,YES,12
dbo,GLStandards,Suspense,varchar,50.0,,,YES,13
dbo,GLStandards,RetErnings,varchar,50.0,,,YES,14
dbo,GLStandards,ARControl,varchar,50.0,,,YES,15
dbo,GLStandards,APControl,varchar,50.0,,,YES,16
dbo,GLStandards,ARTax,varchar,50.0,,,YES,17
dbo,GLStandards,APTax,varchar,50.0,,,YES,18
dbo,GLStandards,ARBank,varchar,50.0,,,YES,19
dbo,GLStandards,APBank,varchar,50.0,,,YES,20
dbo,GLStandards,DeptCode,smallint,,5.0,0.0,YES,21
dbo,GLStandards,AcctCode,smallint,,5.0,0.0,YES,22
dbo,GLStandards,SubCode,smallint,,5.0,0.0,YES,23
dbo,GLStandards,CreateOpr,varchar,50.0,,,YES,24
dbo,GLStandards,CreateDatim,datetime,,,,YES,25
dbo,GLStandards,UpdateOpr,varchar,50.0,,,YES,26
dbo,GLStandards,UpdateDatim,datetime,,,,YES,27
dbo,GLStandards,Consolidate,smallint,,5.0,0.0,YES,28
dbo,GLStandards,EOPOpen,smallint,,5.0,0.0,YES,29
dbo,GLStandards,EOPOpenBy,varchar,50.0,,,YES,30
dbo,GLStandards,SuspenseTotals,varchar,50.0,,,YES,31
dbo,GLStandards,POAccrualAccount,varchar,50.0,,,YES,32
dbo,GLStandards,MaterialWIPAccount,varchar,50.0,,,YES,33
dbo,GLStandards,MaterialAppliedAccount,varchar,50.0,,,YES,34
dbo,GLStandards,MaterialOnHandAccount,varchar,50.0,,,YES,35
dbo,GLStandards,MaterialCOSAccount,varchar,50.0,,,YES,36
dbo,GLStandards,MaterialExpenseAccount,varchar,50.0,,,YES,37
dbo,GLStandards,LaborWIPAccount,varchar,50.0,,,YES,38
dbo,GLStandards,LaborAppliedAccount,varchar,50.0,,,YES,39
dbo,GLStandards,LaborCOSAccount,varchar,50.0,,,YES,40
dbo,GLStandards,LaborExpenseAccount,varchar,50.0,,,YES,41
dbo,GLStandards,OSSWIPAccount,varchar,50.0,,,YES,42
dbo,GLStandards,OSSAppliedAccount,varchar,50.0,,,YES,43
dbo,GLStandards,OSSCOSAccount,varchar,50.0,,,YES,44
dbo,GLStandards,OSSExpenseAccount,varchar,50.0,,,YES,45
dbo,GLStandards,LaborIntegration,smallint,,5.0,0.0,YES,46
dbo,GLStandards,InventoryIntegration,smallint,,5.0,0.0,YES,47
dbo,GLStandards,ARFreight,varchar,50.0,,,YES,48
dbo,GLStandards,ARHandling,varchar,50.0,,,YES,49
dbo,GLStandards,ARPostage,varchar,50.0,,,YES,50
dbo,GLStandards,MaterialAdjustmentAccount,varchar,50.0,,,YES,51
dbo,GLStandards,IntercompanySalesAccount,varchar,50.0,,,YES,52
dbo,GLStandards,DeferredSalesAccount,varchar,50.0,,,YES,53
dbo,GLStandards,CreditCardBank,varchar,50.0,,,YES,54
dbo,GLStandards,OtherBank,varchar,50.0,,,YES,55
dbo,GLStandards,RetainedEarningsByPlant,smallint,,5.0,0.0,YES,56
dbo,GLStandards,BatchDateMustMatch,smallint,,5.0,0.0,YES,57
dbo,GLStandards,BatchOpenPosting,smallint,,5.0,0.0,YES,58
dbo,GLStandards,ExcludeIOFromReports,smallint,,5.0,0.0,YES,59
dbo,GLStandards,ARCreditCardFee,varchar,50.0,,,YES,60
dbo,GLSubAccount,GLSubAccount,varchar,50.0,,,NO,1
dbo,GLSubAccount,Description,varchar,50.0,,,YES,2
dbo,GLSubAccount,EntryDate,datetime,,,,YES,3
dbo,GLSubAccount,EntryTime,datetime,,,,YES,4
dbo,GLSubAccount,CreateOpr,varchar,50.0,,,YES,5
dbo,GLSubAccount,CreateDatim,datetime,,,,YES,6
dbo,GLSubAccount,UpdateOpr,varchar,50.0,,,YES,7
dbo,GLSubAccount,Updatedatim,datetime,,,,YES,8
dbo,GLTransaction,TransID,int,,10.0,0.0,NO,1
dbo,GLTransaction,BatchID,int,,10.0,0.0,YES,2
dbo,GLTransaction,SourceModule,varchar,2.0,,,YES,3
dbo,GLTransaction,SourceBatch,int,,10.0,0.0,YES,4
dbo,GLTransaction,SourceTrans,int,,10.0,0.0,YES,5
dbo,GLTransaction,SourceLine,int,,10.0,0.0,YES,6
dbo,GLTransaction,AuditNum,int,,10.0,0.0,YES,7
dbo,GLTransaction,TransDate,datetime,,,,YES,8
dbo,GLTransaction,Era,int,,10.0,0.0,YES,9
dbo,GLTransaction,GLAccount,varchar,50.0,,,YES,10
dbo,GLTransaction,Reference,varchar,100.0,,,YES,11
dbo,GLTransaction,Comment,varchar,100.0,,,YES,12
dbo,GLTransaction,Status,varchar,1.0,,,YES,13
dbo,GLTransaction,GLValue,money,,19.0,4.0,YES,14
dbo,GLTransaction,TaxCode,varchar,5.0,,,YES,15
dbo,GLTransaction,CurrencyCode,varchar,5.0,,,YES,16
dbo,GLTransaction,ExchangeRate,real,,24.0,,YES,17
dbo,GLTransaction,GLValueForeign,money,,19.0,4.0,YES,18
dbo,GLTransaction,CreateOpr,varchar,50.0,,,YES,19
dbo,GLTransaction,CreateDatim,datetime,,,,YES,20
dbo,GLTransaction,UpdateOpr,varchar,50.0,,,YES,21
dbo,GLTransaction,UpdateDatim,datetime,,,,YES,22
dbo,GLTransaction,PostDate,datetime,,,,YES,23
dbo,GLTransaction,PostOpr,varchar,50.0,,,YES,24
dbo,GLTransaction,JobNumber,varchar,20.0,,,YES,25
dbo,GLTransaction,WIPTransaction,smallint,,5.0,0.0,YES,26
dbo,GLTransaction,DeferredGLAccount,varchar,50.0,,,YES,27
dbo,GLTransaction,DeferredARControl,varchar,50.0,,,YES,28
dbo,GLTransaction,ReversedDeferred,smallint,,5.0,0.0,YES,29
dbo,GLTransaction,ARClosedOut,smallint,,5.0,0.0,YES,30
dbo,GLTransaction,GLIntegration,smallint,,5.0,0.0,YES,31
dbo,GLTransaction,GLTUserDefined1,varchar,50.0,,,YES,32
dbo,GLTransaction,GLTUserDefined2,varchar,50.0,,,YES,33
dbo,HolidayRules,HolidayMonth,int,,10.0,0.0,NO,1
dbo,HolidayRules,HolidayWeekofMonth,int,,10.0,0.0,NO,2
dbo,HolidayRules,HolidayDayofWeek,int,,10.0,0.0,NO,3
dbo,HolidayRules,HolidayFloat,varchar,1.0,,,YES,4
dbo,HolidayRules,HolidayFixedDayofMonth,int,,10.0,0.0,YES,5
dbo,HolidayRules,CreateOpr,varchar,50.0,,,YES,6
dbo,HolidayRules,CreateDatim,datetime,,,,YES,7
dbo,HolidayRules,UpdateOpr,varchar,50.0,,,YES,8
dbo,HolidayRules,Updatedatim,datetime,,,,YES,9
dbo,HPProductionLogs,ID,int,,10.0,0.0,NO,1
dbo,HPProductionLogs,DeviceID,varchar,36.0,,,YES,2
dbo,HPProductionLogs,ParentJobID,varchar,50.0,,,YES,3
dbo,HPProductionLogs,JobName,varchar,255.0,,,YES,4
dbo,HPProductionLogs,JobProgress,varchar,20.0,,,YES,5
dbo,HPProductionLogs,Marker,bigint,,19.0,0.0,YES,6
dbo,HPProductionLogs,LogFile,varchar,2000.0,,,YES,7
dbo,HPProductionLogs,Processed,smallint,,5.0,0.0,YES,8
dbo,HPProductionLogs,JobNumber,varchar,50.0,,,YES,9
dbo,HPProductionLogs,JobSubmitTime,datetime,,,,YES,10
dbo,HPProductionLogs,JobCompleteTime,datetime,,,,YES,11
dbo,HPProductionLogs,ElapseTime,bigint,,19.0,0.0,YES,12
dbo,HPProductionLogs,JobID,varchar,50.0,,,YES,13
dbo,HPProductionLogs,CreateOpr,varchar,50.0,,,YES,14
dbo,HPProductionLogs,CreateDatim,datetime,,,,YES,15
dbo,HPProductionLogs,UpdateOpr,varchar,50.0,,,YES,16
dbo,HPProductionLogs,UpdateDatim,datetime,,,,YES,17
dbo,HPProductionLogs,Historic,smallint,,5.0,0.0,YES,18
dbo,HPStatusLogs,ID,int,,10.0,0.0,NO,1
dbo,HPStatusLogs,LogFile,varchar,2000.0,,,YES,2
dbo,HPStatusLogs,TimeStamp,datetime,,,,YES,3
dbo,HPStatusLogs,SourceOrderId,varchar,50.0,,,YES,4
dbo,HPStatusLogs,OrderStatus,varchar,50.0,,,YES,5
dbo,HPStatusLogs,Processed,smallint,,5.0,0.0,YES,6
dbo,HPStatusLogs,JobNumber,varchar,50.0,,,YES,7
dbo,HPStatusLogs,CreateOpr,varchar,50.0,,,YES,8
dbo,HPStatusLogs,CreateDatim,datetime,,,,YES,9
dbo,HPStatusLogs,UpdateOpr,varchar,50.0,,,YES,10
dbo,HPStatusLogs,UpdateDatim,datetime,,,,YES,11
dbo,IdgProdLabel,Id,int,,10.0,0.0,NO,1
dbo,IdgProdLabel,LabelType,nchar,10.0,,,NO,2
dbo,IdgProdLabel,JobNumber,nchar,10.0,,,NO,3
dbo,IdgProdLabel,Line,nchar,10.0,,,NO,4
dbo,IdgProdLabel,LabelLevel,nvarchar,50.0,,,YES,5
dbo,IdgProdLabel,Location,nvarchar,50.0,,,YES,6
dbo,IdgProdLabel,RoomNumber,nvarchar,50.0,,,YES,7
dbo,IdgProdLabel,Part,nvarchar,50.0,,,NO,8
dbo,IdgProdLabel,Quantity,smallint,,5.0,0.0,NO,9
dbo,IdgProdLabel,Copy,nvarchar,50.0,,,YES,10
dbo,IdgProdLabel,Sequence,int,,10.0,0.0,NO,11
dbo,ImageType,Code,varchar,5.0,,,NO,1
dbo,ImageType,Description,varchar,50.0,,,YES,2
dbo,ImageType,EntryDate,datetime,,,,YES,3
dbo,ImageType,EntryTime,datetime,,,,YES,4
dbo,ImageType,CreateOpr,varchar,50.0,,,YES,5
dbo,ImageType,CreateDatim,datetime,,,,YES,6
dbo,ImageType,UpdateOpr,varchar,50.0,,,YES,7
dbo,ImageType,Updatedatim,datetime,,,,YES,8
dbo,ImageType,RecordType,varchar,1.0,,,YES,9
dbo,ImageType,OnLineDescription,varchar,50.0,,,YES,10
dbo,ImageType,JDFExport,smallint,,5.0,0.0,YES,11
dbo,ImageType,ConversionRate,real,,24.0,,YES,12
dbo,ImageType,ComponentType,varchar,20.0,,,YES,13
dbo,ImageType,TemplateType,smallint,,5.0,0.0,YES,14
dbo,ImageType,PlantID,varchar,5.0,,,YES,15
dbo,ImageType,CurrencySymbol,varchar,1.0,,,YES,16
dbo,ImageType,MerchantID,varchar,50.0,,,YES,17
dbo,ImportLogs,ID,bigint,,19.0,0.0,NO,1
dbo,ImportLogs,OriginalFileName,varchar,200.0,,,YES,2
dbo,ImportLogs,FilePath,varchar,500.0,,,YES,3
dbo,ImportLogs,FileRecords,int,,10.0,0.0,YES,4
dbo,ImportLogs,ImportedRecords,int,,10.0,0.0,YES,5
dbo,ImportLogs,Status,varchar,50.0,,,YES,6
dbo,ImportLogs,Type,varchar,50.0,,,YES,7
dbo,ImportLogs,Section,varchar,50.0,,,YES,8
dbo,ImportLogs,CreateOpr,varchar,50.0,,,YES,9
dbo,ImportLogs,CreateDatim,datetime,,,,YES,10
dbo,InkTemplate,ID,int,,10.0,0.0,NO,1
dbo,InkTemplate,NumberOfSides,smallint,,5.0,0.0,YES,2
dbo,InkTemplate,ColorsSideOne,smallint,,5.0,0.0,YES,3
dbo,InkTemplate,ColorsSideTwo,smallint,,5.0,0.0,YES,4
dbo,InkTemplate,SideOneBlackOnly,smallint,,5.0,0.0,YES,5
dbo,InkTemplate,SideTwoBlackOnly,smallint,,5.0,0.0,YES,6
dbo,InkTemplate,Description,varchar,50.0,,,YES,7
dbo,InkTemplate,Updatedatim,datetime,,,,YES,8
dbo,InkTemplate,UpdateOpr,varchar,50.0,,,YES,9
dbo,InkTemplate,Createdatim,datetime,,,,YES,10
dbo,InkTemplate,CreateOpr,varchar,50.0,,,YES,11
dbo,InkTemplate,PressCode,int,,10.0,0.0,YES,12
dbo,InkTemplate,PressCode2,int,,10.0,0.0,YES,13
dbo,InkTemplate,PressCode3,int,,10.0,0.0,YES,14
dbo,InkTemplate,PrepressCode1,int,,10.0,0.0,YES,15
dbo,InkTemplate,PrepressCode2,int,,10.0,0.0,YES,16
dbo,InkTemplate,PrepressCode3,int,,10.0,0.0,YES,17
dbo,InkTemplate,ExtraPasses1,int,,10.0,0.0,YES,18
dbo,InkTemplate,ExtraPasses2,int,,10.0,0.0,YES,19
dbo,InkTemplate,ExtraPasses3,int,,10.0,0.0,YES,20
dbo,InkTemplate,PrepressQuantity1,int,,10.0,0.0,YES,21
dbo,InkTemplate,PrepressQuantity2,int,,10.0,0.0,YES,22
dbo,InkTemplate,PrepressQuantity3,int,,10.0,0.0,YES,23
dbo,InkTemplate,OverridePlateQuantity1,int,,10.0,0.0,YES,24
dbo,InkTemplate,OverridePlateQuantity2,int,,10.0,0.0,YES,25
dbo,InkTemplate,OverridePlateQuantity3,int,,10.0,0.0,YES,26
dbo,InkTemplate,PromptForInkSelection,smallint,,5.0,0.0,YES,27
dbo,InkTemplate,Press1InksSide1,int,,10.0,0.0,YES,28
dbo,InkTemplate,Press1InksSide2,int,,10.0,0.0,YES,29
dbo,InkTemplate,Press2InksSide1,int,,10.0,0.0,YES,30
dbo,InkTemplate,Press2InksSide2,int,,10.0,0.0,YES,31
dbo,InkTemplate,Press3InksSide1,int,,10.0,0.0,YES,32
dbo,InkTemplate,Press3InksSide2,int,,10.0,0.0,YES,33
dbo,InkTemplate,NoSearchCategoryDefault,smallint,,5.0,0.0,YES,34
dbo,InkTemplateItem,ID,int,,10.0,0.0,NO,1
dbo,InkTemplateItem,InkTemplateID,int,,10.0,0.0,YES,2
dbo,InkTemplateItem,MaterialCode,varchar,50.0,,,YES,3
dbo,InkTemplateItem,Side,smallint,,5.0,0.0,YES,4
dbo,InkTemplateItem,Updatedatim,datetime,,,,YES,5
dbo,InkTemplateItem,UpdateOpr,varchar,50.0,,,YES,6
dbo,InkTemplateItem,Createdatim,datetime,,,,YES,7
dbo,InkTemplateItem,CreateOpr,varchar,50.0,,,YES,8
dbo,InkTemplateItem,CategoryCode1,varchar,10.0,,,YES,9
dbo,InkTemplateItem,CategoryCode2,varchar,10.0,,,YES,10
dbo,InkTemplateItem,CategoryCode3,varchar,10.0,,,YES,11
dbo,InkTemplateItem,CategoryCode4,varchar,10.0,,,YES,12
dbo,InLineOp,CostCenterCode,int,,10.0,0.0,NO,1
dbo,InLineOp,ItemCode,smallint,,5.0,0.0,NO,2
dbo,InLineOp,Description,varchar,40.0,,,YES,3
dbo,InLineOp,PressSlowdown,real,,24.0,,YES,4
dbo,InLineOp,RunSpoilage,real,,24.0,,YES,5
dbo,InLineOp,MRTime,smallint,,5.0,0.0,YES,6
dbo,InLineOp,MRSpoilage,int,,10.0,0.0,YES,7
dbo,InLineOp,HourlyRate,money,,19.0,4.0,YES,8
dbo,InLineOp,MRRate,money,,19.0,4.0,YES,9
dbo,InLineOp,WashRate,money,,19.0,4.0,YES,10
dbo,InLineOp,Minimum,bit,,,,YES,11
dbo,InLineOp,EntryDate,datetime,,,,YES,12
dbo,InLineOp,EntryTime,datetime,,,,YES,13
dbo,InLineOp,PerMIncrease,money,,19.0,4.0,YES,14
dbo,InLineOp,FlatCostIncrease,money,,19.0,4.0,YES,15
dbo,InLineOp,PercentageIncrease,real,,24.0,,YES,16
dbo,InLineOp,CostMethod,smallint,,5.0,0.0,YES,17
dbo,InLineOp,PerSetOption,smallint,,5.0,0.0,YES,18
dbo,InLineOp,CreateOpr,varchar,50.0,,,YES,19
dbo,InLineOp,CreateDatim,datetime,,,,YES,20
dbo,InLineOp,UpdateOpr,varchar,50.0,,,YES,21
dbo,InLineOp,Updatedatim,datetime,,,,YES,22
dbo,InLineOp,ExcludeFromMRCost,smallint,,5.0,0.0,YES,23
dbo,InLineOp,MaterialCode,varchar,50.0,,,YES,24
dbo,InLineOp,InLineOpType,varchar,20.0,,,YES,25
dbo,InLineOp,ValueAddedMarkup,real,,24.0,,YES,26
dbo,InLineOp,ExcludeMRTimeOverPart1,smallint,,5.0,0.0,YES,27
dbo,InLineOp,Sides,smallint,,5.0,0.0,YES,28
dbo,InLineOp,ReduceInkMileage,real,,24.0,,YES,29
dbo,InLineOpGrid,ID,int,,10.0,0.0,NO,1
dbo,InLineOpGrid,CostCenterCode,int,,10.0,0.0,YES,2
dbo,InLineOpGrid,InLineOpCode,int,,10.0,0.0,YES,3
dbo,InLineOpGrid,Quantity,int,,10.0,0.0,YES,4
dbo,InLineOpGrid,UnitCost,money,,19.0,4.0,YES,5
dbo,InLineOpGrid,Updatedatim,datetime,,,,YES,6
dbo,InLineOpGrid,UpdateOpr,varchar,50.0,,,YES,7
dbo,InLineOpGrid,Createdatim,datetime,,,,YES,8
dbo,InLineOpGrid,CreateOpr,varchar,50.0,,,YES,9
dbo,InlineopType,Code,varchar,5.0,,,NO,1
dbo,InlineopType,Description,varchar,50.0,,,YES,2
dbo,InlineopType,EntryDate,datetime,,,,YES,3
dbo,InlineopType,EntryTime,datetime,,,,YES,4
dbo,InlineopType,CreateOpr,varchar,50.0,,,YES,5
dbo,InlineopType,CreateDatim,datetime,,,,YES,6
dbo,InlineopType,UpdateOpr,varchar,50.0,,,YES,7
dbo,InlineopType,Updatedatim,datetime,,,,YES,8
dbo,InlineopType,RecordType,varchar,1.0,,,YES,9
dbo,InlineopType,OnLineDescription,varchar,50.0,,,YES,10
dbo,InlineopType,JDFExport,smallint,,5.0,0.0,YES,11
dbo,InlineopType,ConversionRate,real,,24.0,,YES,12
dbo,InlineopType,ComponentType,varchar,20.0,,,YES,13
dbo,InlineopType,TemplateType,smallint,,5.0,0.0,YES,14
dbo,InlineopType,PlantID,varchar,5.0,,,YES,15
dbo,InlineopType,CurrencySymbol,varchar,1.0,,,YES,16
dbo,InlineopType,MerchantID,varchar,50.0,,,YES,17
dbo,InvoiceDefaults,CompanyID,varchar,3.0,,,NO,1
dbo,InvoiceDefaults,TermsCode,varchar,5.0,,,YES,2
dbo,InvoiceDefaults,TaxCodeA,varchar,5.0,,,YES,3
dbo,InvoiceDefaults,TaxCodeB,varchar,5.0,,,YES,4
dbo,InvoiceDefaults,TaxCodeC,varchar,5.0,,,YES,5
dbo,InvoiceDefaults,TaxCodeD,varchar,5.0,,,YES,6
dbo,InvoiceDefaults,TaxOnFreight,bit,,,,YES,7
dbo,InvoiceDefaults,TaxOnTaxB,bit,,,,YES,8
dbo,InvoiceDefaults,GLSalesCode,varchar,50.0,,,YES,9
dbo,InvoiceDefaults,GLARCode,varchar,50.0,,,YES,10
dbo,InvoiceDefaults,GLFreightCode,varchar,50.0,,,YES,11
dbo,InvoiceDefaults,GLCashCode,varchar,50.0,,,YES,12
dbo,InvoiceDefaults,FreightCost,money,,19.0,4.0,YES,13
dbo,InvoiceDefaults,AccountingTransfer,bit,,,,YES,14
dbo,InvoiceDefaults,UnitMethod,smallint,,5.0,0.0,YES,15
dbo,InvoiceDefaults,Postage,bit,,,,YES,16
dbo,InvoiceDefaults,InvoiceCopies,smallint,,5.0,0.0,YES,17
dbo,InvoiceDefaults,Collate,bit,,,,YES,18
dbo,InvoiceDefaults,EntryDate,datetime,,,,YES,19
dbo,InvoiceDefaults,EntryTime,datetime,,,,YES,20
dbo,InvoiceDefaults,UnitPriceOption1,bit,,,,YES,21
dbo,InvoiceDefaults,UnitPriceOption2,bit,,,,YES,22
dbo,InvoiceDefaults,TaxMethod,smallint,,5.0,0.0,YES,23
dbo,InvoiceDefaults,RoundPrice,smallint,,5.0,0.0,YES,24
dbo,InvoiceDefaults,UseBWSalesCodes,smallint,,5.0,0.0,YES,25
dbo,InvoiceDefaults,DistributionOption,smallint,,5.0,0.0,YES,26
dbo,InvoiceDefaults,GLOSSCode,varchar,50.0,,,YES,27
dbo,InvoiceDefaults,BWNameOption,smallint,,5.0,0.0,YES,28
dbo,InvoiceDefaults,FreightMarkup,real,,24.0,,YES,29
dbo,InvoiceDefaults,HandlingGLCode,varchar,50.0,,,YES,30
dbo,InvoiceDefaults,NonTaxableCode,varchar,5.0,,,YES,31
dbo,InvoiceDefaults,MultiplyByLots,smallint,,5.0,0.0,YES,32
dbo,InvoiceDefaults,PriceByActualCost,smallint,,5.0,0.0,YES,33
dbo,InvoiceDefaults,SalesCodeOption1,smallint,,5.0,0.0,YES,34
dbo,InvoiceDefaults,CreateOpr,varchar,50.0,,,YES,35
dbo,InvoiceDefaults,CreateDatim,datetime,,,,YES,36
dbo,InvoiceDefaults,UpdateOpr,varchar,50.0,,,YES,37
dbo,InvoiceDefaults,Updatedatim,datetime,,,,YES,38
dbo,InvoiceDefaults,InvoiceByJob,smallint,,5.0,0.0,YES,39
dbo,InvoiceDefaults,InvoiceByComponent,smallint,,5.0,0.0,YES,40
dbo,InvoiceDefaults,InvoicePromptUser,smallint,,5.0,0.0,YES,41
dbo,InvoiceDefaults,AllowInvalidAccount,smallint,,5.0,0.0,YES,42
dbo,InvoiceDefaults,InvoicePrepressSeparate,smallint,,5.0,0.0,YES,43
dbo,InvoiceDefaults,JobNumberInvNumber,smallint,,5.0,0.0,YES,44
dbo,InvoiceDefaults,RestrictFromPostedInvoiceDeleteModify,smallint,,5.0,0.0,YES,45
dbo,InvoiceDefaults,AllowBlankPlantID,smallint,,5.0,0.0,YES,46
dbo,InvoiceDefaults,DefaultTermsCode,varchar,5.0,,,YES,47
dbo,InvoiceDefaults,GLPostageCode,varchar,50.0,,,YES,48
dbo,InvoiceDefaults,QBNameOption,varchar,50.0,,,YES,49
dbo,InvoiceDefaults,GLCodeJobHeader,smallint,,5.0,0.0,YES,50
dbo,InvoiceDistribution,Code,int,,10.0,0.0,NO,1
dbo,InvoiceDistribution,InvoiceNumber,varchar,20.0,,,YES,2
dbo,InvoiceDistribution,LineNumber,int,,10.0,0.0,YES,3
dbo,InvoiceDistribution,Percentage,real,,24.0,,YES,4
dbo,InvoiceDistribution,EntryDate,datetime,,,,YES,5
dbo,InvoiceDistribution,EntryTime,datetime,,,,YES,6
dbo,InvoiceDistribution,CreateOpr,varchar,50.0,,,YES,7
dbo,InvoiceDistribution,CreateDatim,datetime,,,,YES,8
dbo,InvoiceDistribution,UpdateOpr,varchar,50.0,,,YES,9
dbo,InvoiceDistribution,Updatedatim,datetime,,,,YES,10
dbo,InvoiceHeader,InvoiceNumber,varchar,20.0,,,NO,1
dbo,InvoiceHeader,CustAccount,varchar,50.0,,,YES,2
dbo,InvoiceHeader,CustName,varchar,50.0,,,YES,3
dbo,InvoiceHeader,CustAddress1,varchar,50.0,,,YES,4
dbo,InvoiceHeader,CustAddress2,varchar,50.0,,,YES,5
dbo,InvoiceHeader,CustCity,varchar,50.0,,,YES,6
dbo,InvoiceHeader,CustState,varchar,3.0,,,YES,7
dbo,InvoiceHeader,CustZip,varchar,50.0,,,YES,8
dbo,InvoiceHeader,CustContact,varchar,50.0,,,YES,9
dbo,InvoiceHeader,InvoiceDate,datetime,,,,YES,10
dbo,InvoiceHeader,InvoiceStatus,varchar,15.0,,,YES,11
dbo,InvoiceHeader,SalesRepCode,varchar,5.0,,,YES,12
dbo,InvoiceHeader,TermsCode,varchar,5.0,,,YES,13
dbo,InvoiceHeader,Prepayment,money,,19.0,4.0,YES,14
dbo,InvoiceHeader,CheckNumber,varchar,20.0,,,YES,15
dbo,InvoiceHeader,TaxFreight,bit,,,,YES,16
dbo,InvoiceHeader,InvoiceTransfer,bit,,,,YES,17
dbo,InvoiceHeader,NoHistoryPost,bit,,,,YES,18
dbo,InvoiceHeader,PostPeriod,varchar,2.0,,,YES,19
dbo,InvoiceHeader,PostYear,varchar,4.0,,,YES,20
dbo,InvoiceHeader,EntryDate,datetime,,,,YES,21
dbo,InvoiceHeader,EntryTime,datetime,,,,YES,22
dbo,InvoiceHeader,Description,varchar,100.0,,,YES,23
dbo,InvoiceHeader,Comments,varchar,2000.0,,,YES,24
dbo,InvoiceHeader,TaxOnTaxB,smallint,,5.0,0.0,YES,25
dbo,InvoiceHeader,CustAddress3,varchar,50.0,,,YES,26
dbo,InvoiceHeader,CustCountry,varchar,50.0,,,YES,27
dbo,InvoiceHeader,CustCounty,varchar,50.0,,,YES,28
dbo,InvoiceHeader,MComments,text,2147483647.0,,,YES,29
dbo,InvoiceHeader,TotalSalesTax,money,,19.0,4.0,YES,30
dbo,InvoiceHeader,SalesTaxA,money,,19.0,4.0,YES,31
dbo,InvoiceHeader,SalesTaxB,money,,19.0,4.0,YES,32
dbo,InvoiceHeader,InvoiceShipmentNumber,int,,10.0,0.0,YES,33
dbo,InvoiceHeader,InvoicePackageID,int,,10.0,0.0,YES,34
dbo,InvoiceHeader,CompanyID,varchar,3.0,,,YES,35
dbo,InvoiceHeader,PostDate,datetime,,,,YES,36
dbo,InvoiceHeader,BWName,varchar,50.0,,,YES,37
dbo,InvoiceHeader,CC_Number,varchar,100.0,,,YES,38
dbo,InvoiceHeader,CC_Exp_Month,int,,10.0,0.0,YES,39
dbo,InvoiceHeader,CC_Exp_Year,int,,10.0,0.0,YES,40
dbo,InvoiceHeader,PaymentMethod,varchar,50.0,,,YES,41
dbo,InvoiceHeader,SalesTaxC,money,,19.0,4.0,YES,42
dbo,InvoiceHeader,SalesTaxD,money,,19.0,4.0,YES,43
dbo,InvoiceHeader,CSR,varchar,50.0,,,YES,44
dbo,InvoiceHeader,PlantID,varchar,3.0,,,YES,45
dbo,InvoiceHeader,FinalPayment,money,,19.0,4.0,YES,46
dbo,InvoiceHeader,CreateOpr,varchar,50.0,,,YES,47
dbo,InvoiceHeader,CreateDatim,datetime,,,,YES,48
dbo,InvoiceHeader,UpdateOpr,varchar,50.0,,,YES,49
dbo,InvoiceHeader,Updatedatim,datetime,,,,YES,50
dbo,InvoiceHeader,CC_NameOnCard,varchar,100.0,,,YES,51
dbo,InvoiceHeader,CC_Expiration,varchar,10.0,,,YES,52
dbo,InvoiceHeader,UserDefined1,varchar,50.0,,,YES,53
dbo,InvoiceHeader,InvoicePrinted,smallint,,5.0,0.0,YES,54
dbo,InvoiceHeader,UserDefined2,varchar,50.0,,,YES,55
dbo,InvoiceHeader,UserDefined3,varchar,50.0,,,YES,56
dbo,InvoiceHeader,UserDefined4,varchar,50.0,,,YES,57
dbo,InvoiceHeader,UserDefined5,varchar,50.0,,,YES,58
dbo,InvoiceHeader,QBCompany,varchar,50.0,,,YES,59
dbo,InvoiceHeader,RecurringInvoice,smallint,,5.0,0.0,YES,60
dbo,InvoiceHeader,CustContactID,int,,10.0,0.0,YES,61
dbo,InvoiceLineItem,InvoiceNumber,varchar,20.0,,,NO,1
dbo,InvoiceLineItem,LineNumber,smallint,,5.0,0.0,NO,2
dbo,InvoiceLineItem,JobNumber,varchar,20.0,,,YES,3
dbo,InvoiceLineItem,QtyOrdered,real,,24.0,,YES,4
dbo,InvoiceLineItem,QtyShipped,real,,24.0,,YES,5
dbo,InvoiceLineItem,Description,varchar,100.0,,,YES,6
dbo,InvoiceLineItem,Comments,varchar,2000.0,,,YES,7
dbo,InvoiceLineItem,UnitPrice,money,,19.0,4.0,YES,8
dbo,InvoiceLineItem,UnitMethod,smallint,,5.0,0.0,YES,9
dbo,InvoiceLineItem,ExtendedPrice,money,,19.0,4.0,YES,10
dbo,InvoiceLineItem,Postage,money,,19.0,4.0,YES,11
dbo,InvoiceLineItem,AdditionalCharge,bit,,,,YES,12
dbo,InvoiceLineItem,ComponentNumber,smallint,,5.0,0.0,YES,13
dbo,InvoiceLineItem,EntryDate,datetime,,,,YES,14
dbo,InvoiceLineItem,EntryTime,datetime,,,,YES,15
dbo,InvoiceLineItem,GLSalesCode,varchar,50.0,,,YES,16
dbo,InvoiceLineItem,Taxable,tinyint,,3.0,0.0,YES,17
dbo,InvoiceLineItem,FreightCost,money,,19.0,4.0,YES,18
dbo,InvoiceLineItem,MComments,text,2147483647.0,,,YES,19
dbo,InvoiceLineItem,PONumber,varchar,50.0,,,YES,20
dbo,InvoiceLineItem,CommissionExempt,money,,19.0,4.0,YES,21
dbo,InvoiceLineItem,ReleaseNumber,varchar,20.0,,,YES,22
dbo,InvoiceLineItem,HandlingCost,money,,19.0,4.0,YES,23
dbo,InvoiceLineItem,OrderDate,datetime,,,,YES,24
dbo,InvoiceLineItem,CreateOpr,varchar,50.0,,,YES,25
dbo,InvoiceLineItem,CreateDatim,datetime,,,,YES,26
dbo,InvoiceLineItem,UpdateOpr,varchar,50.0,,,YES,27
dbo,InvoiceLineItem,Updatedatim,datetime,,,,YES,28
dbo,InvoiceLineItem,CommissionOverride,real,,24.0,,YES,29
dbo,InvoiceLineItem,FreightGLSalesCode,varchar,50.0,,,YES,30
dbo,InvoiceTax,TaxNumber,int,,10.0,0.0,NO,1
dbo,InvoiceTax,InvoiceNumber,varchar,20.0,,,YES,2
dbo,InvoiceTax,LineNumber,smallint,,5.0,0.0,YES,3
dbo,InvoiceTax,TaxCode,varchar,5.0,,,YES,4
dbo,InvoiceTax,QtyShipped,int,,10.0,0.0,YES,5
dbo,InvoiceTax,ShipmentNumber,int,,10.0,0.0,YES,6
dbo,InvoiceTax,TaxAmount,money,,19.0,4.0,YES,7
dbo,InvoiceTax,EntryDate,datetime,,,,YES,8
dbo,InvoiceTax,EntryTime,datetime,,,,YES,9
dbo,InvoiceTax,TaxFreight,bit,,,,YES,10
dbo,InvoiceTax,ManualOverride,smallint,,5.0,0.0,YES,11
dbo,InvoiceTax,CreateOpr,varchar,50.0,,,YES,12
dbo,InvoiceTax,CreateDatim,datetime,,,,YES,13
dbo,InvoiceTax,UpdateOpr,varchar,50.0,,,YES,14
dbo,InvoiceTax,Updatedatim,datetime,,,,YES,15
dbo,JDFConfiguration,Code,int,,10.0,0.0,NO,1
dbo,JDFConfiguration,ApplicationName,varchar,50.0,,,YES,2
dbo,JDFConfiguration,IncomingFolder,varchar,255.0,,,YES,3
dbo,JDFConfiguration,OutgoingFolder,varchar,255.0,,,YES,4
dbo,JDFConfiguration,ApplicationLaunch,varchar,255.0,,,YES,5
dbo,JDFConfiguration,ApplicationVersion,varchar,50.0,,,YES,6
dbo,JDFConfiguration,CreateOpr,varchar,50.0,,,YES,7
dbo,JDFConfiguration,CreateDatim,datetime,,,,YES,8
dbo,JDFConfiguration,UpdateOpr,varchar,50.0,,,YES,9
dbo,JDFConfiguration,Updatedatim,datetime,,,,YES,10
dbo,JDFConfiguration,Option1,smallint,,5.0,0.0,YES,11
dbo,JDFConfiguration,UseHotFolder,smallint,,5.0,0.0,YES,12
dbo,JDFConfiguration,WebServiceAddress,varchar,255.0,,,YES,13
dbo,JDFConfiguration,WebServiceAddress1,varchar,255.0,,,YES,14
dbo,JDFConfiguration,FTPServer,varchar,255.0,,,YES,15
dbo,JDFConfiguration,FTPUserName,varchar,255.0,,,YES,16
dbo,JDFConfiguration,FTPPassword,varchar,255.0,,,YES,17
dbo,JDFConfiguration,EmailServer,varchar,255.0,,,YES,18
dbo,JDFConfiguration,EmailAddress,text,2147483647.0,,,YES,19
dbo,JDFConfiguration,OrderInterval,int,,10.0,0.0,YES,20
dbo,JDFConfiguration,InventoryInterval,int,,10.0,0.0,YES,21
dbo,JDFConfiguration,PackingSlipTime,datetime,,,,YES,22
dbo,JDFConfiguration,ProductTypeOption,smallint,,5.0,0.0,YES,23
dbo,JDFConfiguration,DefaultProcessCode,int,,10.0,0.0,YES,24
dbo,JDFConfiguration,DefaultEmployeeCode,varchar,5.0,,,YES,25
dbo,JDFConfiguration,Option2,smallint,,5.0,0.0,YES,26
dbo,JDFConfiguration,Option3,smallint,,5.0,0.0,YES,27
dbo,JDFConfiguration,Option4,smallint,,5.0,0.0,YES,28
dbo,JDFConfiguration,Option5,smallint,,5.0,0.0,YES,29
dbo,JDFConfiguration,WebServiceUsername,varchar,100.0,,,YES,30
dbo,JDFConfiguration,WebServicePassword,varchar,100.0,,,YES,31
dbo,JDFConfiguration,WebServiceTestMode,smallint,,5.0,0.0,YES,32
dbo,JDFConfiguration,UseAutomationMode,smallint,,5.0,0.0,YES,33
dbo,JDFConfiguration,LicenseKey,varchar,100.0,,,YES,34
dbo,JDFConfiguration,ReverseGrainOnStock,smallint,,5.0,0.0,YES,35
dbo,JDFConfiguration,UseComponentUDField,smallint,,5.0,0.0,YES,36
dbo,JDFConfiguration,EmailPortNumber,real,,24.0,,YES,37
dbo,JDFConfiguration,EmailSSL,smallint,,5.0,0.0,YES,38
dbo,JDFConfiguration,EmailTLS,smallint,,5.0,0.0,YES,39
dbo,JDFConfiguration,EmailUserName,varchar,100.0,,,YES,40
dbo,JDFConfiguration,EmailPassword,varchar,100.0,,,YES,41
dbo,JDFEventLog,Code,int,,10.0,0.0,NO,1
dbo,JDFEventLog,JobNumber,varchar,20.0,,,YES,2
dbo,JDFEventLog,ComponentNumber,smallint,,5.0,0.0,YES,3
dbo,JDFEventLog,ApplicationName,varchar,100.0,,,YES,4
dbo,JDFEventLog,Comments,varchar,2000.0,,,YES,5
dbo,JDFEventLog,Createdatim,datetime,,,,YES,6
dbo,JDFEventLog,CreateOpr,varchar,50.0,,,YES,7
dbo,JDFEventLog,Direction,varchar,20.0,,,YES,8
dbo,JDFEventLog,EstimateNumber,varchar,20.0,,,YES,9
dbo,JMFLog,ID,int,,10.0,0.0,NO,1
dbo,JMFLog,JMF,xml,-1.0,,,YES,2
dbo,JMFLog,JobNumber,varchar,20.0,,,YES,3
dbo,JMFLog,EmployeeID,varchar,5.0,,,YES,4
dbo,JMFLog,DateCreated,datetime,,,,YES,5
dbo,JMFLog,EmployeeName,varchar,80.0,,,YES,6
dbo,JMFLog,DeviceID,varchar,100.0,,,YES,7
dbo,JMFLog,JobPartID,varchar,50.0,,,YES,8
dbo,JMFLog,JobDescription,varchar,100.0,,,YES,9
dbo,JMFLog,JobStatus,varchar,10.0,,,YES,10
dbo,JMFLog,ActivityID,varchar,15.0,,,YES,11
dbo,JMFLog,ActivityDescription,varchar,50.0,,,YES,12
dbo,JMFLog,ActivityStartTime,datetime,,,,YES,13
dbo,JMFLog,ActivityStatus,varchar,20.0,,,YES,14
dbo,JMFLog,ActivityCostCenter,varchar,100.0,,,YES,15
dbo,JMFLog,PercentComplete,float,,53.0,,YES,16
dbo,JMFLog,CreateOpr,varchar,50.0,,,YES,17
dbo,JMFLog,CreateDatim,datetime,,,,YES,18
dbo,JMFLog,UpdateOpr,varchar,50.0,,,YES,19
dbo,JMFLog,UpdateDatim,datetime,,,,YES,20
dbo,JMFLog,ProductionCode,int,,10.0,0.0,YES,21
dbo,JobCostOptions,CompanyID,varchar,5.0,,,NO,1
dbo,JobCostOptions,InventoryInks,bit,,,,YES,2
dbo,JobCostOptions,InventorySheets,bit,,,,YES,3
dbo,JobCostOptions,InventoryRolls,bit,,,,YES,4
dbo,JobCostOptions,InventoryStandard,bit,,,,YES,5
dbo,JobCostOptions,StockPressSheets,bit,,,,YES,6
dbo,JobCostOptions,ShiftOneStart,datetime,,,,YES,7
dbo,JobCostOptions,ShiftOneEnd,datetime,,,,YES,8
dbo,JobCostOptions,ShiftTwoStart,datetime,,,,YES,9
dbo,JobCostOptions,ShiftTwoEnd,datetime,,,,YES,10
dbo,JobCostOptions,ShiftThreeStart,datetime,,,,YES,11
dbo,JobCostOptions,ShiftThreeEnd,datetime,,,,YES,12
dbo,JobCostOptions,NoMaterialPrompt,bit,,,,YES,13
dbo,JobCostOptions,AutoShiftLogin,bit,,,,YES,14
dbo,JobCostOptions,EntryDate,datetime,,,,YES,15
dbo,JobCostOptions,EntryTime,datetime,,,,YES,16
dbo,JobCostOptions,EnterHours,smallint,,5.0,0.0,YES,17
dbo,JobCostOptions,POOption1,smallint,,5.0,0.0,YES,18
dbo,JobCostOptions,DontForceEndShift,smallint,,5.0,0.0,YES,19
dbo,JobCostOptions,ShowJobProcesses,smallint,,5.0,0.0,YES,20
dbo,JobCostOptions,BlockHistoryOption,smallint,,5.0,0.0,YES,21
dbo,JobCostOptions,JobCostReportOption1,smallint,,5.0,0.0,YES,22
dbo,JobCostOptions,WebOption1,smallint,,5.0,0.0,YES,23
dbo,JobCostOptions,UseDefaultShift,smallint,,5.0,0.0,YES,24
dbo,JobCostOptions,UseServerTime,smallint,,5.0,0.0,YES,25
dbo,JobCostOptions,NoNegativeInventory,smallint,,5.0,0.0,YES,26
dbo,JobCostOptions,ShiftThreeOption,smallint,,5.0,0.0,YES,27
dbo,JobCostOptions,CrewOption,smallint,,5.0,0.0,YES,28
dbo,JobCostOptions,ClockInOption,smallint,,5.0,0.0,YES,29
dbo,JobCostOptions,EditLaborByManager,smallint,,5.0,0.0,YES,30
dbo,JobCostOptions,ClockOutPassword,smallint,,5.0,0.0,YES,31
dbo,JobCostOptions,CreateOpr,varchar,50.0,,,YES,32
dbo,JobCostOptions,CreateDatim,datetime,,,,YES,33
dbo,JobCostOptions,UpdateOpr,varchar,50.0,,,YES,34
dbo,JobCostOptions,Updatedatim,datetime,,,,YES,35
dbo,JobCostOptions,ShowComponentProcesses,smallint,,5.0,0.0,YES,36
dbo,JobCostOptions,WebPressSheets,smallint,,5.0,0.0,YES,37
dbo,JobCostOptions,RollStockByLength,smallint,,5.0,0.0,YES,38
dbo,JobCostOptions,MaterialQuantityOption,smallint,,5.0,0.0,YES,39
dbo,JobCostOptions,POOption2,smallint,,5.0,0.0,YES,40
dbo,JobCostOptions,MaterialWarnPercentage,int,,10.0,0.0,YES,41
dbo,JobCostOptions,MaterialBlockPercentage,int,,10.0,0.0,YES,42
dbo,JobCostOptions,CostCodeMandatory,smallint,,5.0,0.0,YES,43
dbo,JobCostOptions,ShiftFourStart,datetime,,,,YES,44
dbo,JobCostOptions,ShiftFourEnd,datetime,,,,YES,45
dbo,JobCostOptions,NumberOfShifts,smallint,,5.0,0.0,YES,46
dbo,JobCostOptions,DontDisplayFinishedGoods,smallint,,5.0,0.0,YES,47
dbo,JobCostOptions,RequireLocationCode,smallint,,5.0,0.0,YES,48
dbo,JobCostOptions,RequireInUseLocationCode,smallint,,5.0,0.0,YES,49
dbo,JobCostOptions,GetHelperProcessFromCrewLeader,smallint,,5.0,0.0,YES,50
dbo,JobCostOptions,ProductionCommentsPercentage,int,,10.0,0.0,YES,51
dbo,JobCostOptions,PrintOwnTimeCardOnly,smallint,,5.0,0.0,YES,52
dbo,JobCostOptions,DefaultUseEstimatedProductionCost,smallint,,5.0,0.0,YES,53
dbo,JobCostOptions,AutoLoadOption1,smallint,,5.0,0.0,YES,54
dbo,JobCostOptions,AutoLoadOption2,smallint,,5.0,0.0,YES,55
dbo,JobCostOptions,RequireComponentNumber,smallint,,5.0,0.0,YES,56
dbo,JobCostOptions,BlockHistoryOption2,smallint,,5.0,0.0,YES,57
dbo,JobCostReportData,ID,int,,10.0,0.0,NO,1
dbo,JobCostReportData,JobNumber,varchar,20.0,,,YES,2
dbo,JobCostReportData,ComponentNumber,smallint,,5.0,0.0,YES,3
dbo,JobCostReportData,EstimateCost,money,,19.0,4.0,YES,4
dbo,JobCostReportData,ActualCost,money,,19.0,4.0,YES,5
dbo,JobCostReportData,ActualDMCost,money,,19.0,4.0,YES,6
dbo,JobCostReportData,PurchaseCost,money,,19.0,4.0,YES,7
dbo,JobCostReportData,ReceiveCost,money,,19.0,4.0,YES,8
dbo,JobCostReportData,APCost,money,,19.0,4.0,YES,9
dbo,JobCostReportData,Chargeable,smallint,,5.0,0.0,YES,10
dbo,JobCostReportData,Payable,smallint,,5.0,0.0,YES,11
dbo,JobCostReportData,ShiftNumber,smallint,,5.0,0.0,YES,12
dbo,JobCostReportData,SourceModule,varchar,2.0,,,YES,13
dbo,JobCostReportData,MinutesElapsed,int,,10.0,0.0,YES,14
dbo,JobCostReportData,VendorID,varchar,20.0,,,YES,15
dbo,JobCostReportData,TransactionDate,datetime,,,,YES,16
dbo,JobCostReportData,ProcessCode,int,,10.0,0.0,YES,17
dbo,JobCostReportData,MaterialCode,varchar,50.0,,,YES,18
dbo,JobCostReportData,TransactionNumber,int,,10.0,0.0,YES,19
dbo,JobCostReportData,TransactionLineNumber,int,,10.0,0.0,YES,20
dbo,JobCostReportData,Quantity,real,,24.0,,YES,21
dbo,JobCostReportData,CostCode,varchar,5.0,,,YES,22
dbo,JobCostReportData,Markup,real,,24.0,,YES,23
dbo,JobCostReportData,PONumber,varchar,50.0,,,YES,24
dbo,JobCostReportData,Description,varchar,1000.0,,,YES,25
dbo,JobCostReportData,CostCodeType,smallint,,5.0,0.0,YES,26
dbo,JobCostReportData,EmployeeCode,varchar,5.0,,,YES,27
dbo,JobCostReportData,Percentage,real,,24.0,,YES,28
dbo,JobCostReportData,ReasonCode,varchar,6.0,,,YES,29
dbo,JobCostReportData,ReceiveQuantity,real,,24.0,,YES,30
dbo,JobCostReportData,POLineItem,smallint,,5.0,0.0,YES,31
dbo,JobCostReportData,FilterDate,datetime,,,,YES,32
dbo,JobCostReportData,CreateOpr,varchar,50.0,,,YES,33
dbo,JobCostReportData,CreateDatim,datetime,,,,YES,34
dbo,JobCostReportData,UpdateOpr,varchar,50.0,,,YES,35
dbo,JobCostReportData,Updatedatim,datetime,,,,YES,36
dbo,JobCostReportData,Comments,text,2147483647.0,,,YES,37
dbo,JobCostReportData,CompleteDate,datetime,,,,YES,38
dbo,JobCostReportData,SalesRepCode,varchar,5.0,,,YES,39
dbo,JobCostReportData,ReceiptNumber,int,,10.0,0.0,YES,40
dbo,JobCostReportData,ProcessPostageCost,money,,19.0,4.0,YES,41
dbo,JobCostReportData,NumberOfHelpers,int,,10.0,0.0,YES,42
dbo,JobCostReportData,WIPCost,money,,19.0,4.0,YES,43
dbo,JobPressComparison,ID,int,,10.0,0.0,NO,1
dbo,JobPressComparison,ComponentNumber,int,,10.0,0.0,YES,2
dbo,JobPressComparison,JobNumber,varchar,50.0,,,YES,3
dbo,JobPressComparison,UserID,varchar,20.0,,,YES,4
dbo,JobPressComparison,Quantity,int,,10.0,0.0,YES,5
dbo,JobPressComparison,PressNumber,smallint,,5.0,0.0,YES,6
dbo,JobPressComparison,RunMethod,varchar,20.0,,,YES,7
dbo,JobPressComparison,PressCode,int,,10.0,0.0,YES,8
dbo,JobPressComparison,PressDescription,varchar,50.0,,,YES,9
dbo,JobPressComparison,PressSize,varchar,23.0,,,YES,10
dbo,JobPressComparison,ParentSize,varchar,23.0,,,YES,11
dbo,JobPressComparison,PressOuts,smallint,,5.0,0.0,YES,12
dbo,JobPressComparison,ParentOuts,smallint,,5.0,0.0,YES,13
dbo,JobPressComparison,StockQuantity,float,,53.0,,YES,14
dbo,JobPressComparison,PlateQuantity,float,,53.0,,YES,15
dbo,JobPressComparison,WashupQuantity,float,,53.0,,YES,16
dbo,JobPressComparison,MRQuantity,float,,53.0,,YES,17
dbo,JobPressComparison,PressQuantity,float,,53.0,,YES,18
dbo,JobPressComparison,PressSpeed,int,,10.0,0.0,YES,19
dbo,JobPressComparison,PressHours,float,,53.0,,YES,20
dbo,JobPressComparison,MRHours,float,,53.0,,YES,21
dbo,JobPressComparison,WashupHours,float,,53.0,,YES,22
dbo,JobPressComparison,PlateHours,float,,53.0,,YES,23
dbo,JobPressComparison,TotalPressHours,float,,53.0,,YES,24
dbo,JobPressComparison,PressCost,money,,19.0,4.0,YES,25
dbo,JobPressComparison,MRCost,money,,19.0,4.0,YES,26
dbo,JobPressComparison,WashupCost,money,,19.0,4.0,YES,27
dbo,JobPressComparison,PlateCost,money,,19.0,4.0,YES,28
dbo,JobPressComparison,PlateMatlCost,money,,19.0,4.0,YES,29
dbo,JobPressComparison,StockCost,money,,19.0,4.0,YES,30
dbo,JobPressComparison,InkCost,money,,19.0,4.0,YES,31
dbo,JobPressComparison,TotalCost,money,,19.0,4.0,YES,32
dbo,JobPressComparison,TotalPressCost,money,,19.0,4.0,YES,33
dbo,JobPressComparison,PressWidth,real,,24.0,,YES,34
dbo,JobPressComparison,PressLength,real,,24.0,,YES,35
dbo,JobPressComparison,StockCode,varchar,50.0,,,YES,36
dbo,JobPressComparison,ParentWidth,real,,24.0,,YES,37
dbo,JobPressComparison,ParentLength,real,,24.0,,YES,38
dbo,JobPressComparison,CreateOpr,varchar,50.0,,,YES,39
dbo,JobPressComparison,CreateDatim,datetime,,,,YES,40
dbo,JobPressComparison,UpdateOpr,varchar,50.0,,,YES,41
dbo,JobPressComparison,UpdateDatim,datetime,,,,YES,42
dbo,LocalizeApplication,ID,int,,10.0,0.0,NO,1
dbo,LocalizeApplication,Module,varchar,2.0,,,YES,2
dbo,LocalizeApplication,FormName,varchar,255.0,,,YES,3
dbo,LocalizeApplication,ControlName,varchar,255.0,,,YES,4
dbo,LocalizeApplication,Updatedatim,datetime,,,,YES,5
dbo,LocalizeApplication,UpdateOpr,varchar,50.0,,,YES,6
dbo,LocalizeApplication,Createdatim,datetime,,,,YES,7
dbo,LocalizeApplication,CreateOpr,varchar,50.0,,,YES,8
dbo,LocalizeApplication,CaptionValue,varchar,255.0,,,YES,9
dbo,LocalizeApplication,AssemblyName,varchar,50.0,,,YES,10
dbo,Location,Code,varchar,20.0,,,NO,1
dbo,Location,Description,varchar,50.0,,,YES,2
dbo,Location,EntryDate,datetime,,,,YES,3
dbo,Location,EntryTime,datetime,,,,YES,4
dbo,Location,PlantID,varchar,3.0,,,YES,5
dbo,Location,CreateOpr,varchar,50.0,,,YES,6
dbo,Location,CreateDatim,datetime,,,,YES,7
dbo,Location,UpdateOpr,varchar,50.0,,,YES,8
dbo,Location,Updatedatim,datetime,,,,YES,9
dbo,LocationAssignment,ID,int,,10.0,0.0,NO,1
dbo,LocationAssignment,LocationCode,varchar,20.0,,,YES,2
dbo,LocationAssignment,Quantity,float,,53.0,,YES,3
dbo,LocationAssignment,AssignmentType,varchar,20.0,,,YES,4
dbo,LocationAssignment,JobNumber,varchar,20.0,,,YES,5
dbo,LocationAssignment,PONumber,varchar,20.0,,,YES,6
dbo,LocationAssignment,ItemNumber,int,,10.0,0.0,YES,7
dbo,LocationAssignment,CreateOpr,varchar,50.0,,,YES,8
dbo,LocationAssignment,CreateDatim,datetime,,,,YES,9
dbo,LocationAssignment,UpdateOpr,varchar,50.0,,,YES,10
dbo,LocationAssignment,Updatedatim,datetime,,,,YES,11
dbo,MainMenu,ID,int,,10.0,0.0,NO,1
dbo,MainMenu,Source,varchar,3.0,,,YES,2
dbo,MainMenu,Type,varchar,20.0,,,YES,3
dbo,MainMenu,Orientation,varchar,10.0,,,YES,4
dbo,MainMenu,Width,int,,10.0,0.0,YES,5
dbo,MainMenu,Height,int,,10.0,0.0,YES,6
dbo,MainMenu,ProgramPanelWidth,int,,10.0,0.0,YES,7
dbo,MainMenu,ProgramPanelHeight,int,,10.0,0.0,YES,8
dbo,MainMenu,DataWidgetPanelWidth,int,,10.0,0.0,YES,9
dbo,MainMenu,DataWidgetPanelHeight,int,,10.0,0.0,YES,10
dbo,MainMenu,UserName,varchar,50.0,,,YES,11
dbo,MainMenu,CreateOpr,varchar,50.0,,,YES,12
dbo,MainMenu,CreateDatim,datetime,,,,YES,13
dbo,MainMenu,UpdateOpr,varchar,50.0,,,YES,14
dbo,MainMenu,Updatedatim,datetime,,,,YES,15
dbo,MainMenu,MainMenuExpanded,smallint,,5.0,0.0,YES,16
dbo,MainMenu,DashboardExpanded,smallint,,5.0,0.0,YES,17
dbo,MainMenu,ModulesExpanded,smallint,,5.0,0.0,YES,18
dbo,MainMenu,AccountingExpanded,smallint,,5.0,0.0,YES,19
dbo,MainMenu,UtilitiesExpanded,smallint,,5.0,0.0,YES,20
dbo,MainMenu,Tab,varchar,50.0,,,YES,21
dbo,MainMenu,AccountingInterfaceExpanded,smallint,,5.0,0.0,YES,22
dbo,MainMenu,CustStatus,varchar,20.0,,,YES,23
dbo,MainMenu,CustType,varchar,20.0,,,YES,24
dbo,MainMenuIcon,ID,int,,10.0,0.0,NO,1
dbo,MainMenuIcon,MainMenuID,int,,10.0,0.0,YES,2
dbo,MainMenuIcon,X,int,,10.0,0.0,YES,3
dbo,MainMenuIcon,Y,int,,10.0,0.0,YES,4
dbo,MainMenuIcon,Width,int,,10.0,0.0,YES,5
dbo,MainMenuIcon,Height,int,,10.0,0.0,YES,6
dbo,MainMenuIcon,Type,varchar,5.0,,,YES,7
dbo,MainMenuIcon,Visibility,smallint,,5.0,0.0,YES,8
dbo,MainMenuIcon,Description,varchar,255.0,,,YES,9
dbo,MainMenuIcon,ExecutablePath,varchar,255.0,,,YES,10
dbo,MainMenuIcon,Image,image,2147483647.0,,,YES,11
dbo,MainMenuIcon,Module,varchar,50.0,,,YES,12
dbo,MainMenuIcon,EnumValue,varchar,100.0,,,YES,13
dbo,MainMenuIcon,CreateOpr,varchar,50.0,,,YES,14
dbo,MainMenuIcon,CreateDatim,datetime,,,,YES,15
dbo,MainMenuIcon,UpdateOpr,varchar,50.0,,,YES,16
dbo,MainMenuIcon,Updatedatim,datetime,,,,YES,17
dbo,MarginalWord,MarginalWord,varchar,40.0,,,NO,1
dbo,MarginalWord,EntryDate,datetime,,,,YES,2
dbo,MarginalWord,EntryTime,datetime,,,,YES,3
dbo,MarginalWord,CreateOpr,varchar,50.0,,,YES,4
dbo,MarginalWord,CreateDatim,datetime,,,,YES,5
dbo,MarginalWord,UpdateOpr,varchar,50.0,,,YES,6
dbo,MarginalWord,Updatedatim,datetime,,,,YES,7
dbo,Material,MaterialCode,varchar,50.0,,,NO,1
dbo,Material,CategoryCode,varchar,10.0,,,YES,2
dbo,Material,MaterialType,varchar,2.0,,,YES,3
dbo,Material,Width,real,,24.0,,YES,4
dbo,Material,Length,real,,24.0,,YES,5
dbo,Material,BWT,float,,53.0,,YES,6
dbo,Material,SBS,real,,24.0,,YES,7
dbo,Material,MWT,real,,24.0,,YES,8
dbo,Material,Caliper,real,,24.0,,YES,9
dbo,Material,LastUpdated,datetime,,,,YES,10
dbo,Material,VendorID,varchar,20.0,,,YES,11
dbo,Material,VendorProductID,varchar,20.0,,,YES,12
dbo,Material,ReorderLevel,float,,53.0,,YES,13
dbo,Material,ReorderQty,float,,53.0,,YES,14
dbo,Material,OnHandQty,float,,53.0,,YES,15
dbo,Material,Washups,smallint,,5.0,0.0,YES,16
dbo,Material,UnitDescription,varchar,30.0,,,YES,17
dbo,Material,Minimum,money,,19.0,4.0,YES,18
dbo,Material,CostingMethod,smallint,,5.0,0.0,YES,19
dbo,Material,Height,real,,24.0,,YES,20
dbo,Material,NonStock,bit,,,,YES,21
dbo,Material,CubicWeight,real,,24.0,,YES,22
dbo,Material,RollFeet,int,,10.0,0.0,YES,23
dbo,Material,CartonQty,int,,10.0,0.0,YES,24
dbo,Material,PreCollated,bit,,,,YES,25
dbo,Material,InkMileage,int,,10.0,0.0,YES,26
dbo,Material,EnterDimensions,bit,,,,YES,27
dbo,Material,DefaultMarkup,real,,24.0,,YES,28
dbo,Material,Description,varchar,1000.0,,,YES,29
dbo,Material,Color,varchar,20.0,,,YES,30
dbo,Material,EntryDate,datetime,,,,YES,31
dbo,Material,EntryTime,datetime,,,,YES,32
dbo,Material,SeparateMarkup,bit,,,,YES,33
dbo,Material,Description2,varchar,50.0,,,YES,34
dbo,Material,Description3,varchar,50.0,,,YES,35
dbo,Material,Description4,varchar,50.0,,,YES,36
dbo,Material,Description5,varchar,50.0,,,YES,37
dbo,Material,Description6,varchar,50.0,,,YES,38
dbo,Material,Description7,varchar,50.0,,,YES,39
dbo,Material,Option1,smallint,,5.0,0.0,YES,40
dbo,Material,Option2,smallint,,5.0,0.0,YES,41
dbo,Material,LinerWeight,real,,24.0,,YES,42
dbo,Material,ValuationMethod,smallint,,5.0,0.0,YES,43
dbo,Material,RollInventory,tinyint,,3.0,0.0,YES,44
dbo,Material,Comments,varchar,2000.0,,,YES,45
dbo,Material,GLAccount,varchar,50.0,,,YES,46
dbo,Material,RevisionDate,datetime,,,,YES,47
dbo,Material,CoreWaste,real,,24.0,,YES,48
dbo,Material,POUnitDescription,varchar,30.0,,,YES,49
dbo,Material,QtyPerPOUnit,real,,24.0,,YES,50
dbo,Material,HouseQuantity,int,,10.0,0.0,YES,51
dbo,Material,CustAccount,varchar,50.0,,,YES,52
dbo,Material,CustomerOwned,smallint,,5.0,0.0,YES,53
dbo,Material,LastReceivedCost,money,,19.0,4.0,YES,54
dbo,Material,FlatCost,money,,19.0,4.0,YES,55
dbo,Material,DefaultCoverage,real,,24.0,,YES,56
dbo,Material,NoRequisition,smallint,,5.0,0.0,YES,57
dbo,Material,Description8,varchar,50.0,,,YES,58
dbo,Material,CreateOpr,varchar,50.0,,,YES,59
dbo,Material,CreateDatim,datetime,,,,YES,60
dbo,Material,UpdateOpr,varchar,50.0,,,YES,61
dbo,Material,Updatedatim,datetime,,,,YES,62
dbo,Material,DefaultLocationCode,varchar,20.0,,,YES,63
dbo,Material,InventoryByWeightOption,smallint,,5.0,0.0,YES,64
dbo,Material,UserDefined1,varchar,100.0,,,YES,65
dbo,Material,UserDefined2,varchar,100.0,,,YES,66
dbo,Material,UserDefined3,varchar,100.0,,,YES,67
dbo,Material,UserDefined4,varchar,100.0,,,YES,68
dbo,Material,UserDefined5,varchar,100.0,,,YES,69
dbo,Material,CoatedOneSide,smallint,,5.0,0.0,YES,70
dbo,Material,RFQDescription,varchar,100.0,,,YES,71
dbo,Material,DontAllocateByRolls,smallint,,5.0,0.0,YES,72
dbo,Material,InventoryNumberUp,smallint,,5.0,0.0,YES,73
dbo,Material,CoverageOption1,smallint,,5.0,0.0,YES,74
dbo,Material,ParentMaterialCode,varchar,50.0,,,YES,75
dbo,Material,ParentNumberOut,smallint,,5.0,0.0,YES,76
dbo,Material,InactiveFlag,smallint,,5.0,0.0,YES,77
dbo,Material,POCostingMethod,smallint,,5.0,0.0,YES,78
dbo,Material,PODivisor,smallint,,5.0,0.0,YES,79
dbo,Material,POFactor,real,,24.0,,YES,80
dbo,Material,PlantID,varchar,3.0,,,YES,81
dbo,Material,RollChange,real,,24.0,,YES,82
dbo,Material,LeadTime,int,,10.0,0.0,YES,83
dbo,Material,InspectionRequired,smallint,,5.0,0.0,YES,84
dbo,Material,OriginalInvtQuantity,int,,10.0,0.0,YES,85
dbo,Material,OriginalInvtDate,datetime,,,,YES,86
dbo,Material,MMSI,real,,24.0,,YES,87
dbo,Material,AutoDeduct,smallint,,5.0,0.0,YES,88
dbo,Material,DontAutoUpdate,smallint,,5.0,0.0,YES,89
dbo,Material,CustomUOMCode,varchar,5.0,,,YES,90
dbo,Material,FGPermConverted,smallint,,5.0,0.0,YES,91
dbo,Material,ManufacturerItemNumber,varchar,50.0,,,YES,92
dbo,Material,MarkupTable,varchar,5.0,,,YES,93
dbo,Material,AutoReceiveRolls,smallint,,5.0,0.0,YES,94
dbo,Material,ProductTaxCode,varchar,50.0,,,YES,95
dbo,Material,ShippingTaxCode,varchar,50.0,,,YES,96
dbo,Material,CoreDiameter,real,,24.0,,YES,97
dbo,Material,RollDiameter,real,,24.0,,YES,98
dbo,Material,CustomerMixedFor,varchar,50.0,,,YES,99
dbo,Material,MaterialMixedFor,varchar,50.0,,,YES,100
dbo,Material,BackgroundColor,varchar,50.0,,,YES,101
dbo,Material,InkUserDefined1,varchar,50.0,,,YES,102
dbo,Material,PerSidePerCopyOption,smallint,,5.0,0.0,YES,103
dbo,Material,TrackByPallet,smallint,,5.0,0.0,YES,104
dbo,Material,DataCollectConversion,smallint,,5.0,0.0,YES,105
dbo,Material,UnitMultiplier,int,,10.0,0.0,YES,106
dbo,Material,ExemptFromCoverageSlowdown,smallint,,5.0,0.0,YES,107
dbo,Material,GLCOGAccount,varchar,50.0,,,YES,108
dbo,Material,CalculateCoreWidth,smallint,,5.0,0.0,YES,109
dbo,Material,UVInk,smallint,,5.0,0.0,YES,110
dbo,Material,CostConversion,smallint,,5.0,0.0,YES,111
dbo,Material,MaximumSpineThickness,real,,24.0,,YES,112
dbo,Material,CWTFeet,real,,24.0,,YES,113
dbo,Material,UnitCostOverride,money,,19.0,4.0,YES,114
dbo,Material,Transfer,smallint,,5.0,0.0,YES,115
dbo,Material,PrintReleafEligible,smallint,,5.0,0.0,YES,116
dbo,Material,AvgPalletQuantity,int,,10.0,0.0,YES,117
dbo,Material,MDSFBriefDescription,varchar,2000.0,,,YES,118
dbo,Material,MDSFLongDescription,varchar,4000.0,,,YES,119
dbo,MaterialAdjustment,Code,int,,10.0,0.0,NO,1
dbo,MaterialAdjustment,MaterialCode,varchar,50.0,,,YES,2
dbo,MaterialAdjustment,OnHandCode,int,,10.0,0.0,YES,3
dbo,MaterialAdjustment,Quantity,float,,53.0,,YES,4
dbo,MaterialAdjustment,UnitCost,decimal,,38.0,8.0,YES,5
dbo,MaterialAdjustment,Comments,varchar,2000.0,,,YES,6
dbo,MaterialAdjustment,EntryDate,datetime,,,,YES,7
dbo,MaterialAdjustment,EntryTime,datetime,,,,YES,8
dbo,MaterialAdjustment,LocationCode,varchar,20.0,,,YES,9
dbo,MaterialAdjustment,RollID,varchar,100.0,,,YES,10
dbo,MaterialAdjustment,UnitPrice,decimal,,38.0,8.0,YES,11
dbo,MaterialAdjustment,QuantityPerPackage,int,,10.0,0.0,YES,12
dbo,MaterialAdjustment,LotNumber,varchar,50.0,,,YES,13
dbo,MaterialAdjustment,PlantID,varchar,3.0,,,YES,14
dbo,MaterialAdjustment,OnHandDate,datetime,,,,YES,15
dbo,MaterialAdjustment,ShipToFG,smallint,,5.0,0.0,YES,16
dbo,MaterialAdjustment,CreateOpr,varchar,50.0,,,YES,17
dbo,MaterialAdjustment,CreateDatim,datetime,,,,YES,18
dbo,MaterialAdjustment,UpdateOpr,varchar,50.0,,,YES,19
dbo,MaterialAdjustment,Updatedatim,datetime,,,,YES,20
dbo,MaterialAdjustment,JobNumber,varchar,20.0,,,YES,21
dbo,MaterialAdjustment,ReasonCode,varchar,6.0,,,YES,22
dbo,MaterialAdjustment,PalletCode,varchar,20.0,,,YES,23
dbo,MaterialAdjustment,GLUpdateType,varchar,20.0,,,YES,24
dbo,MaterialAdjustment,RollWidth,real,,24.0,,YES,25
dbo,MaterialAdjustment,RollLength,real,,24.0,,YES,26
dbo,MaterialAdjustment,ComponentNumber,smallint,,5.0,0.0,YES,27
dbo,MaterialAllocateRollID,ID,int,,10.0,0.0,NO,1
dbo,MaterialAllocateRollID,MaterialAllocationCode,int,,10.0,0.0,YES,2
dbo,MaterialAllocateRollID,MaterialCode,varchar,50.0,,,YES,3
dbo,MaterialAllocateRollID,RollID,varchar,100.0,,,YES,4
dbo,MaterialAllocateRollID,Quantity,float,,53.0,,YES,5
dbo,MaterialAllocateRollID,CreateOpr,varchar,50.0,,,YES,6
dbo,MaterialAllocateRollID,CreateDatim,datetime,,,,YES,7
dbo,MaterialAllocateRollID,UpdateOpr,varchar,50.0,,,YES,8
dbo,MaterialAllocateRollID,UpdateDatim,datetime,,,,YES,9
dbo,MaterialAllocateRollID,PalletCode,varchar,20.0,,,YES,10
dbo,MaterialAllocation,Code,int,,10.0,0.0,NO,1
dbo,MaterialAllocation,MaterialCode,varchar,50.0,,,YES,2
dbo,MaterialAllocation,Quantity,float,,53.0,,YES,3
dbo,MaterialAllocation,JobNumber,varchar,20.0,,,YES,4
dbo,MaterialAllocation,ComponentNumber,smallint,,5.0,0.0,YES,5
dbo,MaterialAllocation,Comments,varchar,2000.0,,,YES,6
dbo,MaterialAllocation,EntryDate,datetime,,,,YES,7
dbo,MaterialAllocation,EntryTime,datetime,,,,YES,8
dbo,MaterialAllocation,OnHandCode,int,,10.0,0.0,YES,9
dbo,MaterialAllocation,LotNumber,varchar,50.0,,,YES,10
dbo,MaterialAllocation,PlantID,varchar,3.0,,,YES,11
dbo,MaterialAllocation,CreateOpr,varchar,50.0,,,YES,12
dbo,MaterialAllocation,CreateDatim,datetime,,,,YES,13
dbo,MaterialAllocation,UpdateOpr,varchar,50.0,,,YES,14
dbo,MaterialAllocation,Updatedatim,datetime,,,,YES,15
dbo,MaterialAllocation,RollWidth,real,,24.0,,YES,16
dbo,MaterialAlternateSupplier,Code,int,,10.0,0.0,NO,1
dbo,MaterialAlternateSupplier,MaterialCode,varchar,50.0,,,YES,2
dbo,MaterialAlternateSupplier,SupplierID,varchar,20.0,,,YES,3
dbo,MaterialAlternateSupplier,SupplierItemID,varchar,20.0,,,YES,4
dbo,MaterialAlternateSupplier,DiscountPercentage,real,,24.0,,YES,5
dbo,MaterialAlternateSupplier,NormalUnitCost,decimal,,38.0,8.0,YES,6
dbo,MaterialAlternateSupplier,ContractUnitCost,decimal,,38.0,8.0,YES,7
dbo,MaterialAlternateSupplier,EntryDate,datetime,,,,YES,8
dbo,MaterialAlternateSupplier,EntryTime,datetime,,,,YES,9
dbo,MaterialAlternateSupplier,CreateOpr,varchar,50.0,,,YES,10
dbo,MaterialAlternateSupplier,CreateDatim,datetime,,,,YES,11
dbo,MaterialAlternateSupplier,UpdateOpr,varchar,50.0,,,YES,12
dbo,MaterialAlternateSupplier,Updatedatim,datetime,,,,YES,13
dbo,MaterialCategory,CategoryCode,varchar,10.0,,,NO,1
dbo,MaterialCategory,Description,varchar,50.0,,,YES,2
dbo,MaterialCategory,SBS,real,,24.0,,YES,3
dbo,MaterialCategory,ReduceInkMileage,real,,24.0,,YES,4
dbo,MaterialCategory,EntryDate,datetime,,,,YES,5
dbo,MaterialCategory,EntryTime,datetime,,,,YES,6
dbo,MaterialCategory,MaterialType,varchar,2.0,,,YES,7
dbo,MaterialCategory,GLAccount,varchar,50.0,,,YES,8
dbo,MaterialCategory,CustAccount,varchar,50.0,,,YES,9
dbo,MaterialCategory,CreateOpr,varchar,50.0,,,YES,10
dbo,MaterialCategory,CreateDatim,datetime,,,,YES,11
dbo,MaterialCategory,UpdateOpr,varchar,50.0,,,YES,12
dbo,MaterialCategory,Updatedatim,datetime,,,,YES,13
dbo,MaterialCategory,FGKitsOnly,smallint,,5.0,0.0,YES,14
dbo,MaterialCategory,FGItemsOnly,smallint,,5.0,0.0,YES,15
dbo,MaterialCategory,POAccrualAccount,varchar,50.0,,,YES,16
dbo,MaterialCategory,MaterialWIPAccount,varchar,50.0,,,YES,17
dbo,MaterialCategory,MaterialAppliedAccount,varchar,50.0,,,YES,18
dbo,MaterialCategory,MaterialOnHandAccount,varchar,50.0,,,YES,19
dbo,MaterialCategory,MaterialCOSAccount,varchar,50.0,,,YES,20
dbo,MaterialCategory,MaterialExpenseAccount,varchar,50.0,,,YES,21
dbo,MaterialCategory,ForAllCustomers,smallint,,5.0,0.0,YES,22
dbo,MaterialCategory,DefaultCostingMethod,smallint,,5.0,0.0,YES,23
dbo,MaterialCategory,DieType,varchar,20.0,,,YES,24
dbo,MaterialCategory,PlantID,varchar,3.0,,,YES,25
dbo,MaterialCategory,RFQDescription,varchar,50.0,,,YES,26
dbo,MaterialCategory,AllowFGAsSheetStock,smallint,,5.0,0.0,YES,27
dbo,MaterialCategory,CaliperFactor,real,,24.0,,YES,28
dbo,MaterialCategory,ComponentType,varchar,20.0,,,YES,29
dbo,MaterialCategory,GLTUserDefined1,varchar,50.0,,,YES,30
dbo,MaterialCategory,GLTUserDefined2,varchar,50.0,,,YES,31
dbo,MaterialCategory,MatAdjustmentGLAccount,varchar,50.0,,,YES,32
dbo,MaterialGLAccount,ID,int,,10.0,0.0,NO,1
dbo,MaterialGLAccount,MaterialCode,varchar,50.0,,,YES,2
dbo,MaterialGLAccount,GLAccount,varchar,50.0,,,YES,3
dbo,MaterialGLAccount,Percentage,real,,24.0,,YES,4
dbo,MaterialGLAccount,Updatedatim,datetime,,,,YES,5
dbo,MaterialGLAccount,UpdateOpr,varchar,50.0,,,YES,6
dbo,MaterialGLAccount,Createdatim,datetime,,,,YES,7
dbo,MaterialGLAccount,CreateOpr,varchar,50.0,,,YES,8
dbo,MaterialImages,ImageID,int,,10.0,0.0,NO,1
dbo,MaterialImages,MaterialCode,varchar,50.0,,,YES,2
dbo,MaterialImages,MaterialImage,image,2147483647.0,,,YES,3
dbo,MaterialImages,FileName,varchar,256.0,,,YES,4
dbo,MaterialImages,FileType,varchar,50.0,,,YES,5
dbo,MaterialImages,FileSize,int,,10.0,0.0,YES,6
dbo,MaterialImages,Createdatim,datetime,,,,YES,7
dbo,MaterialImages,CreateOpr,varchar,50.0,,,YES,8
dbo,MaterialImages,Updatedatim,datetime,,,,YES,9
dbo,MaterialImages,UpdateOpr,varchar,50.0,,,YES,10
dbo,MaterialImages,ImageTypeCode,varchar,5.0,,,YES,11
dbo,MaterialImages,Comments,varchar,2000.0,,,YES,12
dbo,MaterialImages,ThumbNail,image,2147483647.0,,,YES,13
dbo,MaterialOnHand,Code,int,,10.0,0.0,NO,1
dbo,MaterialOnHand,MaterialCode,varchar,50.0,,,YES,2
dbo,MaterialOnHand,RollID,varchar,100.0,,,YES,3
dbo,MaterialOnHand,PreviousRollID,varchar,100.0,,,YES,4
dbo,MaterialOnHand,OriginalRollID,varchar,100.0,,,YES,5
dbo,MaterialOnHand,Quantity,float,,53.0,,YES,6
dbo,MaterialOnHand,UnitCost,decimal,,38.0,8.0,YES,7
dbo,MaterialOnHand,Width,real,,24.0,,YES,8
dbo,MaterialOnHand,LocationCode,varchar,20.0,,,YES,9
dbo,MaterialOnHand,EntryTime,datetime,,,,YES,10
dbo,MaterialOnHand,EntryDate,datetime,,,,YES,11
dbo,MaterialOnHand,CalculatedCost,money,,19.0,4.0,YES,12
dbo,MaterialOnHand,LotNumber,varchar,50.0,,,YES,13
dbo,MaterialOnHand,QuantityPerPackage,int,,10.0,0.0,YES,14
dbo,MaterialOnHand,UnitPrice,decimal,,38.0,8.0,YES,15
dbo,MaterialOnHand,RollLength,int,,10.0,0.0,YES,16
dbo,MaterialOnHand,CreateOpr,varchar,50.0,,,YES,17
dbo,MaterialOnHand,CreateDatim,datetime,,,,YES,18
dbo,MaterialOnHand,UpdateOpr,varchar,50.0,,,YES,19
dbo,MaterialOnHand,UpdateDatim,datetime,,,,YES,20
dbo,MaterialOnHand,StandardUnitCost,decimal,,38.0,8.0,YES,21
dbo,MaterialOnHand,AverageUnitCost,decimal,,38.0,8.0,YES,22
dbo,MaterialOnHand,LifoFifoUnitCost,decimal,,38.0,8.0,YES,23
dbo,MaterialOnHand,RollWeight,real,,24.0,,YES,24
dbo,MaterialOnHand,ReceiptDate,datetime,,,,YES,25
dbo,MaterialOnHand,PlantID,varchar,3.0,,,YES,26
dbo,MaterialOnHand,PalletCode,varchar,20.0,,,YES,27
dbo,MaterialOnHand,Consignment,smallint,,5.0,0.0,YES,28
dbo,MaterialOnHand,CurrentWeight,float,,53.0,,YES,29
dbo,MaterialOnHand,CurrentFeet,float,,53.0,,YES,30
dbo,MaterialOnHandChange,Code,int,,10.0,0.0,NO,1
dbo,MaterialOnHandChange,CreateOpr,varchar,50.0,,,YES,2
dbo,MaterialOnHandChange,CreateDatim,datetime,,,,YES,3
dbo,MaterialOnHandChange,UpdateOpr,varchar,50.0,,,YES,4
dbo,MaterialOnHandChange,UpdateDatim,datetime,,,,YES,5
dbo,MaterialOnHandChange,TransactionType,smallint,,5.0,0.0,YES,6
dbo,MaterialOnHandChange,TransactionCode,int,,10.0,0.0,YES,7
dbo,MaterialOnHandChange,OnHandCode,int,,10.0,0.0,YES,8
dbo,MaterialOnHandChange,RollID,varchar,100.0,,,YES,9
dbo,MaterialOnHandChange,MaterialCode,varchar,50.0,,,YES,10
dbo,MaterialOnHandChange,PreviousRollID,varchar,100.0,,,YES,11
dbo,MaterialOnHandChange,OriginalRollID,varchar,100.0,,,YES,12
dbo,MaterialOnHandChange,EntryDate,datetime,,,,YES,13
dbo,MaterialOnHandChange,EntryTime,datetime,,,,YES,14
dbo,MaterialOnHandChange,Quantity,float,,53.0,,YES,15
dbo,MaterialOnHandChange,UnitCost,decimal,,38.0,8.0,YES,16
dbo,MaterialOnHandChange,Width,real,,24.0,,YES,17
dbo,MaterialOnHandChange,LocationCode,varchar,20.0,,,YES,18
dbo,MaterialOnHandChange,StandardUnitCost,decimal,,38.0,8.0,YES,19
dbo,MaterialOnHandChange,AverageUnitCost,decimal,,38.0,8.0,YES,20
dbo,MaterialOnHandChange,LifoFifoUnitCost,decimal,,38.0,8.0,YES,21
dbo,MaterialOnHandChange,LotNumber,varchar,50.0,,,YES,22
dbo,MaterialOnHandChange,PalletCode,varchar,20.0,,,YES,23
dbo,MaterialOnHandChange,RollWidth,real,,24.0,,YES,24
dbo,MaterialOnHandChange,RollLength,real,,24.0,,YES,25
dbo,MaterialOnHandChange,UnitPrice,money,,19.0,4.0,YES,26
dbo,MaterialPressSizes,Code,int,,10.0,0.0,NO,1
dbo,MaterialPressSizes,MaterialCode,varchar,50.0,,,YES,2
dbo,MaterialPressSizes,Width,real,,24.0,,YES,3
dbo,MaterialPressSizes,Length,real,,24.0,,YES,4
dbo,MaterialPressSizes,EntryDate,datetime,,,,YES,5
dbo,MaterialPressSizes,EntryTime,datetime,,,,YES,6
dbo,MaterialPressSizes,CreateOpr,varchar,50.0,,,YES,7
dbo,MaterialPressSizes,CreateDatim,datetime,,,,YES,8
dbo,MaterialPressSizes,UpdateOpr,varchar,50.0,,,YES,9
dbo,MaterialPressSizes,Updatedatim,datetime,,,,YES,10
dbo,MaterialReport,MaterialCode,varchar,50.0,,,NO,1
dbo,MaterialReport,LastOrderDate,datetime,,,,YES,2
dbo,MaterialReport,LastOrderQuantity,int,,10.0,0.0,YES,3
dbo,MaterialReport,TotalUsage,real,,24.0,,YES,4
dbo,MaterialReport,TotalMonths,int,,10.0,0.0,YES,5
dbo,MaterialReport,QuantityOnOrder,real,,24.0,,YES,6
dbo,MaterialReport,QuantityOnHand,real,,24.0,,YES,7
dbo,MaterialReport,CustAccount,varchar,50.0,,,YES,8
dbo,MaterialReport,CustName,varchar,50.0,,,YES,9
dbo,MaterialReport,Description,varchar,1000.0,,,YES,10
dbo,MaterialReport,ReorderLevel,int,,10.0,0.0,YES,11
dbo,MaterialReport,SalesRepCode,varchar,5.0,,,YES,12
dbo,MaterialReport,SalesRepName,varchar,50.0,,,YES,13
dbo,MaterialReport,StartDate,datetime,,,,YES,14
dbo,MaterialReport,EndDate,datetime,,,,YES,15
dbo,MaterialReport,LastOrderDate1,datetime,,,,YES,16
dbo,MaterialReport,LastOrderDate2,datetime,,,,YES,17
dbo,MaterialReport,LastOrderDate3,datetime,,,,YES,18
dbo,MaterialReport,LastJobNumber1,varchar,20.0,,,YES,19
dbo,MaterialReport,LastJobNumber2,varchar,20.0,,,YES,20
dbo,MaterialReport,LastJobNumber3,varchar,20.0,,,YES,21
dbo,MaterialReport,LastPONumber1,varchar,50.0,,,YES,22
dbo,MaterialReport,LastPONumber2,varchar,50.0,,,YES,23
dbo,MaterialReport,LastPONumber3,varchar,50.0,,,YES,24
dbo,MaterialReport,LastOrderQuantity1,int,,10.0,0.0,YES,25
dbo,MaterialReport,LastOrderQuantity2,int,,10.0,0.0,YES,26
dbo,MaterialReport,LastOrderQuantity3,int,,10.0,0.0,YES,27
dbo,MaterialReport,QuantityPerPackage1,int,,10.0,0.0,YES,28
dbo,MaterialReport,QuantityPerPackage2,int,,10.0,0.0,YES,29
dbo,MaterialReport,QuantityPerPackage3,int,,10.0,0.0,YES,30
dbo,MaterialReport,LastOrderPrice1,money,,19.0,4.0,YES,31
dbo,MaterialReport,LastOrderPrice2,money,,19.0,4.0,YES,32
dbo,MaterialReport,LastOrderPrice3,money,,19.0,4.0,YES,33
dbo,MaterialReport,LastOrderCost1,money,,19.0,4.0,YES,34
dbo,MaterialReport,LastOrderCost2,money,,19.0,4.0,YES,35
dbo,MaterialReport,LastOrderCost3,money,,19.0,4.0,YES,36
dbo,MaterialReport,LastVendorID1,varchar,20.0,,,YES,37
dbo,MaterialReport,LastVendorID2,varchar,20.0,,,YES,38
dbo,MaterialReport,LastVendorID3,varchar,20.0,,,YES,39
dbo,MaterialReport,TotalLocations,int,,10.0,0.0,YES,40
dbo,MaterialReport,TotalAllocated,real,,24.0,,YES,41
dbo,MaterialReport,TotalBackOrdered,real,,24.0,,YES,42
dbo,MaterialReport,Month1,real,,24.0,,YES,43
dbo,MaterialReport,Month2,real,,24.0,,YES,44
dbo,MaterialReport,Month3,real,,24.0,,YES,45
dbo,MaterialReport,Month4,real,,24.0,,YES,46
dbo,MaterialReport,Month5,real,,24.0,,YES,47
dbo,MaterialReport,Month6,real,,24.0,,YES,48
dbo,MaterialReport,Month7,real,,24.0,,YES,49
dbo,MaterialReport,Month8,real,,24.0,,YES,50
dbo,MaterialReport,Month9,real,,24.0,,YES,51
dbo,MaterialReport,Month10,real,,24.0,,YES,52
dbo,MaterialReport,Month11,real,,24.0,,YES,53
dbo,MaterialReport,Month12,real,,24.0,,YES,54
dbo,MaterialReport,PMonth1,real,,24.0,,YES,55
dbo,MaterialReport,PMonth2,real,,24.0,,YES,56
dbo,MaterialReport,PMonth3,real,,24.0,,YES,57
dbo,MaterialReport,PMonth4,real,,24.0,,YES,58
dbo,MaterialReport,PMonth5,real,,24.0,,YES,59
dbo,MaterialReport,PMonth6,real,,24.0,,YES,60
dbo,MaterialReport,PMonth7,real,,24.0,,YES,61
dbo,MaterialReport,PMonth8,real,,24.0,,YES,62
dbo,MaterialReport,PMonth9,real,,24.0,,YES,63
dbo,MaterialReport,PMonth10,real,,24.0,,YES,64
dbo,MaterialReport,PMonth11,real,,24.0,,YES,65
dbo,MaterialReport,PMonth12,real,,24.0,,YES,66
dbo,MaterialReport,CustomerOwned,smallint,,5.0,0.0,YES,67
dbo,MaterialReport,TotalCartons,int,,10.0,0.0,YES,68
dbo,MaterialReport,TotalReceived,int,,10.0,0.0,YES,69
dbo,MaterialReport,Comments,text,2147483647.0,,,YES,70
dbo,MaterialReport,CreateOpr,varchar,50.0,,,YES,71
dbo,MaterialReport,CreateDatim,datetime,,,,YES,72
dbo,MaterialReport,UpdateOpr,varchar,50.0,,,YES,73
dbo,MaterialReport,Updatedatim,datetime,,,,YES,74
dbo,Materials-Test,MaterialCode,varchar,-1.0,,,NO,1
dbo,Materials-Test,Description,varchar,-1.0,,,YES,2
dbo,Materials-Test,Color,nvarchar,50.0,,,YES,3
dbo,Materials-Test,CategoryCode,nvarchar,50.0,,,YES,4
dbo,Materials-Test,MatyerialType,nvarchar,50.0,,,YES,5
dbo,Materials-Test,Width,nvarchar,50.0,,,YES,6
dbo,Materials-Test,Length,nvarchar,50.0,,,YES,7
dbo,Materials-Test,BWT,nvarchar,50.0,,,YES,8
dbo,Materials-Test,SBS,nvarchar,50.0,,,YES,9
dbo,Materials-Test,MWT,nvarchar,50.0,,,YES,10
dbo,Materials-Test,Caliper,float,,53.0,,YES,11
dbo,Materials-Test,VendorID,nvarchar,1.0,,,YES,12
dbo,Materials-Test,ReorderLevel,nvarchar,50.0,,,YES,13
dbo,Materials-Test,ReOrderQty,nvarchar,50.0,,,YES,14
dbo,Materials-Test,CostingMethod,nvarchar,50.0,,,YES,15
dbo,Materials-Test,ValuationMethod,nvarchar,50.0,,,YES,16
dbo,Materials-Test,Height,nvarchar,50.0,,,YES,17
dbo,Materials-Test,RollFeet,nvarchar,50.0,,,YES,18
dbo,Materials-Test,NonStock,nvarchar,50.0,,,YES,19
dbo,Materials-Test,Precollated,nvarchar,50.0,,,YES,20
dbo,Materials-Test,EnterDimensions,nvarchar,50.0,,,YES,21
dbo,Materials-Test,InactiveFlag,nvarchar,50.0,,,YES,22
dbo,Materials-Test,CartonQty,nvarchar,50.0,,,YES,23
dbo,Materials-Test,QtyPerPO,nvarchar,50.0,,,YES,24
dbo,Materials-Test,RollInventory,nvarchar,50.0,,,YES,25
dbo,Materials-Test,UserDefined2,nvarchar,50.0,,,YES,26
dbo,MaterialTransfer,Code,int,,10.0,0.0,NO,1
dbo,MaterialTransfer,FromOnHandCode,int,,10.0,0.0,YES,2
dbo,MaterialTransfer,ToOnHandCode,int,,10.0,0.0,YES,3
dbo,MaterialTransfer,FromLocationCode,varchar,20.0,,,YES,4
dbo,MaterialTransfer,ToLocationCode,varchar,20.0,,,YES,5
dbo,MaterialTransfer,Comments,varchar,2000.0,,,YES,6
dbo,MaterialTransfer,EntryDate,datetime,,,,YES,7
dbo,MaterialTransfer,EntryTime,datetime,,,,YES,8
dbo,MaterialTransfer,Quantity,float,,53.0,,YES,9
dbo,MaterialTransfer,MaterialCode,varchar,50.0,,,YES,10
dbo,MaterialTransfer,UnitCost,decimal,,38.0,8.0,YES,11
dbo,MaterialTransfer,UnitPrice,decimal,,38.0,8.0,YES,12
dbo,MaterialTransfer,CreateOpr,varchar,50.0,,,YES,13
dbo,MaterialTransfer,CreateDatim,datetime,,,,YES,14
dbo,MaterialTransfer,UpdateOpr,varchar,50.0,,,YES,15
dbo,MaterialTransfer,Updatedatim,datetime,,,,YES,16
dbo,MaterialTransfer,FromPalletCode,varchar,20.0,,,YES,17
dbo,MaterialTransfer,ToPalletCode,varchar,20.0,,,YES,18
dbo,MaterialTransfer,RemoveFromConsignment,smallint,,5.0,0.0,YES,19
dbo,MaterialTransfer,PlaceInConsignment,smallint,,5.0,0.0,YES,20
dbo,MaterialTransfer,RollID,varchar,100.0,,,YES,21
dbo,MaterialTransfer,RollWidth,real,,24.0,,YES,22
dbo,MaterialTransfer,RollLength,real,,24.0,,YES,23
dbo,MaterialUnitCost,MaterialCode,varchar,50.0,,,NO,1
dbo,MaterialUnitCost,Quantity,float,,53.0,,NO,2
dbo,MaterialUnitCost,UnitCost,decimal,,38.0,8.0,YES,3
dbo,MaterialUnitCost,EntryDate,datetime,,,,YES,4
dbo,MaterialUnitCost,EntryTime,datetime,,,,YES,5
dbo,MaterialUnitCost,CreateOpr,varchar,50.0,,,YES,6
dbo,MaterialUnitCost,CreateDatim,datetime,,,,YES,7
dbo,MaterialUnitCost,UpdateOpr,varchar,50.0,,,YES,8
dbo,MaterialUnitCost,Updatedatim,datetime,,,,YES,9
dbo,MaterialUnitCost,ContractUnitCost,decimal,,38.0,8.0,YES,10
dbo,MaterialUnitCost,POUnitCost,decimal,,38.0,8.0,YES,11
dbo,MaterialUnitCost,FlatCost,money,,19.0,4.0,YES,12
dbo,MaterialUsage,Code,int,,10.0,0.0,NO,1
dbo,MaterialUsage,MaterialCode,varchar,50.0,,,YES,2
dbo,MaterialUsage,EmployeeCode,varchar,5.0,,,YES,3
dbo,MaterialUsage,JobNumber,varchar,20.0,,,YES,4
dbo,MaterialUsage,ComponentNumber,smallint,,5.0,0.0,YES,5
dbo,MaterialUsage,UsageDate,datetime,,,,YES,6
dbo,MaterialUsage,Comments,varchar,2000.0,,,YES,7
dbo,MaterialUsage,QuantityUsed,float,,53.0,,YES,8
dbo,MaterialUsage,QuantitySpoiled,float,,53.0,,YES,9
dbo,MaterialUsage,UnitCost,decimal,,38.0,8.0,YES,10
dbo,MaterialUsage,CostingMethod,smallint,,5.0,0.0,YES,11
dbo,MaterialUsage,UsageCost,money,,19.0,4.0,YES,12
dbo,MaterialUsage,SpoilageCost,money,,19.0,4.0,YES,13
dbo,MaterialUsage,ShiftNumber,smallint,,5.0,0.0,YES,14
dbo,MaterialUsage,QuantityAllocated,float,,53.0,,YES,15
dbo,MaterialUsage,JobCosting,smallint,,5.0,0.0,YES,16
dbo,MaterialUsage,AllocationCode,int,,10.0,0.0,YES,17
dbo,MaterialUsage,RollID,varchar,100.0,,,YES,18
dbo,MaterialUsage,EntryDate,datetime,,,,YES,19
dbo,MaterialUsage,EntryTime,datetime,,,,YES,20
dbo,MaterialUsage,CostCode,varchar,5.0,,,YES,21
dbo,MaterialUsage,ReasonCode,varchar,5.0,,,YES,22
dbo,MaterialUsage,PartNumber,smallint,,5.0,0.0,YES,23
dbo,MaterialUsage,DepartmentCode,varchar,5.0,,,YES,24
dbo,MaterialUsage,LocationCode,varchar,20.0,,,YES,25
dbo,MaterialUsage,OnHandCode,int,,10.0,0.0,YES,26
dbo,MaterialUsage,LotNumber,varchar,50.0,,,YES,27
dbo,MaterialUsage,PlantID,varchar,3.0,,,YES,28
dbo,MaterialUsage,ProcessCode,int,,10.0,0.0,YES,29
dbo,MaterialUsage,CreateOpr,varchar,50.0,,,YES,30
dbo,MaterialUsage,CreateDatim,datetime,,,,YES,31
dbo,MaterialUsage,UpdateOpr,varchar,50.0,,,YES,32
dbo,MaterialUsage,Updatedatim,datetime,,,,YES,33
dbo,MaterialUsage,ContractUnitCost,decimal,,38.0,8.0,YES,34
dbo,MaterialUsage,PostedToGL,smallint,,5.0,0.0,YES,35
dbo,MaterialUsage,PalletCode,varchar,20.0,,,YES,36
dbo,MaterialUsage,PreviousComponentNumber,smallint,,5.0,0.0,YES,37
dbo,MaterialUsage,GRJobNumber,varchar,20.0,,,YES,38
dbo,MaterialUsage,RollWidth,real,,24.0,,YES,39
dbo,MaterialUsage,RollLength,real,,24.0,,YES,40
dbo,MaterialUsage,CalculatedCost,money,,19.0,4.0,YES,41
dbo,MaterialUsage,PalletInches,real,,24.0,,YES,42
dbo,MaterialUsage,StartingDimension,real,,24.0,,YES,43
dbo,MaterialUsage,EndingDimension,real,,24.0,,YES,44
dbo,MaterialUsage,QuantityToConvert,float,,53.0,,YES,45
dbo,MaterialUsage,CurrentWeight,float,,53.0,,YES,46
dbo,MaterialUsage,CurrentFeet,float,,53.0,,YES,47
dbo,MaterialUsage,GangComponentNumber,smallint,,5.0,0.0,YES,48
dbo,MDPreferences,PlantID,varchar,3.0,,,NO,1
dbo,MDPreferences,AnnualQuoteGoal,money,,19.0,4.0,YES,2
dbo,MDPreferences,DefaultQuotePeriod,varchar,50.0,,,YES,3
dbo,MDPreferences,AnnualOrdersGoal,money,,19.0,4.0,YES,4
dbo,MDPreferences,AnnualOrdersQtyGoal,int,,10.0,0.0,YES,5
dbo,MDPreferences,DefaultOrderPeriod,varchar,50.0,,,YES,6
dbo,MDPreferences,OnTimeAvgDays,int,,10.0,0.0,YES,7
dbo,MDPreferences,DefaultDeliveryPeriod,varchar,50.0,,,YES,8
dbo,MDPreferences,DefaultProductionDepartment,varchar,5.0,,,YES,9
dbo,MDPreferences,DefaultProductionPeriod,varchar,50.0,,,YES,10
dbo,MDPreferences,DefaultProductivityDepartment,varchar,5.0,,,YES,11
dbo,MDPreferences,DefaultProductivityPeriod,varchar,50.0,,,YES,12
dbo,MDPreferences,DefaultEfficiencyDepartment,varchar,5.0,,,YES,13
dbo,MDPreferences,DefaultEfficiencyPeriod,varchar,50.0,,,YES,14
dbo,MDPreferences,DefaultSpoilagePeriod,varchar,50.0,,,YES,15
dbo,MDPreferences,CreateOpr,varchar,50.0,,,YES,16
dbo,MDPreferences,CreateDatim,datetime,,,,YES,17
dbo,MDPreferences,UpdateOpr,varchar,50.0,,,YES,18
dbo,MDPreferences,Updatedatim,datetime,,,,YES,19
dbo,MDSFFeature,ID,int,,10.0,0.0,NO,1
dbo,MDSFFeature,CategoryID,varchar,100.0,,,YES,2
dbo,MDSFFeature,CategoryDescription,varchar,100.0,,,YES,3
dbo,MDSFFeature,Description,varchar,100.0,,,YES,4
dbo,MDSFFeature,FeatureKey,varchar,100.0,,,YES,5
dbo,MDSFFeature,FeatureID,varchar,100.0,,,YES,6
dbo,MDSFFeature,Note,varchar,100.0,,,YES,7
dbo,MDSFFeature,FeatureType,varchar,20.0,,,YES,8
dbo,MDSFFeature,FeatureEPMSID,varchar,20.0,,,YES,9
dbo,MDSFFeature,CreateOpr,varchar,50.0,,,YES,10
dbo,MDSFFeature,CreateDatim,datetime,,,,YES,11
dbo,MDSFFeature,UpdateOpr,varchar,50.0,,,YES,12
dbo,MDSFFeature,UpdateDatim,datetime,,,,YES,13
dbo,MDSFFeatureKeyValue,ID,int,,10.0,0.0,NO,1
dbo,MDSFFeatureKeyValue,MDSFFeatureID,varchar,100.0,,,YES,2
dbo,MDSFFeatureKeyValue,KeyDescription,varchar,100.0,,,YES,3
dbo,MDSFFeatureKeyValue,Value,varchar,100.0,,,YES,4
dbo,MDSFFeatureKeyValue,KeyType,varchar,100.0,,,YES,5
dbo,MDSFFeatureKeyValue,KeyEPMSID,varchar,100.0,,,YES,6
dbo,MDSFFeatureKeyValue,CreateOpr,varchar,50.0,,,YES,7
dbo,MDSFFeatureKeyValue,CreateDatim,datetime,,,,YES,8
dbo,MDSFFeatureKeyValue,UpdateOpr,varchar,50.0,,,YES,9
dbo,MDSFFeatureKeyValue,UpdateDatim,datetime,,,,YES,10
dbo,MissingNumbers,ID,bigint,,19.0,0.0,NO,1
dbo,MissingNumbers,PackageID,int,,10.0,0.0,NO,2
dbo,MissingNumbers,ResetNumber,int,,10.0,0.0,NO,3
dbo,MissingNumbers,NumberingFrom,varchar,15.0,,,YES,4
dbo,MissingNumbers,NumberingTo,varchar,15.0,,,YES,5
dbo,MissingNumbers,CreateOpr,varchar,50.0,,,YES,6
dbo,MissingNumbers,CreateDatim,datetime,,,,YES,7
dbo,MissingNumbers,UpdateOpr,varchar,50.0,,,YES,8
dbo,MissingNumbers,Updatedatim,datetime,,,,YES,9
dbo,MISysTable,ID,int,,10.0,0.0,NO,1
dbo,MISysTable,TableType,smallint,,5.0,0.0,YES,2
dbo,MISysTable,Code,varchar,5.0,,,YES,3
dbo,MISysTable,Quantity,float,,53.0,,YES,4
dbo,MISysTable,Quantity2,float,,53.0,,YES,5
dbo,MISysTable,Result1,real,,24.0,,YES,6
dbo,MISysTable,Result2,real,,24.0,,YES,7
dbo,MISysTable,Result3,real,,24.0,,YES,8
dbo,MISysTable,EntryDate,datetime,,,,YES,9
dbo,MISysTable,EntryTime,datetime,,,,YES,10
dbo,MISysTable,CreateOpr,varchar,50.0,,,YES,11
dbo,MISysTable,CreateDatim,datetime,,,,YES,12
dbo,MISysTable,UpdateOpr,varchar,50.0,,,YES,13
dbo,MISysTable,Updatedatim,datetime,,,,YES,14
dbo,MISysTable,CostCenterCode,int,,10.0,0.0,YES,15
dbo,MISysTableHeader,Code,varchar,5.0,,,NO,1
dbo,MISysTableHeader,TableType,smallint,,5.0,0.0,NO,2
dbo,MISysTableHeader,Description,varchar,50.0,,,YES,3
dbo,MISysTableHeader,Option1,bit,,,,YES,4
dbo,MISysTableHeader,Option2,bit,,,,YES,5
dbo,MISysTableHeader,Option3,smallint,,5.0,0.0,YES,6
dbo,MISysTableHeader,EntryDate,datetime,,,,YES,7
dbo,MISysTableHeader,EntryTime,datetime,,,,YES,8
dbo,MISysTableHeader,CreateOpr,varchar,50.0,,,YES,9
dbo,MISysTableHeader,CreateDatim,datetime,,,,YES,10
dbo,MISysTableHeader,UpdateOpr,varchar,50.0,,,YES,11
dbo,MISysTableHeader,Updatedatim,datetime,,,,YES,12
dbo,MISysTableHeader,CostCenterCode,int,,10.0,0.0,YES,13
dbo,MISysTableHeader,MaximumAmount,money,,19.0,4.0,YES,14
dbo,MISysTableHeader,Option4,smallint,,5.0,0.0,YES,15
dbo,MISysTableHeader,MinimumQuantity,int,,10.0,0.0,YES,16
dbo,ModuleCodes,CompanyID,varchar,3.0,,,NO,1
dbo,ModuleCodes,EstOE,varchar,50.0,,,YES,2
dbo,ModuleCodes,QuickOE,varchar,50.0,,,YES,3
dbo,ModuleCodes,Purchasing,varchar,50.0,,,YES,4
dbo,ModuleCodes,RawInventory,varchar,50.0,,,YES,5
dbo,ModuleCodes,FGInventory,varchar,50.0,,,YES,6
dbo,ModuleCodes,Scheduling,varchar,50.0,,,YES,7
dbo,ModuleCodes,JobCosting,varchar,50.0,,,YES,8
dbo,ModuleCodes,DataCollection,varchar,50.0,,,YES,9
dbo,ModuleCodes,Invoicing,varchar,50.0,,,YES,10
dbo,ModuleCodes,EntryDate,datetime,,,,YES,11
dbo,ModuleCodes,EntryTime,datetime,,,,YES,12
dbo,ModuleCodes,AccountNumber,int,,10.0,0.0,YES,13
dbo,ModuleCodes,WebEstOE,varchar,50.0,,,YES,14
dbo,ModuleCodes,WebQuickOE,varchar,50.0,,,YES,15
dbo,ModuleCodes,WebPurchasing,varchar,50.0,,,YES,16
dbo,ModuleCodes,WebRawInventory,varchar,50.0,,,YES,17
dbo,ModuleCodes,WebFGInventory,varchar,50.0,,,YES,18
dbo,ModuleCodes,WebScheduling,varchar,50.0,,,YES,19
dbo,ModuleCodes,WebJobCosting,varchar,50.0,,,YES,20
dbo,ModuleCodes,WebDataCollection,varchar,50.0,,,YES,21
dbo,ModuleCodes,WebInvoicing,varchar,50.0,,,YES,22
dbo,ModuleCodes,WebRFQ,varchar,50.0,,,YES,23
dbo,ModuleCodes,TrialStartCode,int,,10.0,0.0,YES,24
dbo,ModuleCodes,SextantBHR,varchar,50.0,,,YES,25
dbo,ModuleCodes,EnterpriseLite,smallint,,5.0,0.0,YES,26
dbo,ModuleCodes,PrintTalkInterface,varchar,50.0,,,YES,27
dbo,ModuleCodes,GEMInterface,varchar,50.0,,,YES,28
dbo,ModuleCodes,UseEnterpriseAccounts,smallint,,5.0,0.0,YES,29
dbo,ModuleCodes,CreateOpr,varchar,50.0,,,YES,30
dbo,ModuleCodes,CreateDatim,datetime,,,,YES,31
dbo,ModuleCodes,UpdateOpr,varchar,50.0,,,YES,32
dbo,ModuleCodes,Updatedatim,datetime,,,,YES,33
dbo,ModuleCodes,AccountsReceivable,varchar,50.0,,,YES,34
dbo,ModuleCodes,AccountsPayable,varchar,50.0,,,YES,35
dbo,ModuleCodes,Cashbook,varchar,50.0,,,YES,36
dbo,ModuleCodes,GeneralLedger,varchar,50.0,,,YES,37
dbo,ModuleCodes,BarCodeInterface,varchar,50.0,,,YES,38
dbo,ModuleCodes,DMail,varchar,50.0,,,YES,39
dbo,ModuleCodes,GangRunWizard,varchar,50.0,,,YES,40
dbo,ModuleCodes,Dashboard,varchar,50.0,,,YES,41
dbo,ModuleCodes,CreditCardProcessing,varchar,50.0,,,YES,42
dbo,ModuleCodes,UPSAddressValidation,varchar,50.0,,,YES,43
dbo,ModuleCodes,UseNewScheduling,smallint,,5.0,0.0,YES,44
dbo,ModuleCodes,FRBConnect,varchar,50.0,,,YES,45
dbo,ModuleCodes,CRM,varchar,50.0,,,YES,46
dbo,ModuleCodes,Certificate,varchar,5000.0,,,YES,47
dbo,ModuleCodes,UserLicense,varchar,50.0,,,YES,48
dbo,ModuleCodes,CustomerAccountsWebModules,varchar,50.0,,,YES,49
dbo,ModuleCodes,SalesAccountsWebModules,varchar,50.0,,,YES,50
dbo,ModuleCodes,VendorAccountsWebModules,varchar,50.0,,,YES,51
dbo,ModuleCodes,TrialEndDate,varchar,50.0,,,YES,52
dbo,ModuleCodes,CRMMobile,varchar,50.0,,,YES,53
dbo,ModuleCodes,CRMMobileAppCommunicator,varchar,50.0,,,YES,54
dbo,ModuleCodes,Veracore,varchar,50.0,,,YES,55
dbo,ModuleCodes,EPMSConnect,varchar,50.0,,,YES,56
dbo,ModuleCodes,Pressero,varchar,50.0,,,YES,57
dbo,ModuleCodes,JDFConnect,varchar,50.0,,,YES,58
dbo,ModuleCodes,SoftSolutions,varchar,50.0,,,YES,59
dbo,ModuleCodes,EFIStoreFront,varchar,50.0,,,YES,60
dbo,ModuleCodes,LabJack,varchar,50.0,,,YES,61
dbo,ModuleCodes,Four51,varchar,50.0,,,YES,62
dbo,ModuleCodes,ValidateDate,varchar,50.0,,,YES,63
dbo,ModuleCodes,FRBConnectOPS,varchar,50.0,,,YES,64
dbo,ModuleCodes,FRBConnectPageFlex,varchar,50.0,,,YES,65
dbo,ModuleCodes,Imposition,varchar,50.0,,,YES,66
dbo,ModuleCodes,XMLMappingUtility,varchar,50.0,,,YES,67
dbo,ModuleCodes,AuthorizeDotNet,varchar,50.0,,,YES,68
dbo,ModuleCodes,CardConnect,varchar,50.0,,,YES,69
dbo,ModuleCodes,AvaTax,varchar,50.0,,,YES,70
dbo,ModuleCodes,HPConnect,varchar,50.0,,,YES,71
dbo,ModuleCodes,CRMAutomatedEmail,varchar,50.0,,,YES,72
dbo,ModuleCodes,PowerBIInterface,varchar,50.0,,,YES,73
dbo,ModuleCodes,XMPieInterface,varchar,50.0,,,YES,74
dbo,ModuleCodes,QuickBooksOnline,varchar,50.0,,,YES,75
dbo,ModuleCodes,NetSuite,varchar,50.0,,,YES,76
dbo,ModuleCodes,HubSpot,varchar,50.0,,,YES,77
dbo,ModuleCodes,DocuFire,varchar,50.0,,,YES,78
dbo,ModuleCodes,ePSCustomerNumber,varchar,50.0,,,YES,79
dbo,MultiCompany,DatabaseName,varchar,50.0,,,NO,1
dbo,MultiCompany,SQLUserID,varchar,50.0,,,YES,2
dbo,MultiCompany,SQLPassword,varchar,50.0,,,YES,3
dbo,MultiCompany,EntryDate,datetime,,,,YES,4
dbo,MultiCompany,EntryTime,datetime,,,,YES,5
dbo,MultiCompany,CreateOpr,varchar,50.0,,,YES,6
dbo,MultiCompany,CreateDatim,datetime,,,,YES,7
dbo,MultiCompany,UpdateOpr,varchar,50.0,,,YES,8
dbo,MultiCompany,Updatedatim,datetime,,,,YES,9
dbo,MultiCurrency,CurrencyID,int,,10.0,0.0,NO,1
dbo,MultiCurrency,CreateOpr,varchar,50.0,,,YES,2
dbo,MultiCurrency,CreateDatim,datetime,,,,YES,3
dbo,MultiCurrency,UpdateOpr,varchar,50.0,,,YES,4
dbo,MultiCurrency,UpdateDatim,datetime,,,,YES,5
dbo,MultiCurrency,CurrencyCode,varchar,5.0,,,YES,6
dbo,MultiCurrency,EffectiveDate,datetime,,,,YES,7
dbo,MultiCurrency,Description,varchar,50.0,,,YES,8
dbo,MultiCurrency,ExchangeRate,real,,24.0,,YES,9
dbo,MultiCurrency,RateBuy,smallmoney,,10.0,4.0,YES,10
dbo,MultiCurrency,RateSell,smallmoney,,10.0,4.0,YES,11
dbo,Notes,Code,int,,10.0,0.0,NO,1
dbo,Notes,EntryDate,datetime,,,,YES,2
dbo,Notes,EntryTime,datetime,,,,YES,3
dbo,Notes,Notes,varchar,2000.0,,,YES,4
dbo,Notes,CustAccount,varchar,20.0,,,YES,5
dbo,Notes,CreateOpr,varchar,50.0,,,YES,6
dbo,Notes,CreateDatim,datetime,,,,YES,7
dbo,Notes,UpdateOpr,varchar,50.0,,,YES,8
dbo,Notes,Updatedatim,datetime,,,,YES,9
dbo,Notes,NoteSource,varchar,20.0,,,YES,10
dbo,OEColors,ColorID,int,,10.0,0.0,NO,1
dbo,OEColors,Color,int,,10.0,0.0,YES,2
dbo,OEColors,CreateOpr,varchar,50.0,,,YES,3
dbo,OEColors,CreateDatim,datetime,,,,YES,4
dbo,OEColors,UpdateOpr,varchar,50.0,,,YES,5
dbo,OEColors,Updatedatim,datetime,,,,YES,6
dbo,OEFontColors,FontColorID,int,,10.0,0.0,NO,1
dbo,OEFontColors,OEFontID,int,,10.0,0.0,YES,2
dbo,OEFontColors,Color,int,,10.0,0.0,YES,3
dbo,OEFontColors,CreateOpr,varchar,50.0,,,YES,4
dbo,OEFontColors,CreateDatim,datetime,,,,YES,5
dbo,OEFontColors,UpdateOpr,varchar,50.0,,,YES,6
dbo,OEFontColors,Updatedatim,datetime,,,,YES,7
dbo,OEFonts,FontID,int,,10.0,0.0,NO,1
dbo,OEFonts,OEMenuItemID,int,,10.0,0.0,YES,2
dbo,OEFonts,FontName,varchar,100.0,,,YES,3
dbo,OEFonts,CreateOpr,varchar,50.0,,,YES,4
dbo,OEFonts,CreateDatim,datetime,,,,YES,5
dbo,OEFonts,UpdateOpr,varchar,50.0,,,YES,6
dbo,OEFonts,Updatedatim,datetime,,,,YES,7
dbo,OEFontSizes,FontSizeID,int,,10.0,0.0,NO,1
dbo,OEFontSizes,OEFontID,int,,10.0,0.0,YES,2
dbo,OEFontSizes,FontSize,real,,24.0,,YES,3
dbo,OEFontSizes,StartSize,real,,24.0,,YES,4
dbo,OEFontSizes,EndSize,real,,24.0,,YES,5
dbo,OEFontSizes,CreateOpr,varchar,50.0,,,YES,6
dbo,OEFontSizes,CreateDatim,datetime,,,,YES,7
dbo,OEFontSizes,UpdateOpr,varchar,50.0,,,YES,8
dbo,OEFontSizes,Updatedatim,datetime,,,,YES,9
dbo,OEGroup,GroupID,int,,10.0,0.0,NO,1
dbo,OEGroup,Description,varchar,128.0,,,YES,2
dbo,OEGroup,Createdatim,datetime,,,,YES,3
dbo,OEGroup,CreateOpr,varchar,50.0,,,YES,4
dbo,OEGroup,Updatedatim,datetime,,,,YES,5
dbo,OEGroup,UpdateOpr,varchar,50.0,,,YES,6
dbo,OEGroup,GUID,varchar,32.0,,,YES,7
dbo,OEGroup,AllowViewAllOrders,smallint,,5.0,0.0,YES,8
dbo,OEGroup,DefaultJobType,varchar,50.0,,,YES,9
dbo,OEGroup,InternalUser,smallint,,5.0,0.0,YES,10
dbo,OEGroup,UseShipService,smallint,,5.0,0.0,YES,11
dbo,OEGroup,UseRFO,smallint,,5.0,0.0,YES,12
dbo,OEGroup,ShowDistrubutorPO,smallint,,5.0,0.0,YES,13
dbo,OEGroup,DoNotDisplayFGStatus,smallint,,5.0,0.0,YES,14
dbo,OEGroup,WelcomePage,varchar,255.0,,,YES,15
dbo,OEGroup,UploadDirectory,varchar,255.0,,,YES,16
dbo,OEGroup,RequirePONumber,smallint,,5.0,0.0,YES,17
dbo,OEGroup,Administrator,smallint,,5.0,0.0,YES,18
dbo,OEGroup,ShowFG,smallint,,5.0,0.0,YES,19
dbo,OEGroup,ShowRFQ,smallint,,5.0,0.0,YES,20
dbo,OEGroup,ShowQOE,smallint,,5.0,0.0,YES,21
dbo,OEGroup,ShowJobView,smallint,,5.0,0.0,YES,22
dbo,OEGroup,ShowAccountView,smallint,,5.0,0.0,YES,23
dbo,OEGroup,SalesRep,smallint,,5.0,0.0,YES,24
dbo,OEGroup,Customer,smallint,,5.0,0.0,YES,25
dbo,OEGroup,SendSalesRepEmail,smallint,,5.0,0.0,YES,26
dbo,OEGroup,SendCSREmail,smallint,,5.0,0.0,YES,27
dbo,OEGroup,AccountAdministrator,smallint,,5.0,0.0,YES,28
dbo,OEGroup,NotifyOnHand2Low,smallint,,5.0,0.0,YES,29
dbo,OEGroup,HotFolder,varchar,255.0,,,YES,30
dbo,OEGroup,ApprovalManager,smallint,,5.0,0.0,YES,31
dbo,OEGroup,DefaultShipToItemNumber,int,,10.0,0.0,YES,32
dbo,OEGroup,HidePONumber,smallint,,5.0,0.0,YES,33
dbo,OEGroup,HideThirdPartyShipAccount,smallint,,5.0,0.0,YES,34
dbo,OEGroup,AllowMultipleShipments,smallint,,5.0,0.0,YES,35
dbo,OEGroup,RequireOEApproval,smallint,,5.0,0.0,YES,36
dbo,OEGroup,EnableShoppingCart,smallint,,5.0,0.0,YES,37
dbo,OEGroup,OEListView,smallint,,5.0,0.0,YES,38
dbo,OEGroup,UseCCService,smallint,,5.0,0.0,YES,39
dbo,OEGroup,ShipDateNonEditable,smallint,,5.0,0.0,YES,40
dbo,OEGroup,DoNotDisplayOEPricing,smallint,,5.0,0.0,YES,41
dbo,OEGroup,ShowFGStatusOnly,smallint,,5.0,0.0,YES,42
dbo,OEGroup,AllowPDFAccess,smallint,,5.0,0.0,YES,43
dbo,OEGroup,RFQReportFile,varchar,255.0,,,YES,44
dbo,OEGroup,DoNotAllowTemplateAccess,smallint,,5.0,0.0,YES,45
dbo,OEGroup,AllowExternalUserAccumulatedProduction,smallint,,5.0,0.0,YES,46
dbo,OEGroup,ShowFGReorderReport,smallint,,5.0,0.0,YES,47
dbo,OEGroupUser,GroupUserID,int,,10.0,0.0,NO,1
dbo,OEGroupUser,GroupID,int,,10.0,0.0,YES,2
dbo,OEGroupUser,OnlineUserID,int,,10.0,0.0,YES,3
dbo,OEGroupUser,Createdatim,datetime,,,,YES,4
dbo,OEGroupUser,CreateOpr,varchar,50.0,,,YES,5
dbo,OEGroupUser,Updatedatim,datetime,,,,YES,6
dbo,OEGroupUser,UpdateOpr,varchar,50.0,,,YES,7
dbo,OEImages,ImageID,int,,10.0,0.0,NO,1
dbo,OEImages,OEMenuItemID,int,,10.0,0.0,YES,2
dbo,OEImages,ImageName,varchar,255.0,,,YES,3
dbo,OEImages,Image,image,2147483647.0,,,YES,4
dbo,OEImages,CreateOpr,varchar,50.0,,,YES,5
dbo,OEImages,CreateDatim,datetime,,,,YES,6
dbo,OEImages,UpdateOpr,varchar,50.0,,,YES,7
dbo,OEImages,Updatedatim,datetime,,,,YES,8
dbo,OEImages,VariableName,varchar,255.0,,,YES,9
dbo,OEMenuColors,CustAccount,varchar,50.0,,,NO,1
dbo,OEMenuColors,GroupID,int,,10.0,0.0,NO,2
dbo,OEMenuColors,ColorNormal,varchar,7.0,,,YES,3
dbo,OEMenuColors,ColorHover,varchar,7.0,,,YES,4
dbo,OEMenuColors,ColorActive,varchar,7.0,,,YES,5
dbo,OEMenuColors,LinkNormal,varchar,7.0,,,YES,6
dbo,OEMenuColors,LinkHover,varchar,7.0,,,YES,7
dbo,OEMenuColors,LinkActive,varchar,7.0,,,YES,8
dbo,OEMenuColors,DDColorNormal,varchar,7.0,,,YES,9
dbo,OEMenuColors,DDColorHover,varchar,7.0,,,YES,10
dbo,OEMenuColors,DDColorActive,varchar,7.0,,,YES,11
dbo,OEMenuColors,DDLinkNormal,varchar,7.0,,,YES,12
dbo,OEMenuColors,DDLinkHover,varchar,7.0,,,YES,13
dbo,OEMenuColors,DDLinkActive,varchar,7.0,,,YES,14
dbo,OEMenuColors,DDLinkVisited,varchar,7.0,,,YES,15
dbo,OEMenuColors,CreateOpr,varchar,50.0,,,YES,16
dbo,OEMenuColors,CreateDatim,datetime,,,,YES,17
dbo,OEMenuColors,UpdateOpr,varchar,50.0,,,YES,18
dbo,OEMenuColors,Updatedatim,datetime,,,,YES,19
dbo,OERule,ID,int,,10.0,0.0,NO,1
dbo,OERule,HeaderID,int,,10.0,0.0,YES,2
dbo,OERule,Type,int,,10.0,0.0,YES,3
dbo,OERule,SubType,int,,10.0,0.0,YES,4
dbo,OERule,TableName,varchar,100.0,,,YES,5
dbo,OERule,Name,varchar,100.0,,,YES,6
dbo,OERule,DataType,int,,10.0,0.0,YES,7
dbo,OERule,Field,varchar,100.0,,,YES,8
dbo,OERule,Operator,int,,10.0,0.0,YES,9
dbo,OERule,Value,varchar,255.0,,,YES,10
dbo,OERule,Description,varchar,255.0,,,YES,11
dbo,OERule,CreateOpr,varchar,50.0,,,YES,12
dbo,OERule,CreateDatim,datetime,,,,YES,13
dbo,OERule,UpdateOpr,varchar,50.0,,,YES,14
dbo,OERule,UpdateDatim,datetime,,,,YES,15
dbo,OERule,OptionID,int,,10.0,0.0,YES,16
dbo,OERule,UserdefinedNumber,int,,10.0,0.0,YES,17
dbo,OERule,Repetitions,int,,10.0,0.0,YES,18
dbo,OERuleHeader,ID,int,,10.0,0.0,NO,1
dbo,OERuleHeader,Type,int,,10.0,0.0,YES,2
dbo,OERuleHeader,WizardID,int,,10.0,0.0,YES,3
dbo,OERuleHeader,Name,varchar,100.0,,,YES,4
dbo,OERuleHeader,Description,text,2147483647.0,,,YES,5
dbo,OERuleHeader,TemplateCode,varchar,50.0,,,YES,6
dbo,OERuleHeader,CreateOpr,varchar,50.0,,,YES,7
dbo,OERuleHeader,CreateDatim,datetime,,,,YES,8
dbo,OERuleHeader,UpdateOpr,varchar,50.0,,,YES,9
dbo,OERuleHeader,UpdateDatim,datetime,,,,YES,10
dbo,OERuleHeader,ComponentNumber,smallint,,5.0,0.0,YES,11
dbo,OERuleHeader,RunSequence,int,,10.0,0.0,YES,12
dbo,OERuleResult,ID,int,,10.0,0.0,NO,1
dbo,OERuleResult,HeaderID,int,,10.0,0.0,YES,2
dbo,OERuleResult,Type,int,,10.0,0.0,YES,3
dbo,OERuleResult,SubType,int,,10.0,0.0,YES,4
dbo,OERuleResult,Name,varchar,100.0,,,YES,5
dbo,OERuleResult,Field,varchar,100.0,,,YES,6
dbo,OERuleResult,Value,varchar,255.0,,,YES,7
dbo,OERuleResult,Description,varchar,255.0,,,YES,8
dbo,OERuleResult,EPMSObject,xml,-1.0,,,YES,9
dbo,OERuleResult,ComponentNumber,smallint,,5.0,0.0,YES,10
dbo,OERuleResult,CreateOpr,varchar,50.0,,,YES,11
dbo,OERuleResult,CreateDatim,datetime,,,,YES,12
dbo,OERuleResult,UpdateOpr,varchar,50.0,,,YES,13
dbo,OERuleResult,UpdateDatim,datetime,,,,YES,14
dbo,OERuleResult,EPMSObjectCode,varchar,100.0,,,YES,15
dbo,OERuleResult,EPMSObjectDescription,varchar,100.0,,,YES,16
dbo,OERuleResult,EPMSObject2Replace,xml,-1.0,,,YES,17
dbo,OERuleResult,EPMSObject2ReplaceCode,varchar,100.0,,,YES,18
dbo,OERuleResult,EPMSObject2ReplaceDescription,varchar,100.0,,,YES,19
dbo,OERuleResult,Side,int,,10.0,0.0,YES,20
dbo,OERuleResult,GripperSide1,float,,53.0,,YES,21
dbo,OERuleResult,GripperSide2,float,,53.0,,YES,22
dbo,OERuleResult,MaxQuantity,float,,53.0,,YES,23
dbo,OERuleResult,MaxWeight,float,,53.0,,YES,24
dbo,OERuleResult,WidthIncrease,float,,53.0,,YES,25
dbo,OERuleResult,LengthIncrease,float,,53.0,,YES,26
dbo,OERuleResult,MathValue,float,,53.0,,YES,27
dbo,OERuleResult,MathOperator,varchar,20.0,,,YES,28
dbo,OEShoppingCart,ShoppingCartID,int,,10.0,0.0,NO,1
dbo,OEShoppingCart,OnlineUserID,int,,10.0,0.0,YES,2
dbo,OEShoppingCart,OrderPlaced,smallint,,5.0,0.0,YES,3
dbo,OEShoppingCart,JobImage,image,2147483647.0,,,YES,4
dbo,OEShoppingCart,Createdatim,datetime,,,,YES,5
dbo,OEShoppingCart,CreateOpr,varchar,50.0,,,YES,6
dbo,OEShoppingCart,Updatedatim,datetime,,,,YES,7
dbo,OEShoppingCart,UpdateOpr,varchar,50.0,,,YES,8
dbo,OEShoppingCart,JobDescription,varchar,100.0,,,YES,9
dbo,OEShoppingCart,PONumber,varchar,50.0,,,YES,10
dbo,OEShoppingCart,JSONFGOrder,nvarchar,-1.0,,,YES,11
dbo,OESpotColor,ColorID,int,,10.0,0.0,NO,1
dbo,OESpotColor,ColorName,varchar,50.0,,,YES,2
dbo,OESpotColor,Suffix,varchar,5.0,,,YES,3
dbo,OESpotColor,C,int,,10.0,0.0,YES,4
dbo,OESpotColor,M,int,,10.0,0.0,YES,5
dbo,OESpotColor,Y,int,,10.0,0.0,YES,6
dbo,OESpotColor,K,int,,10.0,0.0,YES,7
dbo,OESpotColor,R,int,,10.0,0.0,YES,8
dbo,OESpotColor,G,int,,10.0,0.0,YES,9
dbo,OESpotColor,B,int,,10.0,0.0,YES,10
dbo,OESpotColor,GreyScale,int,,10.0,0.0,YES,11
dbo,OESpotColor,CreateOpr,varchar,50.0,,,YES,12
dbo,OESpotColor,CreateDatim,datetime,,,,YES,13
dbo,OESpotColor,UpdateOpr,varchar,50.0,,,YES,14
dbo,OESpotColor,Updatedatim,datetime,,,,YES,15
dbo,OESpotColor,Tint,real,,24.0,,YES,16
dbo,OEWebMenu,MenuID,int,,10.0,0.0,NO,1
dbo,OEWebMenu,CustAccount,varchar,50.0,,,YES,2
dbo,OEWebMenu,Rank,int,,10.0,0.0,YES,3
dbo,OEWebMenu,MenuText,varchar,50.0,,,YES,4
dbo,OEWebMenu,CreateOpr,varchar,50.0,,,YES,5
dbo,OEWebMenu,CreateDatim,datetime,,,,YES,6
dbo,OEWebMenu,UpdateOpr,varchar,50.0,,,YES,7
dbo,OEWebMenu,Updatedatim,datetime,,,,YES,8
dbo,OEWebMenu,WelcomePagePath,varchar,255.0,,,YES,9
dbo,OEWebMenu,MenuRelative,varchar,255.0,,,YES,10
dbo,OEWebMenu,MenuRelationship,int,,10.0,0.0,YES,11
dbo,OEWebMenu,MenuKey,varchar,255.0,,,YES,12
dbo,OEWebMenu,GroupID,int,,10.0,0.0,YES,13
dbo,OEWebMenu,SubMenuID,int,,10.0,0.0,YES,14
dbo,OEWebMenu,CategoryCode,varchar,5.0,,,YES,15
dbo,OEWebMenu,LogoPath,varchar,255.0,,,YES,16
dbo,OEWebMenuItem,ItemID,int,,10.0,0.0,NO,1
dbo,OEWebMenuItem,Rank,int,,10.0,0.0,YES,2
dbo,OEWebMenuItem,CategoryCode,varchar,5.0,,,YES,3
dbo,OEWebMenuItem,TemplateCode,varchar,50.0,,,YES,4
dbo,OEWebMenuItem,CustAccount,varchar,50.0,,,YES,5
dbo,OEWebMenuItem,MenuText,varchar,255.0,,,YES,6
dbo,OEWebMenuItem,CreateOpr,varchar,50.0,,,YES,7
dbo,OEWebMenuItem,CreateDatim,datetime,,,,YES,8
dbo,OEWebMenuItem,UpdateOpr,varchar,50.0,,,YES,9
dbo,OEWebMenuItem,Updatedatim,datetime,,,,YES,10
dbo,OEWebMenuItem,ParentMenuItem,int,,10.0,0.0,YES,11
dbo,OEWebMenuItem,Page,int,,10.0,0.0,YES,12
dbo,OEWebMenuItem,ReturnFDFFile,smallint,,5.0,0.0,YES,13
dbo,OEWebMenuItem,PDFFormID,int,,10.0,0.0,YES,14
dbo,OEWebMenuItem,ThumbNailID,int,,10.0,0.0,YES,15
dbo,OEWebMenuItem,NonEditable,smallint,,5.0,0.0,YES,16
dbo,OEWebMenuItem,DocumentID,varchar,32.0,,,YES,17
dbo,OEWebMenuItem,UsePriceGrid,smallint,,5.0,0.0,YES,18
dbo,OEWebMenuItem,IsInDesignFile,smallint,,5.0,0.0,YES,19
dbo,OEWebMenuItem,XMLFileID,int,,10.0,0.0,YES,20
dbo,OEWebMenuItem,ShowControlsInOneColumn,smallint,,5.0,0.0,YES,21
dbo,OEWebMenuItem,PageFlexProjectPath,varchar,255.0,,,YES,22
dbo,OEWebMenuItem,PageFlexJobPath,varchar,255.0,,,YES,23
dbo,OEWebMenuItem,MaxOrderQty,int,,10.0,0.0,YES,24
dbo,OEWebMenuItem,AllowFileUpload,smallint,,5.0,0.0,YES,25
dbo,OEWebMenuItem,FileUploadPath,varchar,255.0,,,YES,26
dbo,OEWebMenuItem,DoNotAttachJPG,smallint,,5.0,0.0,YES,27
dbo,OEWebMenuItem,PreserveTemplateDescription,smallint,,5.0,0.0,YES,28
dbo,OEWebMenuItem,UseTemplateManualPrice,smallint,,5.0,0.0,YES,29
dbo,OEWebMenuItem,CartonQty,int,,10.0,0.0,YES,30
dbo,OLUAssignedUser,ID,int,,10.0,0.0,NO,1
dbo,OLUAssignedUser,OnLineUserID,int,,10.0,0.0,YES,2
dbo,OLUAssignedUser,AssignedOnLineUserID,int,,10.0,0.0,YES,3
dbo,OLUAssignedUser,CreateOpr,varchar,50.0,,,YES,4
dbo,OLUAssignedUser,CreateDatim,datetime,,,,YES,5
dbo,OLUAssignedUser,UpdateOpr,varchar,50.0,,,YES,6
dbo,OLUAssignedUser,UpdateDatim,datetime,,,,YES,7
dbo,OLUItemCategory,ID,int,,10.0,0.0,NO,1
dbo,OLUItemCategory,OnLineUserID,int,,10.0,0.0,YES,2
dbo,OLUItemCategory,CategoryCode,varchar,10.0,,,YES,3
dbo,OLUItemCategory,CreateOpr,varchar,50.0,,,YES,4
dbo,OLUItemCategory,CreateDatim,datetime,,,,YES,5
dbo,OLUItemCategory,UpdateOpr,varchar,50.0,,,YES,6
dbo,OLUItemCategory,UpdateDatim,datetime,,,,YES,7
dbo,OLUShipTo,ID,int,,10.0,0.0,NO,1
dbo,OLUShipTo,OnLineUserID,int,,10.0,0.0,YES,2
dbo,OLUShipTo,ShipToItemNumber,int,,10.0,0.0,YES,3
dbo,OLUShipTo,CreateOpr,varchar,50.0,,,YES,4
dbo,OLUShipTo,CreateDatim,datetime,,,,YES,5
dbo,OLUShipTo,UpdateOpr,varchar,50.0,,,YES,6
dbo,OLUShipTo,UpdateDatim,datetime,,,,YES,7
dbo,OnlineUser,OnlineUserID,int,,10.0,0.0,NO,1
dbo,OnlineUser,Email,varchar,100.0,,,NO,2
dbo,OnlineUser,Password,varchar,16.0,,,YES,3
dbo,OnlineUser,Name,varchar,50.0,,,YES,4
dbo,OnlineUser,Phone,varchar,30.0,,,YES,5
dbo,OnlineUser,Fax,varchar,30.0,,,YES,6
dbo,OnlineUser,CustAccount,varchar,50.0,,,YES,7
dbo,OnlineUser,CompanyName,varchar,50.0,,,YES,8
dbo,OnlineUser,Address1,varchar,50.0,,,YES,9
dbo,OnlineUser,Address2,varchar,50.0,,,YES,10
dbo,OnlineUser,Address3,varchar,50.0,,,YES,11
dbo,OnlineUser,City,varchar,50.0,,,YES,12
dbo,OnlineUser,State,varchar,3.0,,,YES,13
dbo,OnlineUser,Zip,varchar,10.0,,,YES,14
dbo,OnlineUser,Country,varchar,50.0,,,YES,15
dbo,OnlineUser,EntryDate,datetime,,,,YES,16
dbo,OnlineUser,EntryTime,datetime,,,,YES,17
dbo,OnlineUser,CreateOpr,varchar,50.0,,,YES,18
dbo,OnlineUser,CreateDatim,datetime,,,,YES,19
dbo,OnlineUser,UpdateOpr,varchar,50.0,,,YES,20
dbo,OnlineUser,Updatedatim,datetime,,,,YES,21
dbo,OnlineUser,AllowViewAllOrders,smallint,,5.0,0.0,YES,22
dbo,OnlineUser,DefaultJobType,varchar,50.0,,,YES,23
dbo,OnlineUser,InternalUser,smallint,,5.0,0.0,YES,24
dbo,OnlineUser,UseShipService,smallint,,5.0,0.0,YES,25
dbo,OnlineUser,UseRFO,smallint,,5.0,0.0,YES,26
dbo,OnlineUser,ShowDistrubutorPO,smallint,,5.0,0.0,YES,27
dbo,OnlineUser,DoNotDisplayFGStatus,smallint,,5.0,0.0,YES,28
dbo,OnlineUser,WelcomePage,varchar,255.0,,,YES,29
dbo,OnlineUser,UploadDirectory,varchar,255.0,,,YES,30
dbo,OnlineUser,RequirePONumber,smallint,,5.0,0.0,YES,31
dbo,OnlineUser,Administrator,smallint,,5.0,0.0,YES,32
dbo,OnlineUser,ShowFG,smallint,,5.0,0.0,YES,33
dbo,OnlineUser,ShowRFQ,smallint,,5.0,0.0,YES,34
dbo,OnlineUser,ShowQOE,smallint,,5.0,0.0,YES,35
dbo,OnlineUser,ShowJobView,smallint,,5.0,0.0,YES,36
dbo,OnlineUser,ShowAccountView,smallint,,5.0,0.0,YES,37
dbo,OnlineUser,SalesRep,smallint,,5.0,0.0,YES,38
dbo,OnlineUser,Customer,smallint,,5.0,0.0,YES,39
dbo,OnlineUser,SendSalesRepEmail,smallint,,5.0,0.0,YES,40
dbo,OnlineUser,SendCSREmail,smallint,,5.0,0.0,YES,41
dbo,OnlineUser,AccountAdministrator,smallint,,5.0,0.0,YES,42
dbo,OnlineUser,NotifyOnHand2Low,smallint,,5.0,0.0,YES,43
dbo,OnlineUser,HotFolder,varchar,255.0,,,YES,44
dbo,OnlineUser,ApprovalManager,smallint,,5.0,0.0,YES,45
dbo,OnlineUser,DefaultShipToItemNumber,int,,10.0,0.0,YES,46
dbo,OnlineUser,HidePONumber,smallint,,5.0,0.0,YES,47
dbo,OnlineUser,HideThirdPartyShipAccount,smallint,,5.0,0.0,YES,48
dbo,OnlineUser,AllowMultipleShipments,smallint,,5.0,0.0,YES,49
dbo,OnlineUser,RequireOEApproval,smallint,,5.0,0.0,YES,50
dbo,OnlineUser,EnableShoppingCart,smallint,,5.0,0.0,YES,51
dbo,OnlineUser,OEListView,smallint,,5.0,0.0,YES,52
dbo,OnlineUser,UseCCService,smallint,,5.0,0.0,YES,53
dbo,OnlineUser,ShipDateNonEditable,smallint,,5.0,0.0,YES,54
dbo,OnlineUser,DoNotDisplayOEPricing,smallint,,5.0,0.0,YES,55
dbo,OnlineUser,ShowFGStatusOnly,smallint,,5.0,0.0,YES,56
dbo,OnlineUser,AllowPDFAccess,smallint,,5.0,0.0,YES,57
dbo,OnlineUser,RFQReportFile,varchar,255.0,,,YES,58
dbo,OnlineUser,DoNotAllowTemplateAccess,smallint,,5.0,0.0,YES,59
dbo,OnlineUser,AllowExternalUserAccumulatedProduction,smallint,,5.0,0.0,YES,60
dbo,OnlineUser,ShowFGReorderReport,smallint,,5.0,0.0,YES,61
dbo,OnlineUser,SalesRepCode,varchar,5.0,,,YES,62
dbo,OnlineUser,DoNnotDisplayFGImages,smallint,,5.0,0.0,YES,63
dbo,OnlineUser,ContactID,int,,10.0,0.0,YES,64
dbo,OnlineUser,RFQPressComparisonAccess,smallint,,5.0,0.0,YES,65
dbo,OnlineUser,AddressTab,smallint,,5.0,0.0,YES,66
dbo,OnlineUser,ContactTab,smallint,,5.0,0.0,YES,67
dbo,OnlineUser,ShipToTab,smallint,,5.0,0.0,YES,68
dbo,OnlineUser,RFQTab,smallint,,5.0,0.0,YES,69
dbo,OnlineUser,EstimateTab,smallint,,5.0,0.0,YES,70
dbo,OnlineUser,OrderTab,smallint,,5.0,0.0,YES,71
dbo,OnlineUser,InvoiceTab,smallint,,5.0,0.0,YES,72
dbo,OnlineUser,SnapShotTab,smallint,,5.0,0.0,YES,73
dbo,OnlineUser,ConvertToOrder,smallint,,5.0,0.0,YES,74
dbo,OnlineUser,Reorder,smallint,,5.0,0.0,YES,75
dbo,OnlineUser,LogInName,varchar,50.0,,,YES,76
dbo,OnlineUser,DonotDisplayOrderProgressInGrid,smallint,,5.0,0.0,YES,77
dbo,OnlineUserConfirmationEmailAddress,ID,int,,10.0,0.0,NO,1
dbo,OnlineUserConfirmationEmailAddress,OnlineUserID,int,,10.0,0.0,YES,2
dbo,OnlineUserConfirmationEmailAddress,GroupID,int,,10.0,0.0,YES,3
dbo,OnlineUserConfirmationEmailAddress,Email,varchar,100.0,,,YES,4
dbo,OnlineUserConfirmationEmailAddress,Updatedatim,datetime,,,,YES,5
dbo,OnlineUserConfirmationEmailAddress,UpdateOpr,varchar,50.0,,,YES,6
dbo,OnlineUserConfirmationEmailAddress,Createdatim,datetime,,,,YES,7
dbo,OnlineUserConfirmationEmailAddress,CreateOpr,varchar,50.0,,,YES,8
dbo,OnlineUserCustomerAccounts,ID,int,,10.0,0.0,NO,1
dbo,OnlineUserCustomerAccounts,OnlineUserID,int,,10.0,0.0,YES,2
dbo,OnlineUserCustomerAccounts,CustAccount,varchar,50.0,,,YES,3
dbo,OnlineUserCustomerAccounts,CustName,varchar,50.0,,,YES,4
dbo,OnlineUserCustomerAccounts,Updatedatim,datetime,,,,YES,5
dbo,OnlineUserCustomerAccounts,UpdateOpr,varchar,50.0,,,YES,6
dbo,OnlineUserCustomerAccounts,Createdatim,datetime,,,,YES,7
dbo,OnlineUserCustomerAccounts,CreateOpr,varchar,50.0,,,YES,8
dbo,OnlineUserImage,ImageID,int,,10.0,0.0,NO,1
dbo,OnlineUserImage,OnlineUserID,int,,10.0,0.0,YES,2
dbo,OnlineUserImage,OnlineUserImage,image,2147483647.0,,,YES,3
dbo,OnlineUserImage,FileName,varchar,256.0,,,YES,4
dbo,OnlineUserImage,FileType,varchar,50.0,,,YES,5
dbo,OnlineUserImage,FileSize,int,,10.0,0.0,YES,6
dbo,OnlineUserImage,Createdatim,datetime,,,,YES,7
dbo,OnlineUserImage,CreateOpr,varchar,50.0,,,YES,8
dbo,OrderCombineQuote,JobNumber,varchar,20.0,,,NO,1
dbo,OrderCombineQuote,EstimateNumber,varchar,20.0,,,YES,2
dbo,OrderCombineQuote,RFQ,varchar,20.0,,,YES,3
dbo,OrderCombineQuote,TotalPrice1,money,,19.0,4.0,YES,4
dbo,OrderCombineQuote,TotalPrice2,money,,19.0,4.0,YES,5
dbo,OrderCombineQuote,TotalPrice3,money,,19.0,4.0,YES,6
dbo,OrderCombineQuote,TotalPrice4,money,,19.0,4.0,YES,7
dbo,OrderCombineQuote,TotalPrice5,money,,19.0,4.0,YES,8
dbo,OrderCombineQuote,TotalPrice6,money,,19.0,4.0,YES,9
dbo,OrderCombineQuote,AddColorPrice1,money,,19.0,4.0,YES,10
dbo,OrderCombineQuote,AddColorPrice2,money,,19.0,4.0,YES,11
dbo,OrderCombineQuote,AddColorPrice3,money,,19.0,4.0,YES,12
dbo,OrderCombineQuote,AddColorPrice4,money,,19.0,4.0,YES,13
dbo,OrderCombineQuote,AddColorPrice5,money,,19.0,4.0,YES,14
dbo,OrderCombineQuote,AddColorPrice6,money,,19.0,4.0,YES,15
dbo,OrderCombineQuote,AddColorMatPrice1,money,,19.0,4.0,YES,16
dbo,OrderCombineQuote,AddColorMatPrice2,money,,19.0,4.0,YES,17
dbo,OrderCombineQuote,AddColorMatPrice3,money,,19.0,4.0,YES,18
dbo,OrderCombineQuote,AddColorMatPrice4,money,,19.0,4.0,YES,19
dbo,OrderCombineQuote,AddColorMatPrice5,money,,19.0,4.0,YES,20
dbo,OrderCombineQuote,AddColorMatPrice6,money,,19.0,4.0,YES,21
dbo,OrderCombineQuote,AddMPrice1,money,,19.0,4.0,YES,22
dbo,OrderCombineQuote,AddMPrice2,money,,19.0,4.0,YES,23
dbo,OrderCombineQuote,AddMPrice3,money,,19.0,4.0,YES,24
dbo,OrderCombineQuote,AddMPrice4,money,,19.0,4.0,YES,25
dbo,OrderCombineQuote,AddMPrice5,money,,19.0,4.0,YES,26
dbo,OrderCombineQuote,AddMPrice6,money,,19.0,4.0,YES,27
dbo,OrderCombineQuote,TaxAmount1,money,,19.0,4.0,YES,28
dbo,OrderCombineQuote,TaxAmount2,money,,19.0,4.0,YES,29
dbo,OrderCombineQuote,TaxAmount3,money,,19.0,4.0,YES,30
dbo,OrderCombineQuote,TaxAmount4,money,,19.0,4.0,YES,31
dbo,OrderCombineQuote,TaxAmount5,money,,19.0,4.0,YES,32
dbo,OrderCombineQuote,TaxAmount6,money,,19.0,4.0,YES,33
dbo,OrderCombineQuote,DiscountAmount1,money,,19.0,4.0,YES,34
dbo,OrderCombineQuote,DiscountAmount2,money,,19.0,4.0,YES,35
dbo,OrderCombineQuote,DiscountAmount3,money,,19.0,4.0,YES,36
dbo,OrderCombineQuote,DiscountAmount4,money,,19.0,4.0,YES,37
dbo,OrderCombineQuote,DiscountAmount5,money,,19.0,4.0,YES,38
dbo,OrderCombineQuote,DiscountAmount6,money,,19.0,4.0,YES,39
dbo,OrderCombineQuote,Quantity1,int,,10.0,0.0,YES,40
dbo,OrderCombineQuote,Quantity2,int,,10.0,0.0,YES,41
dbo,OrderCombineQuote,Quantity3,int,,10.0,0.0,YES,42
dbo,OrderCombineQuote,Quantity4,int,,10.0,0.0,YES,43
dbo,OrderCombineQuote,Quantity5,int,,10.0,0.0,YES,44
dbo,OrderCombineQuote,Quantity6,int,,10.0,0.0,YES,45
dbo,OrderCombineQuote,EntryDate,datetime,,,,YES,46
dbo,OrderCombineQuote,EntryTime,datetime,,,,YES,47
dbo,OrderCombineQuote,CreateOpr,varchar,50.0,,,YES,48
dbo,OrderCombineQuote,CreateDatim,datetime,,,,YES,49
dbo,OrderCombineQuote,UpdateOpr,varchar,50.0,,,YES,50
dbo,OrderCombineQuote,Updatedatim,datetime,,,,YES,51
dbo,OrderCombineQuote,CQuantity1,int,,10.0,0.0,YES,52
dbo,OrderCombineQuote,CQuantity2,int,,10.0,0.0,YES,53
dbo,OrderCombineQuote,CQuantity3,int,,10.0,0.0,YES,54
dbo,OrderCombineQuote,CQuantity4,int,,10.0,0.0,YES,55
dbo,OrderCombineQuote,CQuantity5,int,,10.0,0.0,YES,56
dbo,OrderCombineQuote,CQuantity6,int,,10.0,0.0,YES,57
dbo,OrderCombineQuote,ID,bigint,,19.0,0.0,NO,58
dbo,OrderCombineQuote,HeaderID,bigint,,19.0,0.0,YES,59
dbo,OrderComponent,JobNumber,varchar,20.0,,,NO,1
dbo,OrderComponent,ComponentNumber,smallint,,5.0,0.0,NO,2
dbo,OrderComponent,Description,varchar,1000.0,,,YES,3
dbo,OrderComponent,Sides,smallint,,5.0,0.0,YES,4
dbo,OrderComponent,InksSide1,int,,10.0,0.0,YES,5
dbo,OrderComponent,InksSide2,int,,10.0,0.0,YES,6
dbo,OrderComponent,Lots,int,,10.0,0.0,YES,7
dbo,OrderComponent,PagesPerLot,smallint,,5.0,0.0,YES,8
dbo,OrderComponent,FinalWidth,real,,24.0,,YES,9
dbo,OrderComponent,FinalLength,real,,24.0,,YES,10
dbo,OrderComponent,PressWidth,real,,24.0,,YES,11
dbo,OrderComponent,PressLength,real,,24.0,,YES,12
dbo,OrderComponent,PressSwing,bit,,,,YES,13
dbo,OrderComponent,PressOuts,smallint,,5.0,0.0,YES,14
dbo,OrderComponent,TemplateCode,varchar,50.0,,,YES,15
dbo,OrderComponent,RunMethod,varchar,20.0,,,YES,16
dbo,OrderComponent,PartsToPrint,smallint,,5.0,0.0,YES,17
dbo,OrderComponent,GripperSize,real,,24.0,,YES,18
dbo,OrderComponent,SideGuideSize,real,,24.0,,YES,19
dbo,OrderComponent,RequireBleed,bit,,,,YES,20
dbo,OrderComponent,QuantityOrdered,int,,10.0,0.0,YES,21
dbo,OrderComponent,ComponentType,varchar,10.0,,,YES,22
dbo,OrderComponent,FinGoodCode,varchar,50.0,,,YES,23
dbo,OrderComponent,GrainCritical,bit,,,,YES,24
dbo,OrderComponent,DieNumber,varchar,50.0,,,YES,25
dbo,OrderComponent,DieTeeth,smallint,,5.0,0.0,YES,26
dbo,OrderComponent,NoAcross,smallint,,5.0,0.0,YES,27
dbo,OrderComponent,NoAround,smallint,,5.0,0.0,YES,28
dbo,OrderComponent,FinalDepth,real,,24.0,,YES,29
dbo,OrderComponent,ConsStartNo,varchar,15.0,,,YES,30
dbo,OrderComponent,Encoding,varchar,44.0,,,YES,31
dbo,OrderComponent,MissNumbNone,bit,,,,YES,32
dbo,OrderComponent,MissNumbList,bit,,,,YES,33
dbo,OrderComponent,FinalSize,varchar,23.0,,,YES,34
dbo,OrderComponent,PressSize,varchar,23.0,,,YES,35
dbo,OrderComponent,DontGangSigs,bit,,,,YES,36
dbo,OrderComponent,QtyOrdIndex,smallint,,5.0,0.0,YES,37
dbo,OrderComponent,UseQuantityTable,bit,,,,YES,38
dbo,OrderComponent,Discount,real,,24.0,,YES,39
dbo,OrderComponent,UserDefined1,varchar,100.0,,,YES,40
dbo,OrderComponent,MarkupTable,varchar,5.0,,,YES,41
dbo,OrderComponent,ProductionMarkup,real,,24.0,,YES,42
dbo,OrderComponent,MaterialMarkup,real,,24.0,,YES,43
dbo,OrderComponent,StockMarkup,real,,24.0,,YES,44
dbo,OrderComponent,EntryDate,datetime,,,,YES,45
dbo,OrderComponent,EntryTime,datetime,,,,YES,46
dbo,OrderComponent,FinishWidth,real,,24.0,,YES,47
dbo,OrderComponent,FinishLength,real,,24.0,,YES,48
dbo,OrderComponent,FinishSize,varchar,23.0,,,YES,49
dbo,OrderComponent,ManualPressOuts,bit,,,,YES,50
dbo,OrderComponent,PressInstructions,varchar,8000.0,,,YES,51
dbo,OrderComponent,PPInstructions,varchar,8000.0,,,YES,52
dbo,OrderComponent,ASInstructions,varchar,8000.0,,,YES,53
dbo,OrderComponent,StockInstructions,varchar,8000.0,,,YES,54
dbo,OrderComponent,PostInstructions,varchar,8000.0,,,YES,55
dbo,OrderComponent,DetailDescription,varchar,8000.0,,,YES,56
dbo,OrderComponent,EstimateNumber,varchar,20.0,,,YES,57
dbo,OrderComponent,RFQ,varchar,20.0,,,YES,58
dbo,OrderComponent,ParentWidth,real,,24.0,,YES,59
dbo,OrderComponent,ParentLength,real,,24.0,,YES,60
dbo,OrderComponent,ParentOuts,smallint,,5.0,0.0,YES,61
dbo,OrderComponent,ParentSwing,tinyint,,3.0,0.0,YES,62
dbo,OrderComponent,ManualParentOuts,tinyint,,3.0,0.0,YES,63
dbo,OrderComponent,ParentSize,varchar,23.0,,,YES,64
dbo,OrderComponent,InkInstructions,varchar,8000.0,,,YES,65
dbo,OrderComponent,ChargeZero,tinyint,,3.0,0.0,YES,66
dbo,OrderComponent,ManualPriceOverride,smallint,,5.0,0.0,YES,67
dbo,OrderComponent,KitOrder,smallint,,5.0,0.0,YES,68
dbo,OrderComponent,BackOrder,smallint,,5.0,0.0,YES,69
dbo,OrderComponent,BackOrderQuantity,int,,10.0,0.0,YES,70
dbo,OrderComponent,TotalSellPrice,money,,19.0,4.0,YES,71
dbo,OrderComponent,CurrentCostCenter,smallint,,5.0,0.0,YES,72
dbo,OrderComponent,NextCostCenter,smallint,,5.0,0.0,YES,73
dbo,OrderComponent,LastCostCenter,smallint,,5.0,0.0,YES,74
dbo,OrderComponent,DueDate,datetime,,,,YES,75
dbo,OrderComponent,DueTime,datetime,,,,YES,76
dbo,OrderComponent,FlexoNoTeeth,smallint,,5.0,0.0,YES,77
dbo,OrderComponent,FlexoDieCharge,money,,19.0,4.0,YES,78
dbo,OrderComponent,OnHandCode,int,,10.0,0.0,YES,79
dbo,OrderComponent,LotNumber,varchar,50.0,,,YES,80
dbo,OrderComponent,BookThickness,real,,24.0,,YES,81
dbo,OrderComponent,ExcludeThickness,tinyint,,3.0,0.0,YES,82
dbo,OrderComponent,UserDefined2,varchar,100.0,,,YES,83
dbo,OrderComponent,UserDefined3,varchar,100.0,,,YES,84
dbo,OrderComponent,UserDefined4,varchar,100.0,,,YES,85
dbo,OrderComponent,UserDefined5,varchar,100.0,,,YES,86
dbo,OrderComponent,BleedSize,real,,24.0,,YES,87
dbo,OrderComponent,JobImageFile,varchar,255.0,,,YES,88
dbo,OrderComponent,COTotal,money,,19.0,4.0,YES,89
dbo,OrderComponent,DiscountDollars,money,,19.0,4.0,YES,90
dbo,OrderComponent,GLSalesCode,varchar,50.0,,,YES,91
dbo,OrderComponent,CreateOpr,varchar,50.0,,,YES,92
dbo,OrderComponent,CreateDatim,datetime,,,,YES,93
dbo,OrderComponent,UpdateOpr,varchar,50.0,,,YES,94
dbo,OrderComponent,Updatedatim,datetime,,,,YES,95
dbo,OrderComponent,HorizontalBleed,real,,24.0,,YES,96
dbo,OrderComponent,VendorID,varchar,20.0,,,YES,97
dbo,OrderComponent,LabelsPerRoll,int,,10.0,0.0,YES,98
dbo,OrderComponent,ManualPriceMethod,smallint,,5.0,0.0,YES,99
dbo,OrderComponent,RateTable,varchar,5.0,,,YES,100
dbo,OrderComponent,Color1SidedSheets,int,,10.0,0.0,YES,101
dbo,OrderComponent,Color2SidedSheets,int,,10.0,0.0,YES,102
dbo,OrderComponent,BlankSheets,int,,10.0,0.0,YES,103
dbo,OrderComponent,RFQTotalPages,int,,10.0,0.0,YES,104
dbo,OrderComponent,CylinderCode,varchar,20.0,,,YES,105
dbo,OrderComponent,OnlineSignature,varchar,100.0,,,YES,106
dbo,OrderComponent,ComboSheets,int,,10.0,0.0,YES,107
dbo,OrderComponent,PrintPortrait,smallint,,5.0,0.0,YES,108
dbo,OrderComponent,SalesRepCode,varchar,5.0,,,YES,109
dbo,OrderComponent,LabelsPerFold,int,,10.0,0.0,YES,110
dbo,OrderComponent,DeliveryDate,datetime,,,,YES,111
dbo,OrderComponent,ProofDueDate,datetime,,,,YES,112
dbo,OrderComponent,ProofDeliveryDate,datetime,,,,YES,113
dbo,OrderComponent,ProofDueTime,datetime,,,,YES,114
dbo,OrderComponent,DontCalculate,smallint,,5.0,0.0,YES,115
dbo,OrderComponent,ComponentPlanned,smallint,,5.0,0.0,YES,116
dbo,OrderComponent,IsCover,smallint,,5.0,0.0,YES,117
dbo,OrderComponent,InkTemplate1,int,,10.0,0.0,YES,118
dbo,OrderComponent,InkTemplate2,int,,10.0,0.0,YES,119
dbo,OrderComponent,CustomComponentType,varchar,50.0,,,YES,120
dbo,OrderComponent,OAVAAdjustment,real,,24.0,,YES,121
dbo,OrderComponent,DieTeethUnrounded,real,,24.0,,YES,122
dbo,OrderComponent,GroupName,varchar,100.0,,,YES,123
dbo,OrderComponent,CustomerItemNumber,varchar,50.0,,,YES,124
dbo,OrderComponent,UserDefined6,varchar,100.0,,,YES,125
dbo,OrderComponent,OutsideComponentID,varchar,100.0,,,YES,126
dbo,OrderComponent,CustomerOvers,real,,24.0,,YES,127
dbo,OrderComponent,OverridePressForms,int,,10.0,0.0,YES,128
dbo,OrderComponent,TemplateModificationNumber,int,,10.0,0.0,YES,129
dbo,OrderComponent,TemplateRevisionID,varchar,50.0,,,YES,130
dbo,OrderComponent,LineHoles,smallint,,5.0,0.0,YES,131
dbo,OrderComponent,LayoutTemplateCode,varchar,50.0,,,YES,132
dbo,OrderComponent,MergeEstimateNumber,varchar,20.0,,,YES,133
dbo,OrderComponent,BinderyLip,real,,24.0,,YES,134
dbo,OrderComponent,ARLineType,varchar,1.0,,,YES,135
dbo,OrderComponent,ID,bigint,,19.0,0.0,NO,136
dbo,OrderComponent,HeaderID,bigint,,19.0,0.0,YES,137
dbo,OrderComponent,Component_Type,int,,10.0,0.0,YES,138
dbo,OrderComponent,LinkedCompID,bigint,,19.0,0.0,YES,139
dbo,OrderComponent,Custom_Component_Type,int,,10.0,0.0,YES,140
dbo,OrderComponent,RollsSide1,int,,10.0,0.0,YES,141
dbo,OrderComponent,RollsSide2,int,,10.0,0.0,YES,142
dbo,OrderComponent,RRC,real,,24.0,,YES,143
dbo,OrderComponent,CoreDiameter,real,,24.0,,YES,144
dbo,OrderComponent,RollDiameter,real,,24.0,,YES,145
dbo,OrderComponent,OutsideComponentSeqNumber,int,,10.0,0.0,NO,146
dbo,OrderComponent,TaxJurisdiction,varchar,5.0,,,NO,147
dbo,OrderComponent,ExemptOverride,bit,,,,NO,148
dbo,OrderComponent,ProofCode,varchar,5.0,,,YES,149
dbo,OrderComponentText,JobNumber,varchar,20.0,,,NO,1
dbo,OrderComponentText,ComponentNumber,smallint,,5.0,0.0,NO,2
dbo,OrderComponentText,EstimateNumber,varchar,20.0,,,YES,3
dbo,OrderComponentText,PressInstructions,text,2147483647.0,,,YES,4
dbo,OrderComponentText,PPInstructions,text,2147483647.0,,,YES,5
dbo,OrderComponentText,ASInstructions,text,2147483647.0,,,YES,6
dbo,OrderComponentText,StockInstructions,text,2147483647.0,,,YES,7
dbo,OrderComponentText,PostInstructions,text,2147483647.0,,,YES,8
dbo,OrderComponentText,DetailDescription,text,2147483647.0,,,YES,9
dbo,OrderComponentText,InkInstructions,text,2147483647.0,,,YES,10
dbo,OrderComponentText,CreateOpr,varchar,50.0,,,YES,11
dbo,OrderComponentText,CreateDatim,datetime,,,,YES,12
dbo,OrderComponentText,UpdateOpr,varchar,50.0,,,YES,13
dbo,OrderComponentText,Updatedatim,datetime,,,,YES,14
dbo,OrderComponentText,ID,bigint,,19.0,0.0,NO,15
dbo,OrderComponentText,HeaderID,bigint,,19.0,0.0,YES,16
dbo,OrderComponentText,ComponentID,bigint,,19.0,0.0,YES,17
dbo,OrderComponentText,MiscInstructions,text,2147483647.0,,,YES,18
dbo,OrderComponentText,CalculatedQtys,text,2147483647.0,,,YES,19
dbo,OrderComponentText,CalculatedStockList,text,2147483647.0,,,YES,20
dbo,OrderDefaults,CompanyID,varchar,5.0,,,NO,1
dbo,OrderDefaults,JobTicket,bit,,,,YES,2
dbo,OrderDefaults,SaveOrder,bit,,,,YES,3
dbo,OrderDefaults,Allocate,bit,,,,YES,4
dbo,OrderDefaults,Allocate_Material,bit,,,,YES,5
dbo,OrderDefaults,Print_Stock,bit,,,,YES,6
dbo,OrderDefaults,Print_Material,bit,,,,YES,7
dbo,OrderDefaults,Print_Ship,bit,,,,YES,8
dbo,OrderDefaults,Print_REQ,bit,,,,YES,9
dbo,OrderDefaults,EntryDate,datetime,,,,YES,10
dbo,OrderDefaults,EntryTime,datetime,,,,YES,11
dbo,OrderDefaults,CreateOpr,varchar,50.0,,,YES,12
dbo,OrderDefaults,CreateDatim,datetime,,,,YES,13
dbo,OrderDefaults,UpdateOpr,varchar,50.0,,,YES,14
dbo,OrderDefaults,Updatedatim,datetime,,,,YES,15
dbo,OrderGLDistribution,ID,int,,10.0,0.0,NO,1
dbo,OrderGLDistribution,OrderPriceChangeID,int,,10.0,0.0,YES,2
dbo,OrderGLDistribution,GLAccount,varchar,50.0,,,YES,3
dbo,OrderGLDistribution,Price,money,,19.0,4.0,YES,4
dbo,OrderGLDistribution,PriceAdjustment,money,,19.0,4.0,YES,5
dbo,OrderGLDistribution,CreateOpr,varchar,50.0,,,YES,6
dbo,OrderGLDistribution,CreateDatim,datetime,,,,YES,7
dbo,OrderGLDistribution,UpdateOpr,varchar,50.0,,,YES,8
dbo,OrderGLDistribution,Updatedatim,datetime,,,,YES,9
dbo,OrderHeader,JobNumber,varchar,20.0,,,NO,1
dbo,OrderHeader,EstimateNumber,varchar,20.0,,,YES,2
dbo,OrderHeader,CustAccount,varchar,50.0,,,YES,3
dbo,OrderHeader,CustName,varchar,50.0,,,YES,4
dbo,OrderHeader,CustAddress1,varchar,50.0,,,YES,5
dbo,OrderHeader,CustAddress2,varchar,50.0,,,YES,6
dbo,OrderHeader,CustCity,varchar,50.0,,,YES,7
dbo,OrderHeader,CustState,varchar,3.0,,,YES,8
dbo,OrderHeader,CustZip,varchar,50.0,,,YES,9
dbo,OrderHeader,CustPhone,varchar,30.0,,,YES,10
dbo,OrderHeader,CustFax,varchar,30.0,,,YES,11
dbo,OrderHeader,CustContact,varchar,50.0,,,YES,12
dbo,OrderHeader,SalesRepCode,varchar,5.0,,,YES,13
dbo,OrderHeader,CustCountry,varchar,50.0,,,YES,14
dbo,OrderHeader,CustEmail,varchar,100.0,,,YES,15
dbo,OrderHeader,EndUserName,varchar,50.0,,,YES,16
dbo,OrderHeader,EndUserAccount,varchar,20.0,,,YES,17
dbo,OrderHeader,CSR,varchar,50.0,,,YES,18
dbo,OrderHeader,Estimator,varchar,50.0,,,YES,19
dbo,OrderHeader,JobDescription,varchar,100.0,,,YES,20
dbo,OrderHeader,PONumber,varchar,50.0,,,YES,21
dbo,OrderHeader,PrevPONumber,varchar,50.0,,,YES,22
dbo,OrderHeader,PrevJobNumber,varchar,20.0,,,YES,23
dbo,OrderHeader,OriginalJobNumber,varchar,20.0,,,YES,24
dbo,OrderHeader,DistPO,varchar,50.0,,,YES,25
dbo,OrderHeader,PrevDistPO,varchar,50.0,,,YES,26
dbo,OrderHeader,DueTime,datetime,,,,YES,27
dbo,OrderHeader,DueDate,datetime,,,,YES,28
dbo,OrderHeader,DueTimeText,varchar,5.0,,,YES,29
dbo,OrderHeader,EstimateDate,datetime,,,,YES,30
dbo,OrderHeader,CompleteDate,datetime,,,,YES,31
dbo,OrderHeader,OrderDate,datetime,,,,YES,32
dbo,OrderHeader,JobStatus,varchar,10.0,,,YES,33
dbo,OrderHeader,EstTimeFrame,varchar,20.0,,,YES,34
dbo,OrderHeader,ReleaseNumber,varchar,20.0,,,YES,35
dbo,OrderHeader,OrderType,varchar,50.0,,,YES,36
dbo,OrderHeader,RFQ,varchar,20.0,,,YES,37
dbo,OrderHeader,RFQDate,datetime,,,,YES,38
dbo,OrderHeader,ProofDate,datetime,,,,YES,39
dbo,OrderHeader,ProofTime,datetime,,,,YES,40
dbo,OrderHeader,ProofTimeText,varchar,5.0,,,YES,41
dbo,OrderHeader,PriorityLevel,smallint,,5.0,0.0,YES,42
dbo,OrderHeader,QuickOrder,bit,,,,YES,43
dbo,OrderHeader,ProofComments,varchar,2000.0,,,YES,44
dbo,OrderHeader,Revision,bit,,,,YES,45
dbo,OrderHeader,RevisionDate,datetime,,,,YES,46
dbo,OrderHeader,RevisionReason,varchar,100.0,,,YES,47
dbo,OrderHeader,TotalOverride,bit,,,,YES,48
dbo,OrderHeader,CommissionA,real,,24.0,,YES,49
dbo,OrderHeader,CommissionB,real,,24.0,,YES,50
dbo,OrderHeader,UserDefined1,varchar,100.0,,,YES,51
dbo,OrderHeader,UserDefined2,varchar,100.0,,,YES,52
dbo,OrderHeader,UserDefined3,varchar,100.0,,,YES,53
dbo,OrderHeader,UserDefined4,varchar,100.0,,,YES,54
dbo,OrderHeader,UserDefined5,varchar,100.0,,,YES,55
dbo,OrderHeader,CustUserDefined1,varchar,50.0,,,YES,56
dbo,OrderHeader,CustUserDefined2,varchar,50.0,,,YES,57
dbo,OrderHeader,CustUserDefined3,varchar,50.0,,,YES,58
dbo,OrderHeader,TaxCodeA,varchar,5.0,,,YES,59
dbo,OrderHeader,TaxCodeB,varchar,5.0,,,YES,60
dbo,OrderHeader,TaxCodeC,varchar,5.0,,,YES,61
dbo,OrderHeader,TaxCodeD,varchar,5.0,,,YES,62
dbo,OrderHeader,EntryDate,datetime,,,,YES,63
dbo,OrderHeader,EntryTime,datetime,,,,YES,64
dbo,OrderHeader,CommissionTableA,varchar,5.0,,,YES,65
dbo,OrderHeader,CommissionTableB,varchar,5.0,,,YES,66
dbo,OrderHeader,JobDetailDescription,varchar,8000.0,,,YES,67
dbo,OrderHeader,Notes,varchar,2000.0,,,YES,68
dbo,OrderHeader,BindInstructions,varchar,2000.0,,,YES,69
dbo,OrderHeader,EstimateStatus,varchar,1.0,,,YES,70
dbo,OrderHeader,Prepayment,money,,19.0,4.0,YES,71
dbo,OrderHeader,FormNumber,varchar,100.0,,,YES,72
dbo,OrderHeader,TotalComponents,int,,10.0,0.0,YES,73
dbo,OrderHeader,BackOrder,smallint,,5.0,0.0,YES,74
dbo,OrderHeader,CustAddress3,varchar,50.0,,,YES,75
dbo,OrderHeader,CustCounty,varchar,50.0,,,YES,76
dbo,OrderHeader,MJobDetailDescription,text,2147483647.0,,,YES,77
dbo,OrderHeader,TotalSellPrice,money,,19.0,4.0,YES,78
dbo,OrderHeader,RecordInUse,smallint,,5.0,0.0,YES,79
dbo,OrderHeader,PriceOverrideOption,smallint,,5.0,0.0,YES,80
dbo,OrderHeader,NoProofRequired,smallint,,5.0,0.0,YES,81
dbo,OrderHeader,OrderSellPrice,money,,19.0,4.0,YES,82
dbo,OrderHeader,InvoiceSellPrice,money,,19.0,4.0,YES,83
dbo,OrderHeader,LastCostCenter,smallint,,5.0,0.0,YES,84
dbo,OrderHeader,CollabriaOrder,smallint,,5.0,0.0,YES,85
dbo,OrderHeader,CollabriaID,varchar,50.0,,,YES,86
dbo,OrderHeader,MNotes,text,2147483647.0,,,YES,87
dbo,OrderHeader,CC_Number,varchar,100.0,,,YES,88
dbo,OrderHeader,CC_Exp_Month,int,,10.0,0.0,YES,89
dbo,OrderHeader,CC_Exp_Year,int,,10.0,0.0,YES,90
dbo,OrderHeader,TotalBookThickness,real,,24.0,,YES,91
dbo,OrderHeader,TotalFreightCost,money,,19.0,4.0,YES,92
dbo,OrderHeader,InvoicedFreightPrice,money,,19.0,4.0,YES,93
dbo,OrderHeader,MScheduleNotes,text,2147483647.0,,,YES,94
dbo,OrderHeader,ScheduleNotes,varchar,2000.0,,,YES,95
dbo,OrderHeader,PlantID,varchar,3.0,,,YES,96
dbo,OrderHeader,RFQFlag,smallint,,5.0,0.0,YES,97
dbo,OrderHeader,CalculatedTotalPrice,money,,19.0,4.0,YES,98
dbo,OrderHeader,NoDueDate,smallint,,5.0,0.0,YES,99
dbo,OrderHeader,ReorderDate,datetime,,,,YES,100
dbo,OrderHeader,DeliveryDate,datetime,,,,YES,101
dbo,OrderHeader,CreateOpr,varchar,50.0,,,YES,102
dbo,OrderHeader,CreateDatim,datetime,,,,YES,103
dbo,OrderHeader,UpdateOpr,varchar,50.0,,,YES,104
dbo,OrderHeader,Updatedatim,datetime,,,,YES,105
dbo,OrderHeader,Discount,real,,24.0,,YES,106
dbo,OrderHeader,UseDMRate,smallint,,5.0,0.0,YES,107
dbo,OrderHeader,TaxJurisdiction,varchar,5.0,,,YES,108
dbo,OrderHeader,ARJobCloseOut,smallint,,5.0,0.0,YES,109
dbo,OrderHeader,OnLineUserID,int,,10.0,0.0,YES,110
dbo,OrderHeader,OutsideOrder,smallint,,5.0,0.0,YES,111
dbo,OrderHeader,ProofDeliveryDate,datetime,,,,YES,112
dbo,OrderHeader,GLJobCloseOut,smallint,,5.0,0.0,YES,113
dbo,OrderHeader,OutsideOrderID,varchar,20.0,,,YES,114
dbo,OrderHeader,PricingOnLineReady,smallint,,5.0,0.0,YES,115
dbo,OrderHeader,CC_NameOnCard,varchar,100.0,,,YES,116
dbo,OrderHeader,CC_Expiration,varchar,10.0,,,YES,117
dbo,OrderHeader,MakeComponentCalculations,smallint,,5.0,0.0,YES,118
dbo,OrderHeader,RequestForOrder,smallint,,5.0,0.0,YES,119
dbo,OrderHeader,QuoteDueDate,datetime,,,,YES,120
dbo,OrderHeader,DontChargeFreight,smallint,,5.0,0.0,YES,121
dbo,OrderHeader,ManualCommission,money,,19.0,4.0,YES,122
dbo,OrderHeader,OriginatedFromRFQ,smallint,,5.0,0.0,YES,123
dbo,OrderHeader,PickSlipPrinted,smallint,,5.0,0.0,YES,124
dbo,OrderHeader,PaymentMethod,varchar,50.0,,,YES,125
dbo,OrderHeader,CheckNumber,varchar,50.0,,,YES,126
dbo,OrderHeader,BackOrderFrom,varchar,20.0,,,YES,127
dbo,OrderHeader,TemplateCode,varchar,50.0,,,YES,128
dbo,OrderHeader,OriginalPlantID,varchar,3.0,,,YES,129
dbo,OrderHeader,OriginalEstimateNumber,varchar,20.0,,,YES,130
dbo,OrderHeader,LockSchedule,smallint,,5.0,0.0,YES,131
dbo,OrderHeader,SchUserDefined1,varchar,50.0,,,YES,132
dbo,OrderHeader,SchUserDefined2,varchar,50.0,,,YES,133
dbo,OrderHeader,SchUserDefined3,varchar,50.0,,,YES,134
dbo,OrderHeader,SchUserDefined4,varchar,50.0,,,YES,135
dbo,OrderHeader,SchUserDefined5,varchar,50.0,,,YES,136
dbo,OrderHeader,SchUserDefined6,varchar,50.0,,,YES,137
dbo,OrderHeader,SchUserDefined7,varchar,50.0,,,YES,138
dbo,OrderHeader,SchUserDefined8,varchar,50.0,,,YES,139
dbo,OrderHeader,SchUserDefined9,varchar,50.0,,,YES,140
dbo,OrderHeader,SchUserDefined10,varchar,50.0,,,YES,141
dbo,OrderHeader,SchUserDefined11,varchar,50.0,,,YES,142
dbo,OrderHeader,SchUserDefined12,varchar,50.0,,,YES,143
dbo,OrderHeader,SchUserDefined13,varchar,50.0,,,YES,144
dbo,OrderHeader,SchUserDefined14,varchar,50.0,,,YES,145
dbo,OrderHeader,SchUserDefined15,varchar,50.0,,,YES,146
dbo,OrderHeader,Archived,smallint,,5.0,0.0,YES,147
dbo,OrderHeader,UserDefined6,varchar,100.0,,,YES,148
dbo,OrderHeader,PODate,datetime,,,,YES,149
dbo,OrderHeader,TaxOverrideAmount,money,,19.0,4.0,YES,150
dbo,OrderHeader,OrderTime,datetime,,,,YES,151
dbo,OrderHeader,ProofApprovalTime,datetime,,,,YES,152
dbo,OrderHeader,LastSurveyDate,datetime,,,,YES,153
dbo,OrderHeader,DontCombineCartonQty,smallint,,5.0,0.0,YES,154
dbo,OrderHeader,SurveyContact,varchar,50.0,,,YES,155
dbo,OrderHeader,SchedulePriority,smallint,,5.0,0.0,YES,156
dbo,OrderHeader,JobPriority,smallint,,5.0,0.0,YES,157
dbo,OrderHeader,JobRouted,smallint,,5.0,0.0,YES,158
dbo,OrderHeader,BillingContact,varchar,50.0,,,YES,159
dbo,OrderHeader,UserDefined7,varchar,100.0,,,YES,160
dbo,OrderHeader,ManufacturerItemNumber,varchar,50.0,,,YES,161
dbo,OrderHeader,StatusReasonCode,varchar,5.0,,,YES,162
dbo,OrderHeader,CustomerOvers,real,,24.0,,YES,163
dbo,OrderHeader,AcceleshipOrderId,int,,10.0,0.0,YES,164
dbo,OrderHeader,JobTicketPrintDate,datetime,,,,YES,165
dbo,OrderHeader,LastOpenedBy,varchar,50.0,,,YES,166
dbo,OrderHeader,CustContactID,int,,10.0,0.0,YES,167
dbo,OrderHeader,BillContactID,int,,10.0,0.0,YES,168
dbo,OrderHeader,EstimateDueDate,datetime,,,,YES,169
dbo,OrderHeader,ArCloseOutOption,int,,10.0,0.0,YES,170
dbo,OrderHeader,ID,bigint,,19.0,0.0,NO,171
dbo,OrderHeader,Status,int,,10.0,0.0,YES,172
dbo,OrderHeader,CurrencyCode,varchar,5.0,,,YES,173
dbo,OrderHeader,ExchangeRate,real,,24.0,,YES,174
dbo,OrderHeader,FromCopy,smallint,,5.0,0.0,YES,175
dbo,OrderHeader,FromEstimate,smallint,,5.0,0.0,YES,176
dbo,OrderHeader,FromOrder,smallint,,5.0,0.0,YES,177
dbo,OrderHeader,PrevEstimateNumber,varchar,20.0,,,YES,178
dbo,OrderHeader,TotalComponentsQtyCalculated,smallint,,5.0,0.0,YES,179
dbo,OrderHeader,OpportunityFlag,smallint,,5.0,0.0,YES,180
dbo,OrderHeader,AvaTaxOverride,bit,,,,YES,181
dbo,OrderHeader,ProofCode,varchar,5.0,,,YES,182
dbo,OrderHeader,MDSFStatus,varchar,10.0,,,YES,183
dbo,OrderImage,ImageID,int,,10.0,0.0,NO,1
dbo,OrderImage,EstimateNumber,varchar,50.0,,,YES,2
dbo,OrderImage,ComponentNumber,smallint,,5.0,0.0,YES,3
dbo,OrderImage,EstimateImage,image,2147483647.0,,,YES,4
dbo,OrderImage,FileName,varchar,256.0,,,YES,5
dbo,OrderImage,FileType,varchar,50.0,,,YES,6
dbo,OrderImage,FileSize,int,,10.0,0.0,YES,7
dbo,OrderImage,Createdatim,datetime,,,,YES,8
dbo,OrderImage,CreateOpr,varchar,50.0,,,YES,9
dbo,OrderImage,JobNumber,varchar,20.0,,,YES,10
dbo,OrderImage,ImageTypeCode,varchar,5.0,,,YES,11
dbo,OrderImage,Comments,varchar,2000.0,,,YES,12
dbo,OrderImage,IsMailingList,smallint,,5.0,0.0,YES,13
dbo,OrderImage,IsPDFTemplate,smallint,,5.0,0.0,YES,14
dbo,OrderImage,IsProof,smallint,,5.0,0.0,YES,15
dbo,OrderImage,ProofAcceptedSignature,varchar,255.0,,,YES,16
dbo,OrderImage,ProofAcceptedUser,varchar,255.0,,,YES,17
dbo,OrderImage,WebNoteID,int,,10.0,0.0,YES,18
dbo,OrderImage,ComponentID,bigint,,19.0,0.0,YES,19
dbo,OrderInLineOp,JobNumber,varchar,20.0,,,NO,1
dbo,OrderInLineOp,ComponentNumber,smallint,,5.0,0.0,NO,2
dbo,OrderInLineOp,GroupNo,smallint,,5.0,0.0,NO,3
dbo,OrderInLineOp,ItemNumber,smallint,,5.0,0.0,NO,4
dbo,OrderInLineOp,PartNumber,smallint,,5.0,0.0,NO,5
dbo,OrderInLineOp,InLineOpNo,smallint,,5.0,0.0,NO,6
dbo,OrderInLineOp,InLineCode,smallint,,5.0,0.0,YES,7
dbo,OrderInLineOp,InLineDesc,varchar,40.0,,,YES,8
dbo,OrderInLineOp,InLineQty,int,,10.0,0.0,YES,9
dbo,OrderInLineOp,EntryDate,datetime,,,,YES,10
dbo,OrderInLineOp,EntryTime,datetime,,,,YES,11
dbo,OrderInLineOp,EstimateNumber,varchar,50.0,,,YES,12
dbo,OrderInLineOp,RFQ,varchar,20.0,,,YES,13
dbo,OrderInLineOp,DieNumber,varchar,50.0,,,YES,14
dbo,OrderInLineOp,CreateOpr,varchar,50.0,,,YES,15
dbo,OrderInLineOp,CreateDatim,datetime,,,,YES,16
dbo,OrderInLineOp,UpdateOpr,varchar,50.0,,,YES,17
dbo,OrderInLineOp,Updatedatim,datetime,,,,YES,18
dbo,OrderInLineOp,TemplateOption,smallint,,5.0,0.0,YES,19
dbo,OrderInLineOp,RunPercentage,real,,24.0,,YES,20
dbo,OrderInLineOp,ExcludeSetup,smallint,,5.0,0.0,YES,21
dbo,OrderInLineOp,UserDefined1,varchar,100.0,,,YES,22
dbo,OrderInLineOp,UserDefined2,varchar,100.0,,,YES,23
dbo,OrderInLineOp,UserDefined3,varchar,100.0,,,YES,24
dbo,OrderInLineOp,UserDefined4,varchar,100.0,,,YES,25
dbo,OrderInLineOp,UserDefined5,varchar,100.0,,,YES,26
dbo,OrderInLineOp,ID,bigint,,19.0,0.0,NO,27
dbo,OrderInLineOp,ProcessID,bigint,,19.0,0.0,YES,28
dbo,OrderInLineOp,Sides,smallint,,5.0,0.0,YES,29
dbo,OrderInLineOp,StitchLocation,varchar,50.0,,,YES,30
dbo,OrderInLineOp,Upcharge,money,,19.0,4.0,YES,31
dbo,OrderInserts,ID,int,,10.0,0.0,NO,1
dbo,OrderInserts,OrderID,bigint,,19.0,0.0,YES,2
dbo,OrderInserts,ComponentID,bigint,,19.0,0.0,YES,3
dbo,OrderInserts,ItemNumber,int,,10.0,0.0,YES,4
dbo,OrderInserts,FGItem,varchar,50.0,,,YES,5
dbo,OrderInserts,FGDescription,varchar,1000.0,,,YES,6
dbo,OrderInserts,RefNum,varchar,20.0,,,YES,7
dbo,OrderInserts,Notes,text,2147483647.0,,,YES,8
dbo,OrderInserts,UDF1,varchar,100.0,,,YES,9
dbo,OrderInserts,UDF2,varchar,100.0,,,YES,10
dbo,OrderInserts,UDF3,varchar,100.0,,,YES,11
dbo,OrderInserts,UDF4,varchar,100.0,,,YES,12
dbo,OrderInserts,UDF5,varchar,100.0,,,YES,13
dbo,OrderInserts,UDF6,varchar,100.0,,,YES,14
dbo,OrderInserts,UDF7,varchar,100.0,,,YES,15
dbo,OrderInserts,UDF8,varchar,100.0,,,YES,16
dbo,OrderInserts,UDF9,varchar,100.0,,,YES,17
dbo,OrderInserts,UDF10,varchar,100.0,,,YES,18
dbo,OrderInserts,CreateOpr,varchar,50.0,,,YES,19
dbo,OrderInserts,CreateDatim,datetime,,,,YES,20
dbo,OrderInserts,UpdateOpr,varchar,50.0,,,YES,21
dbo,OrderInserts,UpdateDatim,datetime,,,,YES,22
dbo,OrderPriceChange,ID,int,,10.0,0.0,NO,1
dbo,OrderPriceChange,JobNumber,varchar,20.0,,,YES,2
dbo,OrderPriceChange,TotalPrice,money,,19.0,4.0,YES,3
dbo,OrderPriceChange,PriceAdjustment,money,,19.0,4.0,YES,4
dbo,OrderPriceChange,EntryDate,datetime,,,,YES,5
dbo,OrderPriceChange,CreateOpr,varchar,50.0,,,YES,6
dbo,OrderPriceChange,CreateDatim,datetime,,,,YES,7
dbo,OrderPriceChange,UpdateOpr,varchar,50.0,,,YES,8
dbo,OrderPriceChange,Updatedatim,datetime,,,,YES,9
dbo,OrderPriceChange,EstimateNumber,varchar,20.0,,,YES,10
dbo,OrderPriceChange,JobType,varchar,10.0,,,YES,11
dbo,OrderPriceChange,ComponentNumber,smallint,,5.0,0.0,YES,12
dbo,OrderPriceChange,QuantityLineNo,int,,10.0,0.0,YES,13
dbo,OrderProcess,JobNumber,varchar,20.0,,,NO,1
dbo,OrderProcess,ComponentNumber,smallint,,5.0,0.0,NO,2
dbo,OrderProcess,GroupNo,smallint,,5.0,0.0,NO,3
dbo,OrderProcess,ItemNumber,smallint,,5.0,0.0,NO,4
dbo,OrderProcess,PartNumber,smallint,,5.0,0.0,NO,5
dbo,OrderProcess,ProcessCode,int,,10.0,0.0,YES,6
dbo,OrderProcess,MaterialCode,varchar,50.0,,,YES,7
dbo,OrderProcess,Description,varchar,1000.0,,,YES,8
dbo,OrderProcess,VendorID,varchar,20.0,,,YES,9
dbo,OrderProcess,VendorName,varchar,50.0,,,YES,10
dbo,OrderProcess,VendorProductID,varchar,20.0,,,YES,11
dbo,OrderProcess,SheetSpoilage,int,,10.0,0.0,YES,12
dbo,OrderProcess,Repetitions,int,,10.0,0.0,YES,13
dbo,OrderProcess,UnitsPerCycle,int,,10.0,0.0,YES,14
dbo,OrderProcess,FixedMarkup,real,,24.0,,YES,15
dbo,OrderProcess,FixedCost,money,,19.0,4.0,YES,16
dbo,OrderProcess,FixedQuantity,float,,53.0,,YES,17
dbo,OrderProcess,BaseRunSpeed,real,,24.0,,YES,18
dbo,OrderProcess,CoverageSide1,real,,24.0,,YES,19
dbo,OrderProcess,CoverageSide2,real,,24.0,,YES,20
dbo,OrderProcess,Caliper,real,,24.0,,YES,21
dbo,OrderProcess,BWT,float,,53.0,,YES,22
dbo,OrderProcess,Width,real,,24.0,,YES,23
dbo,OrderProcess,Length,real,,24.0,,YES,24
dbo,OrderProcess,MWT,real,,24.0,,YES,25
dbo,OrderProcess,SBS,real,,24.0,,YES,26
dbo,OrderProcess,ParentOuts,smallint,,5.0,0.0,YES,27
dbo,OrderProcess,ParentSwing,bit,,,,YES,28
dbo,OrderProcess,ParentSize,varchar,23.0,,,YES,29
dbo,OrderProcess,AdditionalBurns,smallint,,5.0,0.0,YES,30
dbo,OrderProcess,Passes,smallint,,5.0,0.0,YES,31
dbo,OrderProcess,Sides,smallint,,5.0,0.0,YES,32
dbo,OrderProcess,NumberUp,smallint,,5.0,0.0,YES,33
dbo,OrderProcess,EdgeToRun,varchar,10.0,,,YES,34
dbo,OrderProcess,NumberOfHelpers,smallint,,5.0,0.0,YES,35
dbo,OrderProcess,NumberOfPockets,smallint,,5.0,0.0,YES,36
dbo,OrderProcess,OverridePockets,bit,,,,YES,37
dbo,OrderProcess,RunPercentage,real,,24.0,,YES,38
dbo,OrderProcess,Difficulty,real,,24.0,,YES,39
dbo,OrderProcess,QtyOverride,bit,,,,YES,40
dbo,OrderProcess,SpoilTable,varchar,5.0,,,YES,41
dbo,OrderProcess,SpeedTable,varchar,5.0,,,YES,42
dbo,OrderProcess,PartialColors,bit,,,,YES,43
dbo,OrderProcess,ColorsSide1,smallint,,5.0,0.0,YES,44
dbo,OrderProcess,ColorsSide2,smallint,,5.0,0.0,YES,45
dbo,OrderProcess,MarginalWord,varchar,40.0,,,YES,46
dbo,OrderProcess,MarginalColor,varchar,40.0,,,YES,47
dbo,OrderProcess,MarginalPosition,varchar,40.0,,,YES,48
dbo,OrderProcess,PlateChange,bit,,,,YES,49
dbo,OrderProcess,PlateVersion,varchar,2.0,,,YES,50
dbo,OrderProcess,ChangeOrder,bit,,,,YES,51
dbo,OrderProcess,EntryDate,datetime,,,,YES,52
dbo,OrderProcess,EntryTime,datetime,,,,YES,53
dbo,OrderProcess,ApprovedBy,varchar,50.0,,,YES,54
dbo,OrderProcess,ApprovalCode,varchar,10.0,,,YES,55
dbo,OrderProcess,DueDate,datetime,,,,YES,56
dbo,OrderProcess,PreCollated,bit,,,,YES,57
dbo,OrderProcess,DieNumber,varchar,50.0,,,YES,58
dbo,OrderProcess,GrainCritical,bit,,,,YES,59
dbo,OrderProcess,WebSigs,smallint,,5.0,0.0,YES,60
dbo,OrderProcess,WebPages,smallint,,5.0,0.0,YES,61
dbo,OrderProcess,DontGangSigs,bit,,,,YES,62
dbo,OrderProcess,CostingMethod,smallint,,5.0,0.0,YES,63
dbo,OrderProcess,Color,varchar,20.0,,,YES,64
dbo,OrderProcess,ManualParentOuts,bit,,,,YES,65
dbo,OrderProcess,AdditionalCharge,smallint,,5.0,0.0,YES,66
dbo,OrderProcess,RushCharge,bit,,,,YES,67
dbo,OrderProcess,Comments,varchar,2000.0,,,YES,68
dbo,OrderProcess,EstimateNumber,varchar,20.0,,,YES,69
dbo,OrderProcess,RFQ,varchar,20.0,,,YES,70
dbo,OrderProcess,SigWidth,real,,24.0,,YES,71
dbo,OrderProcess,SigLength,real,,24.0,,YES,72
dbo,OrderProcess,SigSize,varchar,23.0,,,YES,73
dbo,OrderProcess,DontPrintOnTicket,tinyint,,3.0,0.0,YES,74
dbo,OrderProcess,CustComments,varchar,2000.0,,,YES,75
dbo,OrderProcess,ChangeDate,datetime,,,,YES,76
dbo,OrderProcess,FixedUnitCost,money,,19.0,4.0,YES,77
dbo,OrderProcess,MComments,text,2147483647.0,,,YES,78
dbo,OrderProcess,MCustComments,text,2147483647.0,,,YES,79
dbo,OrderProcess,DueTime,datetime,,,,YES,80
dbo,OrderProcess,ChangeOrderID,varchar,10.0,,,YES,81
dbo,OrderProcess,FormPartNumber,smallint,,5.0,0.0,YES,82
dbo,OrderProcess,SetupSpoilage,int,,10.0,0.0,YES,83
dbo,OrderProcess,SetupDifficulty,smallint,,5.0,0.0,YES,84
dbo,OrderProcess,PrepressReps,real,,24.0,,YES,85
dbo,OrderProcess,CreateOpr,varchar,50.0,,,YES,86
dbo,OrderProcess,CreateDatim,datetime,,,,YES,87
dbo,OrderProcess,UpdateOpr,varchar,50.0,,,YES,88
dbo,OrderProcess,Updatedatim,datetime,,,,YES,89
dbo,OrderProcess,Discount,real,,24.0,,YES,90
dbo,OrderProcess,UserDefined1,varchar,100.0,,,YES,91
dbo,OrderProcess,UserDefined2,varchar,100.0,,,YES,92
dbo,OrderProcess,UserDefined3,varchar,100.0,,,YES,93
dbo,OrderProcess,UserDefined4,varchar,100.0,,,YES,94
dbo,OrderProcess,UserDefined5,varchar,100.0,,,YES,95
dbo,OrderProcess,OnHandCode,int,,10.0,0.0,YES,96
dbo,OrderProcess,CoatedOneSide,smallint,,5.0,0.0,YES,97
dbo,OrderProcess,WTNTime,smallint,,5.0,0.0,YES,98
dbo,OrderProcess,MinimumCost,money,,19.0,4.0,YES,99
dbo,OrderProcess,OneSidedSheets,int,,10.0,0.0,YES,100
dbo,OrderProcess,TwoSidedSheets,int,,10.0,0.0,YES,101
dbo,OrderProcess,TemplateOption,smallint,,5.0,0.0,YES,102
dbo,OrderProcess,Color1SidedSheets,int,,10.0,0.0,YES,103
dbo,OrderProcess,Color2SidedSheets,int,,10.0,0.0,YES,104
dbo,OrderProcess,GangFactor,real,,24.0,,YES,105
dbo,OrderProcess,BlankSheets,int,,10.0,0.0,YES,106
dbo,OrderProcess,StockOverride,int,,10.0,0.0,YES,107
dbo,OrderProcess,CylinderCode,varchar,20.0,,,YES,108
dbo,OrderProcess,ComboSheets,int,,10.0,0.0,YES,109
dbo,OrderProcess,DontInvoiceItem,smallint,,5.0,0.0,YES,110
dbo,OrderProcess,MultiplyByParts,smallint,,5.0,0.0,YES,111
dbo,OrderProcess,GLAccount,varchar,50.0,,,YES,112
dbo,OrderProcess,MMSI,real,,24.0,,YES,113
dbo,OrderProcess,IncludeInGangRun,smallint,,5.0,0.0,YES,114
dbo,OrderProcess,DontAddSpoilage,smallint,,5.0,0.0,YES,115
dbo,OrderProcess,MarkupTable,varchar,5.0,,,YES,116
dbo,OrderProcess,ExcludeCommission,smallint,,5.0,0.0,YES,117
dbo,OrderProcess,HourlyRateOverride,money,,19.0,4.0,YES,118
dbo,OrderProcess,ManufacturerItemNumber,varchar,50.0,,,YES,119
dbo,OrderProcess,SupplierEstimateNumber,varchar,50.0,,,YES,120
dbo,OrderProcess,CartonQuantity,float,,53.0,,YES,121
dbo,OrderProcess,ProductionQuantity,float,,53.0,,YES,122
dbo,OrderProcess,CoreDiameter,real,,24.0,,YES,123
dbo,OrderProcess,RollDiameter,real,,24.0,,YES,124
dbo,OrderProcess,AddToTemplatePrice,smallint,,5.0,0.0,YES,125
dbo,OrderProcess,UnitCostOverride,money,,19.0,4.0,YES,126
dbo,OrderProcess,IsAutoLoaded,smallint,,5.0,0.0,YES,127
dbo,OrderProcess,MROverrideCode,int,,10.0,0.0,YES,128
dbo,OrderProcess,UseRateOverrideAsPrice,smallint,,5.0,0.0,YES,129
dbo,OrderProcess,IsInLineOpMaterial,smallint,,5.0,0.0,YES,130
dbo,OrderProcess,OverrideUnitsPerCycle,smallint,,5.0,0.0,YES,131
dbo,OrderProcess,UseWholeRolls,smallint,,5.0,0.0,YES,132
dbo,OrderProcess,SlitToXAcross,int,,10.0,0.0,YES,133
dbo,OrderProcess,PlowFolds,int,,10.0,0.0,YES,134
dbo,OrderProcess,ID,bigint,,19.0,0.0,NO,135
dbo,OrderProcess,ProcessID,bigint,,19.0,0.0,YES,136
dbo,OrderProcess,ComponentID,bigint,,19.0,0.0,YES,137
dbo,OrderProcess,RunSequence,int,,10.0,0.0,YES,138
dbo,OrderProcess,ShipToCode,int,,10.0,0.0,YES,139
dbo,OrderProcess,GLCOGAccount,varchar,50.0,,,YES,140
dbo,OrderProcess,CurrencyCode,varchar,5.0,,,YES,141
dbo,OrderProcess,ExchangeRate,real,,24.0,,YES,142
dbo,OrderProcess,WebStockOverride,int,,10.0,0.0,YES,143
dbo,OrderProcess,IsHat,smallint,,5.0,0.0,YES,144
dbo,OrderQtyTable,JobNumber,varchar,20.0,,,NO,1
dbo,OrderQtyTable,ComponentNumber,smallint,,5.0,0.0,NO,2
dbo,OrderQtyTable,QuantityLineNo,int,,10.0,0.0,NO,3
dbo,OrderQtyTable,Quantity,int,,10.0,0.0,YES,4
dbo,OrderQtyTable,ProductionMarkup,real,,24.0,,YES,5
dbo,OrderQtyTable,MaterialMarkup,real,,24.0,,YES,6
dbo,OrderQtyTable,StockMarkup,real,,24.0,,YES,7
dbo,OrderQtyTable,EntryDate,datetime,,,,YES,8
dbo,OrderQtyTable,EntryTime,datetime,,,,YES,9
dbo,OrderQtyTable,EstimateNumber,varchar,20.0,,,YES,10
dbo,OrderQtyTable,RFQ,varchar,20.0,,,YES,11
dbo,OrderQtyTable,ManualPrice,money,,19.0,4.0,YES,12
dbo,OrderQtyTable,ProductionCost,money,,19.0,4.0,YES,13
dbo,OrderQtyTable,MaterialCost,money,,19.0,4.0,YES,14
dbo,OrderQtyTable,StockCost,money,,19.0,4.0,YES,15
dbo,OrderQtyTable,OSCost,money,,19.0,4.0,YES,16
dbo,OrderQtyTable,ProductionPrice,money,,19.0,4.0,YES,17
dbo,OrderQtyTable,MaterialPrice,money,,19.0,4.0,YES,18
dbo,OrderQtyTable,StockPrice,money,,19.0,4.0,YES,19
dbo,OrderQtyTable,OSPrice,money,,19.0,4.0,YES,20
dbo,OrderQtyTable,TotalMinutes,real,,24.0,,YES,21
dbo,OrderQtyTable,TotalCost,money,,19.0,4.0,YES,22
dbo,OrderQtyTable,TotalPrice,money,,19.0,4.0,YES,23
dbo,OrderQtyTable,UserID,varchar,20.0,,,YES,24
dbo,OrderQtyTable,AddColorCost,money,,19.0,4.0,YES,25
dbo,OrderQtyTable,AddColorPrice,money,,19.0,4.0,YES,26
dbo,OrderQtyTable,AddColorMatCost,money,,19.0,4.0,YES,27
dbo,OrderQtyTable,AddColorMatPrice,money,,19.0,4.0,YES,28
dbo,OrderQtyTable,GridPrice,money,,19.0,4.0,YES,29
dbo,OrderQtyTable,CommissionAmount,money,,19.0,4.0,YES,30
dbo,OrderQtyTable,AddMCost,money,,19.0,4.0,YES,31
dbo,OrderQtyTable,AddMPrice,money,,19.0,4.0,YES,32
dbo,OrderQtyTable,TaxAmountA,money,,19.0,4.0,YES,33
dbo,OrderQtyTable,TaxAmountB,money,,19.0,4.0,YES,34
dbo,OrderQtyTable,TaxAmountC,money,,19.0,4.0,YES,35
dbo,OrderQtyTable,TaxAmountD,money,,19.0,4.0,YES,36
dbo,OrderQtyTable,DiscountAmount,money,,19.0,4.0,YES,37
dbo,OrderQtyTable,QuantityPerPackage,int,,10.0,0.0,YES,38
dbo,OrderQtyTable,SetProductionMarkup,real,,24.0,,YES,39
dbo,OrderQtyTable,SetMaterialMarkup,real,,24.0,,YES,40
dbo,OrderQtyTable,SetPaperMarkup,real,,24.0,,YES,41
dbo,OrderQtyTable,SetOSSMarkup,real,,24.0,,YES,42
dbo,OrderQtyTable,SetProductionPrice,money,,19.0,4.0,YES,43
dbo,OrderQtyTable,SetMaterialPrice,money,,19.0,4.0,YES,44
dbo,OrderQtyTable,SetPaperPrice,money,,19.0,4.0,YES,45
dbo,OrderQtyTable,SetOSSPrice,money,,19.0,4.0,YES,46
dbo,OrderQtyTable,SetTotalPrice,money,,19.0,4.0,YES,47
dbo,OrderQtyTable,SetProfitDollars,money,,19.0,4.0,YES,48
dbo,OrderQtyTable,SetProfitPercentage,real,,24.0,,YES,49
dbo,OrderQtyTable,SetValueAddedDollars,money,,19.0,4.0,YES,50
dbo,OrderQtyTable,SetValueAddedPercentage,real,,24.0,,YES,51
dbo,OrderQtyTable,PriceHasBeenSet,smallint,,5.0,0.0,YES,52
dbo,OrderQtyTable,Overs,int,,10.0,0.0,YES,53
dbo,OrderQtyTable,CreateOpr,varchar,50.0,,,YES,54
dbo,OrderQtyTable,CreateDatim,datetime,,,,YES,55
dbo,OrderQtyTable,UpdateOpr,varchar,50.0,,,YES,56
dbo,OrderQtyTable,Updatedatim,datetime,,,,YES,57
dbo,OrderQtyTable,DMProductionCost,money,,19.0,4.0,YES,58
dbo,OrderQtyTable,CommissionPercentage,real,,24.0,,YES,59
dbo,OrderQtyTable,ManualUnitPrice,money,,19.0,4.0,YES,60
dbo,OrderQtyTable,AIProductionCost,money,,19.0,4.0,YES,61
dbo,OrderQtyTable,TotalClickCost,money,,19.0,4.0,YES,62
dbo,OrderQtyTable,OverrideCommissionPercentage,smallint,,5.0,0.0,YES,63
dbo,OrderQtyTable,NumberOfRolls,int,,10.0,0.0,YES,64
dbo,OrderQtyTable,ComboUnitCost,money,,19.0,4.0,YES,65
dbo,OrderQtyTable,ComboUnitPrice,money,,19.0,4.0,YES,66
dbo,OrderQtyTable,OAVAAdjustmentAmount,money,,19.0,4.0,YES,67
dbo,OrderQtyTable,TaxOverrideAmount,money,,19.0,4.0,YES,68
dbo,OrderQtyTable,ID,bigint,,19.0,0.0,NO,69
dbo,OrderQtyTable,ComponentID,bigint,,19.0,0.0,YES,70
dbo,OrderQtyTable,OAVAAdjustment,real,,24.0,,YES,71
dbo,OrderQtyTable,UnitPrice,money,,19.0,4.0,YES,72
dbo,OrderQtyTable,StitchLocation,varchar,20.0,,,YES,73
dbo,OrderQtyTable,Description,varchar,50.0,,,YES,74
dbo,OrderQtyTable,RoyaltyAmount,money,,19.0,4.0,YES,75
dbo,OrderTotals,QuantityLineNo,int,,10.0,0.0,NO,1
dbo,OrderTotals,JobNumber,varchar,20.0,,,NO,2
dbo,OrderTotals,EstimateNumber,varchar,20.0,,,YES,3
dbo,OrderTotals,Quantity,int,,10.0,0.0,YES,4
dbo,OrderTotals,EntryDate,datetime,,,,YES,5
dbo,OrderTotals,EntryTime,datetime,,,,YES,6
dbo,OrderTotals,RFQ,varchar,20.0,,,YES,7
dbo,OrderTotals,TotalPrice,money,,19.0,4.0,YES,8
dbo,OrderTotals,AddColorPrice,money,,19.0,4.0,YES,9
dbo,OrderTotals,AddColorMatPrice,money,,19.0,4.0,YES,10
dbo,OrderTotals,GridPrice,money,,19.0,4.0,YES,11
dbo,OrderTotals,CommissionAmount,money,,19.0,4.0,YES,12
dbo,OrderTotals,AddMPrice,money,,19.0,4.0,YES,13
dbo,OrderTotals,TaxAmountA,money,,19.0,4.0,YES,14
dbo,OrderTotals,TaxAmountB,money,,19.0,4.0,YES,15
dbo,OrderTotals,TaxAmountC,money,,19.0,4.0,YES,16
dbo,OrderTotals,TaxAmountD,money,,19.0,4.0,YES,17
dbo,OrderTotals,DiscountAmount,money,,19.0,4.0,YES,18
dbo,OrderTotals,CreateOpr,varchar,50.0,,,YES,19
dbo,OrderTotals,CreateDatim,datetime,,,,YES,20
dbo,OrderTotals,UpdateOpr,varchar,50.0,,,YES,21
dbo,OrderTotals,Updatedatim,datetime,,,,YES,22
dbo,OrderTotals,ID,bigint,,19.0,0.0,NO,23
dbo,OrderTotals,HeaderID,bigint,,19.0,0.0,YES,24
dbo,OrderUDFields,ID,int,,10.0,0.0,NO,1
dbo,OrderUDFields,JobNumber,varchar,20.0,,,YES,2
dbo,OrderUDFields,EstimateNumber,varchar,20.0,,,YES,3
dbo,OrderUDFields,ComponentNumber,smallint,,5.0,0.0,YES,4
dbo,OrderUDFields,FieldLabel,varchar,50.0,,,YES,5
dbo,OrderUDFields,FieldValue,varchar,100.0,,,YES,6
dbo,OrderUDFields,CreateOpr,varchar,50.0,,,YES,7
dbo,OrderUDFields,CreateDatim,datetime,,,,YES,8
dbo,OrderUDFields,UpdateOpr,varchar,50.0,,,YES,9
dbo,OrderUDFields,Updatedatim,datetime,,,,YES,10
dbo,OrderUDFields,ComponentID,bigint,,19.0,0.0,YES,11
dbo,OrderUDFields,FieldSequenceNumber,smallint,,5.0,0.0,YES,12
dbo,OrderUDFields,Section,varchar,50.0,,,NO,13
dbo,OrderUnitCost,JobNumber,varchar,20.0,,,NO,1
dbo,OrderUnitCost,ComponentNumber,smallint,,5.0,0.0,NO,2
dbo,OrderUnitCost,GroupNo,smallint,,5.0,0.0,NO,3
dbo,OrderUnitCost,ItemNumber,smallint,,5.0,0.0,NO,4
dbo,OrderUnitCost,PartNumber,smallint,,5.0,0.0,NO,5
dbo,OrderUnitCost,Quantity,int,,10.0,0.0,NO,6
dbo,OrderUnitCost,UnitCost,money,,19.0,4.0,YES,7
dbo,OrderUnitCost,MinimumCost,money,,19.0,4.0,YES,8
dbo,OrderUnitCost,Markup,real,,24.0,,YES,9
dbo,OrderUnitCost,EntryDate,datetime,,,,YES,10
dbo,OrderUnitCost,EntryTime,datetime,,,,YES,11
dbo,OrderUnitCost,Overs,int,,10.0,0.0,YES,12
dbo,OrderUnitCost,EstimateNumber,varchar,20.0,,,YES,13
dbo,OrderUnitCost,RFQ,varchar,20.0,,,YES,14
dbo,OrderUnitCost,UnitPriceOverride,money,,19.0,4.0,YES,15
dbo,OrderUnitCost,CreateOpr,varchar,50.0,,,YES,16
dbo,OrderUnitCost,CreateDatim,datetime,,,,YES,17
dbo,OrderUnitCost,UpdateOpr,varchar,50.0,,,YES,18
dbo,OrderUnitCost,Updatedatim,datetime,,,,YES,19
dbo,OrderUnitCost,QuantityOverride,int,,10.0,0.0,YES,20
dbo,OrderUnitCost,ID,bigint,,19.0,0.0,NO,21
dbo,OrderUnitCost,ProcessID,bigint,,19.0,0.0,YES,22
dbo,OrderValue,JobNumber,varchar,20.0,,,NO,1
dbo,OrderValue,ComponentNumber,smallint,,5.0,0.0,NO,2
dbo,OrderValue,GroupNo,smallint,,5.0,0.0,NO,3
dbo,OrderValue,ItemNumber,smallint,,5.0,0.0,NO,4
dbo,OrderValue,PartNumber,smallint,,5.0,0.0,NO,5
dbo,OrderValue,QuantityLineNo,smallint,,5.0,0.0,NO,6
dbo,OrderValue,ProductionQuantity,float,,53.0,,YES,7
dbo,OrderValue,MaterialQuantity,float,,53.0,,YES,8
dbo,OrderValue,ProductionMinutes,float,,53.0,,YES,9
dbo,OrderValue,ProductionTimeText,varchar,10.0,,,YES,10
dbo,OrderValue,ProductionCost,money,,19.0,4.0,YES,11
dbo,OrderValue,MaterialCost,money,,19.0,4.0,YES,12
dbo,OrderValue,OSCost,money,,19.0,4.0,YES,13
dbo,OrderValue,ProductionMarkup,real,,24.0,,YES,14
dbo,OrderValue,MaterialMarkup,real,,24.0,,YES,15
dbo,OrderValue,OSMarkup,real,,24.0,,YES,16
dbo,OrderValue,ProductionPrice,money,,19.0,4.0,YES,17
dbo,OrderValue,MaterialPrice,money,,19.0,4.0,YES,18
dbo,OrderValue,OSPrice,money,,19.0,4.0,YES,19
dbo,OrderValue,EntryDate,datetime,,,,YES,20
dbo,OrderValue,EntryTime,datetime,,,,YES,21
dbo,OrderValue,EstimateNumber,varchar,20.0,,,YES,22
dbo,OrderValue,RFQ,varchar,20.0,,,YES,23
dbo,OrderValue,UnitCost,money,,19.0,4.0,YES,24
dbo,OrderValue,AddColorCost,money,,19.0,4.0,YES,25
dbo,OrderValue,AddColorPrice,money,,19.0,4.0,YES,26
dbo,OrderValue,AddMCost,money,,19.0,4.0,YES,27
dbo,OrderValue,AddMPrice,money,,19.0,4.0,YES,28
dbo,OrderValue,StockPounds,float,,53.0,,YES,29
dbo,OrderValue,NetPounds,float,,53.0,,YES,30
dbo,OrderValue,RunSpeed,int,,10.0,0.0,YES,31
dbo,OrderValue,ProductionSpoilage,float,,53.0,,YES,32
dbo,OrderValue,MaterialSpoilage,float,,53.0,,YES,33
dbo,OrderValue,SideOneQuantity,float,,53.0,,YES,34
dbo,OrderValue,SideTwoQuantity,float,,53.0,,YES,35
dbo,OrderValue,SideOneSpeed,int,,10.0,0.0,YES,36
dbo,OrderValue,SideTwoSpeed,int,,10.0,0.0,YES,37
dbo,OrderValue,UserID,varchar,20.0,,,YES,38
dbo,OrderValue,AddColorMatCost,money,,19.0,4.0,YES,39
dbo,OrderValue,AddColorMatPrice,money,,19.0,4.0,YES,40
dbo,OrderValue,SeparateMaterialMarkup,smallint,,5.0,0.0,YES,41
dbo,OrderValue,SeparateProductionMarkup,smallint,,5.0,0.0,YES,42
dbo,OrderValue,Percentage,real,,24.0,,YES,43
dbo,OrderValue,GLAccount,varchar,50.0,,,YES,44
dbo,OrderValue,JobPercentage,real,,24.0,,YES,45
dbo,OrderValue,RollChanges,int,,10.0,0.0,YES,46
dbo,OrderValue,CreateOpr,varchar,50.0,,,YES,47
dbo,OrderValue,CreateDatim,datetime,,,,YES,48
dbo,OrderValue,UpdateOpr,varchar,50.0,,,YES,49
dbo,OrderValue,Updatedatim,datetime,,,,YES,50
dbo,OrderValue,DMProductionCost,money,,19.0,4.0,YES,51
dbo,OrderValue,GrossCount,real,,24.0,,YES,52
dbo,OrderValue,NetCount,real,,24.0,,YES,53
dbo,OrderValue,BinderyCount,real,,24.0,,YES,54
dbo,OrderValue,MRCount,real,,24.0,,YES,55
dbo,OrderValue,AIProductionCost,money,,19.0,4.0,YES,56
dbo,OrderValue,PlantID,varchar,3.0,,,YES,57
dbo,OrderValue,SpoilagePercentage,real,,24.0,,YES,58
dbo,OrderValue,InputQuantity,float,,53.0,,YES,59
dbo,OrderValue,OutputQuantity,float,,53.0,,YES,60
dbo,OrderValue,MRSpoilagePercentage,real,,24.0,,YES,61
dbo,OrderValue,MRSpoilage,float,,53.0,,YES,62
dbo,OrderValue,ClickCost,money,,19.0,4.0,YES,63
dbo,OrderValue,SetupMinutes,int,,10.0,0.0,YES,64
dbo,OrderValue,SpeedOverride,int,,10.0,0.0,YES,65
dbo,OrderValue,MRSpoilageOverride,int,,10.0,0.0,YES,66
dbo,OrderValue,RunSpoilageOverride,float,,53.0,,YES,67
dbo,OrderValue,ID,bigint,,19.0,0.0,NO,68
dbo,OrderValue,ProcessID,bigint,,19.0,0.0,YES,69
dbo,OrderValue,QtyTableID,bigint,,19.0,0.0,YES,70
dbo,OrderValue,GroupPercentage,real,,24.0,,YES,71
dbo,OrderValue,RoyaltyAmount,money,,19.0,4.0,YES,72
dbo,Package,PackageID,int,,10.0,0.0,NO,1
dbo,Package,ShipmentNumber,int,,10.0,0.0,YES,2
dbo,Package,Quantity,int,,10.0,0.0,YES,3
dbo,Package,Weight,real,,24.0,,YES,4
dbo,Package,FreightCost,money,,19.0,4.0,YES,5
dbo,Package,ShipMethod,varchar,5.0,,,YES,6
dbo,Package,ShipDate,datetime,,,,YES,7
dbo,Package,ComponentNumber,smallint,,5.0,0.0,YES,8
dbo,Package,StartNumber,bigint,,19.0,0.0,YES,9
dbo,Package,EndNumber,bigint,,19.0,0.0,YES,10
dbo,Package,TrackingNumber,varchar,50.0,,,YES,11
dbo,Package,EntryDate,datetime,,,,YES,12
dbo,Package,EntryTime,datetime,,,,YES,13
dbo,Package,JobNumber,varchar,20.0,,,YES,14
dbo,Package,NumberOfPackages,int,,10.0,0.0,YES,15
dbo,Package,Description,varchar,100.0,,,YES,16
dbo,Package,TotalQtyShipped,int,,10.0,0.0,YES,17
dbo,Package,OddPackageQty,int,,10.0,0.0,YES,18
dbo,Package,OddPackageWeight,real,,24.0,,YES,19
dbo,Package,PostageCost,money,,19.0,4.0,YES,20
dbo,Package,Comments,varchar,8000.0,,,YES,21
dbo,Package,CreateOpr,varchar,50.0,,,YES,22
dbo,Package,CreateDatim,datetime,,,,YES,23
dbo,Package,UpdateOpr,varchar,50.0,,,YES,24
dbo,Package,Updatedatim,datetime,,,,YES,25
dbo,Package,ShipViaService,varchar,5.0,,,YES,26
dbo,Package,ExcludeFromShippingTotalQty,smallint,,5.0,0.0,YES,27
dbo,Package,LocationCode,varchar,20.0,,,YES,28
dbo,Package,HandlingCost,money,,19.0,4.0,YES,29
dbo,Package,ExcludeFromInvoice,smallint,,5.0,0.0,YES,30
dbo,Package,ImageFileName,varchar,256.0,,,YES,31
dbo,Package,UserDefined1,varchar,100.0,,,YES,32
dbo,Package,UserDefined2,varchar,100.0,,,YES,33
dbo,Package,FreightOverrideAmount,money,,19.0,4.0,YES,34
dbo,Package,SequenceNumber,int,,10.0,0.0,YES,35
dbo,Package,EstimateNumber,varchar,20.0,,,YES,36
dbo,Package,EstimatedShippingWeight,real,,24.0,,YES,37
dbo,Package,EstimatedFreightCost,money,,19.0,4.0,YES,38
dbo,Package,EstimatedTransitTime,int,,10.0,0.0,YES,39
dbo,Package,EstimatedAccessorialCost,money,,19.0,4.0,YES,40
dbo,Package,EstimatedTotalFreightCost,money,,19.0,4.0,YES,41
dbo,Package,DeliveryDate,datetime,,,,YES,42
dbo,Package,GroupName,varchar,100.0,,,YES,43
dbo,Package,StartNumberText,varchar,100.0,,,YES,44
dbo,Package,EndNumberText,varchar,100.0,,,YES,45
dbo,Package,UserDefined3,varchar,100.0,,,YES,46
dbo,Package,UserDefined4,varchar,100.0,,,YES,47
dbo,Package,UserDefined5,varchar,100.0,,,YES,48
dbo,Package,SubsetQuantity,bigint,,19.0,0.0,YES,49
dbo,Package,SubsetDescription,varchar,100.0,,,YES,50
dbo,Package,SubsetComment,varchar,1000.0,,,YES,51
dbo,Package,CheckDigitFormulaCode,varchar,5.0,,,YES,52
dbo,Package,MissingNumbers,smallint,,5.0,0.0,YES,53
dbo,Package,UsableForms,smallint,,5.0,0.0,YES,54
dbo,Package,NumIncrement,int,,10.0,0.0,YES,55
dbo,Package,ExternalValue1,varchar,100.0,,,YES,56
dbo,Package,ExternalValue2,varchar,100.0,,,YES,57
dbo,Package,ExternalValue3,varchar,100.0,,,YES,58
dbo,Package,ShipTime,datetime,,,,YES,59
dbo,Package,DeliveryTime,datetime,,,,YES,60
dbo,Package,UserDefined6,varchar,100.0,,,YES,61
dbo,Package,UserDefined7,varchar,100.0,,,YES,62
dbo,Package,UserDefined8,varchar,100.0,,,YES,63
dbo,PackageContents,ID,int,,10.0,0.0,NO,1
dbo,PackageContents,PackageID,int,,10.0,0.0,YES,2
dbo,PackageContents,JobNumber,varchar,20.0,,,YES,3
dbo,PackageContents,EstimateNumber,varchar,20.0,,,YES,4
dbo,PackageContents,ComponentNumber,smallint,,5.0,0.0,YES,5
dbo,PackageContents,Quantity,int,,10.0,0.0,YES,6
dbo,PackageContents,ShipQuantity,int,,10.0,0.0,YES,7
dbo,PackageContents,Updatedatim,datetime,,,,YES,8
dbo,PackageContents,UpdateOpr,varchar,50.0,,,YES,9
dbo,PackageContents,Createdatim,datetime,,,,YES,10
dbo,PackageContents,CreateOpr,varchar,50.0,,,YES,11
dbo,PackageLotAssignments,ID,int,,10.0,0.0,NO,1
dbo,PackageLotAssignments,PackageID,int,,10.0,0.0,YES,2
dbo,PackageLotAssignments,OnHandCode,int,,10.0,0.0,YES,3
dbo,PackageLotAssignments,LocationCode,varchar,20.0,,,YES,4
dbo,PackageLotAssignments,LotNumber,varchar,50.0,,,YES,5
dbo,PackageLotAssignments,Quantity,float,,53.0,,YES,6
dbo,PackageLotAssignments,ItemNumber,int,,10.0,0.0,YES,7
dbo,PackageLotAssignments,CreateOpr,varchar,50.0,,,YES,8
dbo,PackageLotAssignments,CreateDatim,datetime,,,,YES,9
dbo,PackageLotAssignments,UpdateOpr,varchar,50.0,,,YES,10
dbo,PackageLotAssignments,UpdateDatim,datetime,,,,YES,11
dbo,PackageResetNumbering,PackageID,int,,10.0,0.0,NO,1
dbo,PackageResetNumbering,ResetNumber,int,,10.0,0.0,NO,2
dbo,PackageResetNumbering,StartingNumber,bigint,,19.0,0.0,YES,3
dbo,PackageResetNumbering,EndingNumber,bigint,,19.0,0.0,YES,4
dbo,PackageResetNumbering,StartingNumberText,varchar,100.0,,,YES,5
dbo,PackageResetNumbering,EndingNumbertext,varchar,100.0,,,YES,6
dbo,PackageResetNumbering,Prefix,varchar,5.0,,,YES,7
dbo,PackageResetNumbering,Suffix,varchar,5.0,,,YES,8
dbo,PackageResetNumbering,OddStartingNumber,bigint,,19.0,0.0,YES,9
dbo,PackageResetNumbering,OddEndingNumber,bigint,,19.0,0.0,YES,10
dbo,PackageResetNumbering,OddStartingNumberText,varchar,100.0,,,YES,11
dbo,PackageResetNumbering,OddEndingNumberText,varchar,100.0,,,YES,12
dbo,PackageResetNumbering,NumIncrement,int,,10.0,0.0,YES,13
dbo,PackageResetNumbering,TotalQty,int,,10.0,0.0,YES,14
dbo,PackageResetNumbering,QtyPerPackageCarton,int,,10.0,0.0,YES,15
dbo,PackageResetNumbering,FullCarton,int,,10.0,0.0,YES,16
dbo,PackageResetNumbering,OddQtyPerPackageCarton,int,,10.0,0.0,YES,17
dbo,PackageResetNumbering,CreateOpr,varchar,50.0,,,YES,18
dbo,PackageResetNumbering,CreateDatim,datetime,,,,YES,19
dbo,PackageResetNumbering,UpdateOpr,varchar,50.0,,,YES,20
dbo,PackageResetNumbering,UpdateDatim,datetime,,,,YES,21
dbo,PackageResetNumbering,ID,int,,10.0,0.0,NO,22
dbo,PasswordPolicy,ID,int,,10.0,0.0,NO,1
dbo,PasswordPolicy,MinimumPasswordLength,int,,10.0,0.0,YES,2
dbo,PasswordPolicy,MaximumPasswordAge,int,,10.0,0.0,YES,3
dbo,PasswordPolicy,MinimumPasswordAge,int,,10.0,0.0,YES,4
dbo,PasswordPolicy,MustContainUpperCase,smallint,,5.0,0.0,YES,5
dbo,PasswordPolicy,MustContainLowerCase,smallint,,5.0,0.0,YES,6
dbo,PasswordPolicy,MustContainDigits,smallint,,5.0,0.0,YES,7
dbo,PasswordPolicy,MustContainNonAlphebetic,smallint,,5.0,0.0,YES,8
dbo,PasswordPolicy,MustContainUnicode,smallint,,5.0,0.0,YES,9
dbo,PasswordPolicy,CreateOpr,varchar,50.0,,,YES,10
dbo,PasswordPolicy,CreateDatim,datetime,,,,YES,11
dbo,PasswordPolicy,UpdateOpr,varchar,50.0,,,YES,12
dbo,PasswordPolicy,UpdateDatim,datetime,,,,YES,13
dbo,PasswordPolicy,NumberOfPasswords,int,,10.0,0.0,YES,14
dbo,PaymentMethod,Code,varchar,5.0,,,NO,1
dbo,PaymentMethod,Description,varchar,50.0,,,YES,2
dbo,PaymentMethod,EntryDate,datetime,,,,YES,3
dbo,PaymentMethod,EntryTime,datetime,,,,YES,4
dbo,PaymentMethod,CreateOpr,varchar,50.0,,,YES,5
dbo,PaymentMethod,CreateDatim,datetime,,,,YES,6
dbo,PaymentMethod,UpdateOpr,varchar,50.0,,,YES,7
dbo,PaymentMethod,Updatedatim,datetime,,,,YES,8
dbo,PaymentMethod,RecordType,varchar,1.0,,,YES,9
dbo,PaymentMethod,OnLineDescription,varchar,50.0,,,YES,10
dbo,PaymentMethod,JDFExport,smallint,,5.0,0.0,YES,11
dbo,PaymentMethod,ConversionRate,real,,24.0,,YES,12
dbo,PaymentMethod,ComponentType,varchar,20.0,,,YES,13
dbo,PaymentMethod,TemplateType,smallint,,5.0,0.0,YES,14
dbo,PaymentMethod,PlantID,varchar,5.0,,,YES,15
dbo,PaymentMethod,CurrencySymbol,varchar,1.0,,,YES,16
dbo,PaymentMethod,MerchantID,varchar,50.0,,,YES,17
dbo,PODropShip,PONumber,varchar,50.0,,,NO,1
dbo,PODropShip,DropShipNo,smallint,,5.0,0.0,NO,2
dbo,PODropShip,ShipAccount,varchar,50.0,,,YES,3
dbo,PODropShip,ShipName,varchar,50.0,,,YES,4
dbo,PODropShip,ShipAddress1,varchar,50.0,,,YES,5
dbo,PODropShip,ShipAddress2,varchar,50.0,,,YES,6
dbo,PODropShip,ShipCity,varchar,50.0,,,YES,7
dbo,PODropShip,ShipState,varchar,3.0,,,YES,8
dbo,PODropShip,ShipZip,varchar,10.0,,,YES,9
dbo,PODropShip,ShipContact,varchar,50.0,,,YES,10
dbo,PODropShip,ShipPhone,varchar,30.0,,,YES,11
dbo,PODropShip,ShipFax,varchar,30.0,,,YES,12
dbo,PODropShip,EntryDate,datetime,,,,YES,13
dbo,PODropShip,EntryTime,datetime,,,,YES,14
dbo,PODropShip,ShipCountry,varchar,50.0,,,YES,15
dbo,PODropShip,CreateOpr,varchar,50.0,,,YES,16
dbo,PODropShip,CreateDatim,datetime,,,,YES,17
dbo,PODropShip,UpdateOpr,varchar,50.0,,,YES,18
dbo,PODropShip,Updatedatim,datetime,,,,YES,19
dbo,PODropShip,ShipContactID,int,,10.0,0.0,YES,20
dbo,POHeader,PONumber,varchar,50.0,,,NO,1
dbo,POHeader,VendorID,varchar,20.0,,,YES,2
dbo,POHeader,POAgent,varchar,30.0,,,YES,3
dbo,POHeader,POStatus,varchar,10.0,,,YES,4
dbo,POHeader,IssueDate,datetime,,,,YES,5
dbo,POHeader,ShipViaCode,varchar,5.0,,,YES,6
dbo,POHeader,InvoiceNumber,varchar,20.0,,,YES,7
dbo,POHeader,InvoiceDate,datetime,,,,YES,8
dbo,POHeader,EntryDate,datetime,,,,YES,9
dbo,POHeader,EntryTime,datetime,,,,YES,10
dbo,POHeader,Comments,varchar,2000.0,,,YES,11
dbo,POHeader,VendorContact,varchar,50.0,,,YES,12
dbo,POHeader,AccountingTransfer,smallint,,5.0,0.0,YES,13
dbo,POHeader,PostingDate,datetime,,,,YES,14
dbo,POHeader,PostingError,int,,10.0,0.0,YES,15
dbo,POHeader,UserName,varchar,50.0,,,YES,16
dbo,POHeader,CompanyID,varchar,5.0,,,YES,17
dbo,POHeader,MComments,text,2147483647.0,,,YES,18
dbo,POHeader,BWName,varchar,50.0,,,YES,19
dbo,POHeader,PlantID,varchar,3.0,,,YES,20
dbo,POHeader,CreateOpr,varchar,50.0,,,YES,21
dbo,POHeader,CreateDatim,datetime,,,,YES,22
dbo,POHeader,UpdateOpr,varchar,50.0,,,YES,23
dbo,POHeader,Updatedatim,datetime,,,,YES,24
dbo,POHeader,POSent,smallint,,5.0,0.0,YES,25
dbo,POHeader,ShipViaService,varchar,5.0,,,YES,26
dbo,POHeader,UserDefined1,varchar,50.0,,,YES,27
dbo,POHeader,UserDefined2,varchar,50.0,,,YES,28
dbo,POHeader,QBCompany,varchar,50.0,,,YES,29
dbo,POHeader,XpedxPOStatus,varchar,50.0,,,YES,30
dbo,POHeader,XpedxPOComments,varchar,1000.0,,,YES,31
dbo,POHeader,XpedxPOXMLFile,text,2147483647.0,,,YES,32
dbo,POHeader,CustAccount,varchar,50.0,,,YES,33
dbo,POHeader,PostageRequest,smallint,,5.0,0.0,YES,34
dbo,POHeader,VendorContactID,int,,10.0,0.0,YES,35
dbo,POHeader,SecondaryVendorID,varchar,20.0,,,YES,36
dbo,POHeader,CurrencyCode,varchar,5.0,,,YES,37
dbo,POHeader,ExchangeRate,real,,24.0,,YES,38
dbo,POImage,ImageID,int,,10.0,0.0,NO,1
dbo,POImage,PONumber,varchar,50.0,,,YES,2
dbo,POImage,POImage,image,2147483647.0,,,YES,3
dbo,POImage,FileName,varchar,256.0,,,YES,4
dbo,POImage,FileType,varchar,50.0,,,YES,5
dbo,POImage,FileSize,int,,10.0,0.0,YES,6
dbo,POImage,Createdatim,datetime,,,,YES,7
dbo,POImage,CreateOpr,varchar,50.0,,,YES,8
dbo,POImage,ImageTypeCode,varchar,5.0,,,YES,9
dbo,POImage,Comments,varchar,2000.0,,,YES,10
dbo,POLineItem,PONumber,varchar,50.0,,,NO,1
dbo,POLineItem,ItemNumber,smallint,,5.0,0.0,NO,2
dbo,POLineItem,MaterialCode,varchar,50.0,,,YES,3
dbo,POLineItem,Quantity,float,,53.0,,YES,4
dbo,POLineItem,UnitCost,decimal,,38.0,8.0,YES,5
dbo,POLineItem,ExtendedCost,money,,19.0,4.0,YES,6
dbo,POLineItem,DueDate,datetime,,,,YES,7
dbo,POLineItem,ProductID,varchar,20.0,,,YES,8
dbo,POLineItem,JobNumber,varchar,20.0,,,YES,9
dbo,POLineItem,ComponentNumber,smallint,,5.0,0.0,YES,10
dbo,POLineItem,Description,varchar,1000.0,,,YES,11
dbo,POLineItem,Color,varchar,20.0,,,YES,12
dbo,POLineItem,BWT,float,,53.0,,YES,13
dbo,POLineItem,Caliper,real,,24.0,,YES,14
dbo,POLineItem,Width,real,,24.0,,YES,15
dbo,POLineItem,Length,real,,24.0,,YES,16
dbo,POLineItem,Height,real,,24.0,,YES,17
dbo,POLineItem,MWT,real,,24.0,,YES,18
dbo,POLineItem,CubicWeight,real,,24.0,,YES,19
dbo,POLineItem,UnitDescription,varchar,30.0,,,YES,20
dbo,POLineItem,UnitDescription2,varchar,15.0,,,YES,21
dbo,POLineItem,CostingMethod,smallint,,5.0,0.0,YES,22
dbo,POLineItem,EntryDate,datetime,,,,YES,23
dbo,POLineItem,EntryTime,datetime,,,,YES,24
dbo,POLineItem,GLAccount,varchar,50.0,,,YES,25
dbo,POLineItem,GLSubAccount,varchar,24.0,,,YES,26
dbo,POLineItem,Comments,varchar,2000.0,,,YES,27
dbo,POLineItem,LineItemType,smallint,,5.0,0.0,YES,28
dbo,POLineItem,FixedQuantity,float,,53.0,,YES,29
dbo,POLineItem,FixedUnitCost,decimal,,38.0,8.0,YES,30
dbo,POLineItem,RequisitionCode,int,,10.0,0.0,YES,31
dbo,POLineItem,SBS,real,,24.0,,YES,32
dbo,POLineItem,MComments,text,2147483647.0,,,YES,33
dbo,POLineItem,InvoiceNumber,varchar,20.0,,,YES,34
dbo,POLineItem,InvoiceDate,datetime,,,,YES,35
dbo,POLineItem,CostCode,varchar,5.0,,,YES,36
dbo,POLineItem,SlitRolls1,smallint,,5.0,0.0,YES,37
dbo,POLineItem,SlitRolls2,smallint,,5.0,0.0,YES,38
dbo,POLineItem,SlitRolls3,smallint,,5.0,0.0,YES,39
dbo,POLineItem,SlitRolls4,smallint,,5.0,0.0,YES,40
dbo,POLineItem,SlitRolls5,smallint,,5.0,0.0,YES,41
dbo,POLineItem,SlitRolls6,smallint,,5.0,0.0,YES,42
dbo,POLineItem,SlitRollWidth1,real,,24.0,,YES,43
dbo,POLineItem,SlitRollWidth2,real,,24.0,,YES,44
dbo,POLineItem,SlitRollWidth3,real,,24.0,,YES,45
dbo,POLineItem,SlitRollWidth4,real,,24.0,,YES,46
dbo,POLineItem,SlitRollWidth5,real,,24.0,,YES,47
dbo,POLineItem,SlitRollWidth6,real,,24.0,,YES,48
dbo,POLineItem,CreateOpr,varchar,50.0,,,YES,49
dbo,POLineItem,CreateDatim,datetime,,,,YES,50
dbo,POLineItem,UpdateOpr,varchar,50.0,,,YES,51
dbo,POLineItem,Updatedatim,datetime,,,,YES,52
dbo,POLineItem,TaxJurisdiction,varchar,5.0,,,YES,53
dbo,POLineItem,TaxAmount,money,,19.0,4.0,YES,54
dbo,POLineItem,DieNumber,varchar,50.0,,,YES,55
dbo,POLineItem,NoDueDate,smallint,,5.0,0.0,YES,56
dbo,POLineItem,LocationCode,varchar,20.0,,,YES,57
dbo,POLineItem,GLCOGAccount,varchar,50.0,,,YES,58
dbo,POLineItem,UserDefined1,varchar,50.0,,,YES,59
dbo,POLineItem,UserDefined2,varchar,50.0,,,YES,60
dbo,POLineItem,XpedxPOStatus,varchar,50.0,,,YES,61
dbo,POLineItem,XpedxPOComments,varchar,1000.0,,,YES,62
dbo,POLineItem,ElectronicPOStatus,varchar,100.0,,,YES,63
dbo,POLineItem,ElectronicPOComments,varchar,2000.0,,,YES,64
dbo,POLineItem,ManufacturerItemNumber,varchar,50.0,,,YES,65
dbo,POLineItem,RollWeight,real,,24.0,,YES,66
dbo,POLineItem,GLWIPCode,varchar,50.0,,,YES,67
dbo,POLineItem,SupplierEstimateNumber,varchar,50.0,,,YES,68
dbo,POLineItem,UnitCostForeign,money,,19.0,4.0,YES,69
dbo,POLineItem,ExtendedCostForeign,money,,19.0,4.0,YES,70
dbo,POLineItem,CurrencyCode,varchar,5.0,,,YES,71
dbo,POLineItem,ExchangeRate,real,,24.0,,YES,72
dbo,POLineItem,FixedUnitCostForeign,money,,19.0,4.0,YES,73
dbo,POReceipt,ReceiptNumber,int,,10.0,0.0,NO,1
dbo,POReceipt,PONumber,varchar,50.0,,,YES,2
dbo,POReceipt,ItemNumber,smallint,,5.0,0.0,YES,3
dbo,POReceipt,Quantity,float,,53.0,,YES,4
dbo,POReceipt,ReceiveDate,datetime,,,,YES,5
dbo,POReceipt,UnitCost,decimal,,38.0,8.0,YES,6
dbo,POReceipt,MiscCost,money,,19.0,4.0,YES,7
dbo,POReceipt,ExtendedCost,money,,19.0,4.0,YES,8
dbo,POReceipt,JobNumber,varchar,20.0,,,YES,9
dbo,POReceipt,LocationCode,varchar,20.0,,,YES,10
dbo,POReceipt,EntryDate,datetime,,,,YES,11
dbo,POReceipt,EntryTime,datetime,,,,YES,12
dbo,POReceipt,Width,real,,24.0,,YES,13
dbo,POReceipt,RollID,varchar,100.0,,,YES,14
dbo,POReceipt,Comments,varchar,2000.0,,,YES,15
dbo,POReceipt,InvoiceNumber,varchar,25.0,,,YES,16
dbo,POReceipt,InvoiceDate,datetime,,,,YES,17
dbo,POReceipt,RollLength,real,,24.0,,YES,18
dbo,POReceipt,CreateOpr,varchar,50.0,,,YES,19
dbo,POReceipt,CreateDatim,datetime,,,,YES,20
dbo,POReceipt,UpdateOpr,varchar,50.0,,,YES,21
dbo,POReceipt,Updatedatim,datetime,,,,YES,22
dbo,POReceipt,TaxAmount,money,,19.0,4.0,YES,23
dbo,POReceipt,PostedToGL,smallint,,5.0,0.0,YES,24
dbo,POReceipt,GLCloseOut,smallint,,5.0,0.0,YES,25
dbo,POReceipt,PalletCode,varchar,20.0,,,YES,26
dbo,POReceipt,Returned,smallint,,5.0,0.0,YES,27
dbo,POReceipt,FreightCost,money,,19.0,4.0,YES,28
dbo,POReceipt,RollWidth,float,,53.0,,YES,29
dbo,POReceipt,RollWeight,float,,53.0,,YES,30
dbo,POReceipt,ReturnedQuantity,float,,53.0,,YES,31
dbo,POReceipt,PlaceInConsignment,smallint,,5.0,0.0,YES,32
dbo,POReceipt,LotNumber,varchar,50.0,,,YES,33
dbo,POReceipt,PalletSequenceNumber,int,,10.0,0.0,YES,34
dbo,PowerBIAccess,ID,int,,10.0,0.0,NO,1
dbo,PowerBIAccess,EPMSLogInName,varchar,50.0,,,YES,2
dbo,PowerBIAccess,PowerBIEmail,varchar,100.0,,,YES,3
dbo,PowerBIAccess,ReportID,uniqueidentifier,,,,YES,4
dbo,PowerBIAccess,ReportType,int,,10.0,0.0,YES,5
dbo,PowerBIAccess,ReportDescription,varchar,50.0,,,YES,6
dbo,PowerBIAccess,CreateOpr,varchar,50.0,,,YES,7
dbo,PowerBIAccess,CreateDatim,datetime,,,,YES,8
dbo,PowerBIAccess,UpdateOpr,varchar,50.0,,,YES,9
dbo,PowerBIAccess,Updatedatim,datetime,,,,YES,10
dbo,PowerBIOptions,EPMSLogInName,varchar,50.0,,,NO,1
dbo,PowerBIOptions,EPMSPowerBIService,varchar,255.0,,,YES,2
dbo,PowerBIOptions,AzureAuthorizationEndpoint,varchar,255.0,,,YES,3
dbo,PowerBIOptions,PowerBiServiceResourceUri,varchar,255.0,,,YES,4
dbo,PowerBIOptions,PowerBiServiceRootUrl,varchar,255.0,,,YES,5
dbo,PowerBIOptions,RedirectUri,varchar,255.0,,,YES,6
dbo,PowerBIOptions,RestUrlWorkspaces,varchar,255.0,,,YES,7
dbo,PowerBIOptions,RestUrlDatasets,varchar,255.0,,,YES,8
dbo,PowerBIOptions,RestUrlReports,varchar,255.0,,,YES,9
dbo,PowerBIOptions,RestUrlImports,varchar,255.0,,,YES,10
dbo,PowerBIOptions,ClientID,uniqueidentifier,,,,YES,11
dbo,PowerBIOptions,WorkspaceID,uniqueidentifier,,,,YES,12
dbo,PowerBIOptions,ClientSecret,varchar,255.0,,,YES,13
dbo,PowerBIOptions,TenantID,uniqueidentifier,,,,YES,14
dbo,PowerBIOptions,UserName,varchar,100.0,,,YES,15
dbo,PowerBIOptions,Password,varchar,50.0,,,YES,16
dbo,PowerBIOptions,CreateOpr,varchar,50.0,,,YES,17
dbo,PowerBIOptions,CreateDatim,datetime,,,,YES,18
dbo,PowerBIOptions,UpdateOpr,varchar,50.0,,,YES,19
dbo,PowerBIOptions,Updatedatim,datetime,,,,YES,20
dbo,PressComparison,ID,int,,10.0,0.0,NO,1
dbo,PressComparison,UserID,varchar,100.0,,,YES,2
dbo,PressComparison,Quantity,int,,10.0,0.0,YES,3
dbo,PressComparison,PressNumber,smallint,,5.0,0.0,YES,4
dbo,PressComparison,RunMethod,varchar,20.0,,,YES,5
dbo,PressComparison,PressCode,int,,10.0,0.0,YES,6
dbo,PressComparison,PressDescription,varchar,50.0,,,YES,7
dbo,PressComparison,PressSize,varchar,23.0,,,YES,8
dbo,PressComparison,ParentSize,varchar,23.0,,,YES,9
dbo,PressComparison,PressOuts,smallint,,5.0,0.0,YES,10
dbo,PressComparison,ParentOuts,smallint,,5.0,0.0,YES,11
dbo,PressComparison,StockQuantity,float,,53.0,,YES,12
dbo,PressComparison,PlateQuantity,float,,53.0,,YES,13
dbo,PressComparison,WashupQuantity,float,,53.0,,YES,14
dbo,PressComparison,MRQuantity,float,,53.0,,YES,15
dbo,PressComparison,PressQuantity,float,,53.0,,YES,16
dbo,PressComparison,PressSpeed,int,,10.0,0.0,YES,17
dbo,PressComparison,PressHours,float,,53.0,,YES,18
dbo,PressComparison,MRHours,float,,53.0,,YES,19
dbo,PressComparison,WashupHours,float,,53.0,,YES,20
dbo,PressComparison,PlateHours,float,,53.0,,YES,21
dbo,PressComparison,TotalPressHours,float,,53.0,,YES,22
dbo,PressComparison,PressCost,money,,19.0,4.0,YES,23
dbo,PressComparison,MRCost,money,,19.0,4.0,YES,24
dbo,PressComparison,WashupCost,money,,19.0,4.0,YES,25
dbo,PressComparison,PlateCost,money,,19.0,4.0,YES,26
dbo,PressComparison,PlateMatlCost,money,,19.0,4.0,YES,27
dbo,PressComparison,StockCost,money,,19.0,4.0,YES,28
dbo,PressComparison,InkCost,money,,19.0,4.0,YES,29
dbo,PressComparison,TotalCost,money,,19.0,4.0,YES,30
dbo,PressComparison,TotalPressCost,money,,19.0,4.0,YES,31
dbo,PressComparison,PressWidth,real,,24.0,,YES,32
dbo,PressComparison,PressLength,real,,24.0,,YES,33
dbo,PressComparison,CreateOpr,varchar,50.0,,,YES,34
dbo,PressComparison,CreateDatim,datetime,,,,YES,35
dbo,PressComparison,UpdateOpr,varchar,50.0,,,YES,36
dbo,PressComparison,Updatedatim,datetime,,,,YES,37
dbo,PressComparison,StockCode,varchar,50.0,,,YES,38
dbo,PressComparison,ParentWidth,real,,24.0,,YES,39
dbo,PressComparison,ParentLength,real,,24.0,,YES,40
dbo,PrintableCatalog,CatalogID,varchar,50.0,,,NO,1
dbo,PrintableCatalog,EnterpriseTemplateCode,varchar,50.0,,,YES,2
dbo,PrintableCatalog,Description,varchar,100.0,,,YES,3
dbo,PrintableCatalog,CreateOpr,varchar,50.0,,,YES,4
dbo,PrintableCatalog,CreateDatim,datetime,,,,YES,5
dbo,PrintableCatalog,UpdateOpr,varchar,50.0,,,YES,6
dbo,PrintableCatalog,UpdateDatim,datetime,,,,YES,7
dbo,PrintableCatalog,JobNumber,varchar,20.0,,,YES,8
dbo,PrintableCatalog,FinishedGood,smallint,,5.0,0.0,YES,9
dbo,Process,ProcessCode,int,,10.0,0.0,NO,1
dbo,Process,MultiSide,bit,,,,YES,2
dbo,Process,Pockets,smallint,,5.0,0.0,YES,3
dbo,Process,Percentage,smallint,,5.0,0.0,YES,4
dbo,Process,RepsPerPass,smallint,,5.0,0.0,YES,5
dbo,Process,RepDescription,varchar,10.0,,,YES,6
dbo,Process,CycleDescription,varchar,10.0,,,YES,7
dbo,Process,PrintOnQuote,bit,,,,YES,8
dbo,Process,PocketSetup,real,,24.0,,YES,9
dbo,Process,SheetSpoilage,int,,10.0,0.0,YES,10
dbo,Process,PressType,varchar,15.0,,,YES,11
dbo,Process,RushMarkup,real,,24.0,,YES,12
dbo,Process,InkUnits,smallint,,5.0,0.0,YES,13
dbo,Process,Perfector,bit,,,,YES,14
dbo,Process,PerfectorColors,smallint,,5.0,0.0,YES,15
dbo,Process,MultiPass,bit,,,,YES,16
dbo,Process,SideGuide,real,,24.0,,YES,17
dbo,Process,CycleInches,real,,24.0,,YES,18
dbo,Process,Length,real,,24.0,,YES,19
dbo,Process,UnitsPerCycle,int,,10.0,0.0,YES,20
dbo,Process,SeparateMarkup,bit,,,,YES,21
dbo,Process,EntryTime,datetime,,,,YES,22
dbo,Process,EntryDate,datetime,,,,YES,23
dbo,Process,PocketSlowdown,real,,24.0,,YES,24
dbo,Process,PlateCode,int,,10.0,0.0,YES,25
dbo,Process,PlateLife,int,,10.0,0.0,YES,26
dbo,Process,AddBurn,int,,10.0,0.0,YES,27
dbo,Process,UnitCost,money,,19.0,4.0,YES,28
dbo,Process,CalcMethod,smallint,,5.0,0.0,YES,29
dbo,Process,Chargeable,bit,,,,YES,30
dbo,Process,Payable,bit,,,,YES,31
dbo,Process,RequireJobNo,bit,,,,YES,32
dbo,Process,Miscellaneous,bit,,,,YES,33
dbo,Process,Gripper,real,,24.0,,YES,34
dbo,Process,Setup2,real,,24.0,,YES,35
dbo,Process,DieMR,int,,10.0,0.0,YES,36
dbo,Process,SpoilageTable,varchar,5.0,,,YES,37
dbo,Process,SpeedTable,varchar,5.0,,,YES,38
dbo,Process,Minimum,money,,19.0,4.0,YES,39
dbo,Process,DMOvertimeRate,money,,19.0,4.0,YES,40
dbo,Process,DMNormalRate,money,,19.0,4.0,YES,41
dbo,Process,AddBurnMaterial,bit,,,,YES,42
dbo,Process,NormalRate,money,,19.0,4.0,YES,43
dbo,Process,DefaultMarkup,real,,24.0,,YES,44
dbo,Process,Setup1,real,,24.0,,YES,45
dbo,Process,Speed2,real,,24.0,,YES,46
dbo,Process,Speed1,real,,24.0,,YES,47
dbo,Process,Description,varchar,100.0,,,YES,48
dbo,Process,CostCenterCode,int,,10.0,0.0,YES,49
dbo,Process,Option1,bit,,,,YES,50
dbo,Process,OvertimeRate,money,,19.0,4.0,YES,51
dbo,Process,RollWaste,int,,10.0,0.0,YES,52
dbo,Process,MRProcessCode,int,,10.0,0.0,YES,53
dbo,Process,WashProcessCode,int,,10.0,0.0,YES,54
dbo,Process,Setup3,real,,24.0,,YES,55
dbo,Process,TurningBar,bit,,,,YES,56
dbo,Process,UnitDescription,varchar,10.0,,,YES,57
dbo,Process,Helper,bit,,,,YES,58
dbo,Process,Width,real,,24.0,,YES,59
dbo,Process,RollChange,real,,24.0,,YES,60
dbo,Process,WTNTime,smallint,,5.0,0.0,YES,61
dbo,Process,HelperCode,int,,10.0,0.0,YES,62
dbo,Process,BatchMatOnly,bit,,,,YES,63
dbo,Process,UseGrid,bit,,,,YES,64
dbo,Process,InkMinimum,real,,24.0,,YES,65
dbo,Process,RequireCompletion,bit,,,,YES,66
dbo,Process,RequireDieNumber,bit,,,,YES,67
dbo,Process,JobCostByUnit,bit,,,,YES,68
dbo,Process,CostCenterType,varchar,2.0,,,YES,69
dbo,Process,Originals1,int,,10.0,0.0,YES,70
dbo,Process,Originals2,int,,10.0,0.0,YES,71
dbo,Process,Originals3,int,,10.0,0.0,YES,72
dbo,Process,Originals4,int,,10.0,0.0,YES,73
dbo,Process,Originals5,int,,10.0,0.0,YES,74
dbo,Process,Originals6,int,,10.0,0.0,YES,75
dbo,Process,PocketsPerHelper,smallint,,5.0,0.0,YES,76
dbo,Process,SetupSpoilage,smallint,,5.0,0.0,YES,77
dbo,Process,TimeMeasurement,smallint,,5.0,0.0,YES,78
dbo,Process,BindAllDefault,smallint,,5.0,0.0,YES,79
dbo,Process,UseSpineThickness,smallint,,5.0,0.0,YES,80
dbo,Process,Comments,varchar,2000.0,,,YES,81
dbo,Process,MultiplyByInks,smallint,,5.0,0.0,YES,82
dbo,Process,ExcludeFromAddM,smallint,,5.0,0.0,YES,83
dbo,Process,CreateOpr,varchar,50.0,,,YES,84
dbo,Process,CreateDatim,datetime,,,,YES,85
dbo,Process,UpdateOpr,varchar,50.0,,,YES,86
dbo,Process,Updatedatim,datetime,,,,YES,87
dbo,Process,MaxInkSide1,smallint,,5.0,0.0,YES,88
dbo,Process,MaxInkSide2,smallint,,5.0,0.0,YES,89
dbo,Process,VendorID,varchar,20.0,,,YES,90
dbo,Process,UserDefined1,varchar,50.0,,,YES,91
dbo,Process,UserDefined2,varchar,50.0,,,YES,92
dbo,Process,UserDefined3,varchar,50.0,,,YES,93
dbo,Process,UserDefined4,varchar,50.0,,,YES,94
dbo,Process,UserDefined5,varchar,50.0,,,YES,95
dbo,Process,MultiplyByPlates,smallint,,5.0,0.0,YES,96
dbo,Process,UsePressSheetOption,smallint,,5.0,0.0,YES,97
dbo,Process,Option2,smallint,,5.0,0.0,YES,98
dbo,Process,MandatoryQtyJC,smallint,,5.0,0.0,YES,99
dbo,Process,MinimumWidth,real,,24.0,,YES,100
dbo,Process,MinimumLength,real,,24.0,,YES,101
dbo,Process,UseLabelsPerRoll,smallint,,5.0,0.0,YES,102
dbo,Process,RFQDescription,varchar,100.0,,,YES,103
dbo,Process,DefaultHelpers,smallint,,5.0,0.0,YES,104
dbo,Process,MComments,text,2147483647.0,,,YES,105
dbo,Process,GRCompleteOption,smallint,,5.0,0.0,YES,106
dbo,Process,PortraitPress,smallint,,5.0,0.0,YES,107
dbo,Process,DoublePlatedWeb,smallint,,5.0,0.0,YES,108
dbo,Process,UseGridAndRate,smallint,,5.0,0.0,YES,109
dbo,Process,QuickSelectOption,smallint,,5.0,0.0,YES,110
dbo,Process,SeparateClickCost,smallint,,5.0,0.0,YES,111
dbo,Process,UseJobQuantity,smallint,,5.0,0.0,YES,112
dbo,Process,DontAllowJobNumber,smallint,,5.0,0.0,YES,113
dbo,Process,FlexoPitch,varchar,20.0,,,YES,114
dbo,Process,UsePageCount,smallint,,5.0,0.0,YES,115
dbo,Process,JDFBindDescription,varchar,50.0,,,YES,116
dbo,Process,JDFFoldDescription,varchar,50.0,,,YES,117
dbo,Process,MultiplyBySignature,smallint,,5.0,0.0,YES,118
dbo,Process,TrackPostage,smallint,,5.0,0.0,YES,119
dbo,Process,ExcludeBlankSheets,smallint,,5.0,0.0,YES,120
dbo,Process,UseEffectiveLots,smallint,,5.0,0.0,YES,121
dbo,Process,ExcludeHelperFromMR,smallint,,5.0,0.0,YES,122
dbo,Process,InPlantDays,int,,10.0,0.0,YES,123
dbo,Process,UsePlateSize,smallint,,5.0,0.0,YES,124
dbo,Process,MoveableSideGuide,smallint,,5.0,0.0,YES,125
dbo,Process,DCQuantityDescription,varchar,100.0,,,YES,126
dbo,Process,WIPRate,money,,19.0,4.0,YES,127
dbo,Process,ExcludeFromPressComparison,smallint,,5.0,0.0,YES,128
dbo,Process,WarnIfSkippedInDataCollect,smallint,,5.0,0.0,YES,129
dbo,Process,RollRewindChangeTime,float,,53.0,,YES,130
dbo,Process,RollRewindChangeWaste,int,,10.0,0.0,YES,131
dbo,Process,MultiplyRewindByNumberAcross,bit,,,,YES,132
dbo,Process,DefaultRewindDiameter,real,,24.0,,YES,133
dbo,Process,DefaultCoreDiameter,real,,24.0,,YES,134
dbo,Process,MaxRewindDiameter,real,,24.0,,YES,135
dbo,Process,MaxCoreDiameter,real,,24.0,,YES,136
dbo,Process,IsRewindRollsProcess,bit,,,,YES,137
dbo,Process,UsePressRWRollChange,bit,,,,YES,138
dbo,Process,WTSpoilage,int,,10.0,0.0,YES,139
dbo,Process,MinimumCaliper,real,,24.0,,YES,140
dbo,Process,MaximumCaliper,real,,24.0,,YES,141
dbo,Process,IncludeInGangRun,smallint,,5.0,0.0,YES,142
dbo,Process,MultiplyByForms,smallint,,5.0,0.0,YES,143
dbo,Process,MultiplyByLotsxSides,smallint,,5.0,0.0,YES,144
dbo,Process,CopyPressHours,smallint,,5.0,0.0,YES,145
dbo,Process,AutoCalcCuts,smallint,,5.0,0.0,YES,146
dbo,Process,MaxUVInks,int,,10.0,0.0,YES,147
dbo,Process,CollatorType,varchar,20.0,,,YES,148
dbo,Process,DefaultProductionEdge,varchar,10.0,,,YES,149
dbo,Process,SensorCylinderSize,real,,24.0,,YES,150
dbo,Process,SensorCylinderMaxSizeAround,real,,24.0,,YES,151
dbo,Process,UserDefined6,varchar,50.0,,,YES,152
dbo,Process,UserDefined7,varchar,50.0,,,YES,153
dbo,Process,UserDefined8,varchar,50.0,,,YES,154
dbo,Process,UserDefined9,varchar,50.0,,,YES,155
dbo,Process,UserDefined10,varchar,50.0,,,YES,156
dbo,Process,MinimumRunLength,int,,10.0,0.0,YES,157
dbo,Process,MaximumRunLength,int,,10.0,0.0,YES,158
dbo,Process,CutterType,varchar,20.0,,,YES,159
dbo,Process,DefaultMaterialCategory,varchar,10.0,,,YES,160
dbo,Process,UseGridForFreightCalculations,smallint,,5.0,0.0,YES,161
dbo,Process,IsInActive,smallint,,5.0,0.0,YES,162
dbo,Process,JobCostByUnitAndRate,bit,,,,YES,163
dbo,Process,BaseSpeedFormula,varchar,50.0,,,YES,164
dbo,Process,MRSpoilageByLength,smallint,,5.0,0.0,YES,165
dbo,Process,DontRoundProdQty,smallint,,5.0,0.0,YES,166
dbo,ProcessAutoCut,ID,int,,10.0,0.0,NO,1
dbo,ProcessAutoCut,ProcessCode,int,,10.0,0.0,YES,2
dbo,ProcessAutoCut,NumberOut,smallint,,5.0,0.0,YES,3
dbo,ProcessAutoCut,Bleed,smallint,,5.0,0.0,YES,4
dbo,ProcessAutoCut,NumberOfCuts,smallint,,5.0,0.0,YES,5
dbo,ProcessAutoCut,LayoutTemplateCode,varchar,50.0,,,YES,6
dbo,ProcessAutoCut,CreateOpr,varchar,50.0,,,YES,7
dbo,ProcessAutoCut,CreateDatim,datetime,,,,YES,8
dbo,ProcessAutoCut,UpdateOpr,varchar,50.0,,,YES,9
dbo,ProcessAutoCut,Updatedatim,datetime,,,,YES,10
dbo,ProcessMaterial,ProcessCode,int,,10.0,0.0,NO,1
dbo,ProcessMaterial,MaterialCode,varchar,50.0,,,NO,2
dbo,ProcessMaterial,Quantity,float,,53.0,,YES,3
dbo,ProcessMaterial,EntryDate,datetime,,,,YES,4
dbo,ProcessMaterial,EntryTime,datetime,,,,YES,5
dbo,ProcessMaterial,CreateOpr,varchar,50.0,,,YES,6
dbo,ProcessMaterial,CreateDatim,datetime,,,,YES,7
dbo,ProcessMaterial,UpdateOpr,varchar,50.0,,,YES,8
dbo,ProcessMaterial,Updatedatim,datetime,,,,YES,9
dbo,ProcessMaterial,CategoryCode,varchar,10.0,,,YES,10
dbo,ProcessPrice,ProcessCode,int,,10.0,0.0,NO,1
dbo,ProcessPrice,Quantity,int,,10.0,0.0,NO,2
dbo,ProcessPrice,Cost,money,,19.0,4.0,YES,3
dbo,ProcessPrice,EntryDate,datetime,,,,YES,4
dbo,ProcessPrice,EntryTime,datetime,,,,YES,5
dbo,ProcessPrice,Cost1,money,,19.0,4.0,YES,6
dbo,ProcessPrice,Cost2,money,,19.0,4.0,YES,7
dbo,ProcessPrice,Cost3,money,,19.0,4.0,YES,8
dbo,ProcessPrice,Cost4,money,,19.0,4.0,YES,9
dbo,ProcessPrice,Cost5,money,,19.0,4.0,YES,10
dbo,ProcessPrice,Cost6,money,,19.0,4.0,YES,11
dbo,ProcessPrice,CreateOpr,varchar,50.0,,,YES,12
dbo,ProcessPrice,CreateDatim,datetime,,,,YES,13
dbo,ProcessPrice,UpdateOpr,varchar,50.0,,,YES,14
dbo,ProcessPrice,Updatedatim,datetime,,,,YES,15
dbo,ProcessPrice,FlatCost,money,,19.0,4.0,YES,16
dbo,ProcessPrice,Markup,real,,24.0,,YES,17
dbo,ProcessPrice,SideTwoReduction,real,,24.0,,YES,18
dbo,ProcessPrice,UnitPrice,money,,19.0,4.0,YES,19
dbo,ProcessPrice,FixedPrice,money,,19.0,4.0,YES,20
dbo,ProcessPrice,MaxTruckWeight,int,,10.0,0.0,YES,21
dbo,ProcessPrice,Markup2,real,,24.0,,YES,22
dbo,ProcessSchedule,Code,int,,10.0,0.0,NO,1
dbo,ProcessSchedule,JobNumber,varchar,20.0,,,YES,2
dbo,ProcessSchedule,ComponentNumber,int,,10.0,0.0,YES,3
dbo,ProcessSchedule,ProcessCode,int,,10.0,0.0,YES,4
dbo,ProcessSchedule,CostCenterCode,int,,10.0,0.0,YES,5
dbo,ProcessSchedule,RunSequence,smallint,,5.0,0.0,YES,6
dbo,ProcessSchedule,StartDate,datetime,,,,YES,7
dbo,ProcessSchedule,EndDate,datetime,,,,YES,8
dbo,ProcessSchedule,StartTime,datetime,,,,YES,9
dbo,ProcessSchedule,EndTime,datetime,,,,YES,10
dbo,ProcessSchedule,EstimatedHours,real,,24.0,,YES,11
dbo,ProcessSchedule,ScheduledHours,real,,24.0,,YES,12
dbo,ProcessSchedule,BufferHours,real,,24.0,,YES,13
dbo,ProcessSchedule,Completed,smallint,,5.0,0.0,YES,14
dbo,ProcessSchedule,DateCompleted,datetime,,,,YES,15
dbo,ProcessSchedule,DependOnPrevious,smallint,,5.0,0.0,YES,16
dbo,ProcessSchedule,CostCenterOnly,smallint,,5.0,0.0,YES,17
dbo,ProcessSchedule,Comments,varchar,2000.0,,,YES,18
dbo,ProcessSchedule,MComments,text,2147483647.0,,,YES,19
dbo,ProcessSchedule,PriorityNumber,smallint,,5.0,0.0,YES,20
dbo,ProcessSchedule,EmployeeCode,varchar,5.0,,,YES,21
dbo,ProcessSchedule,CreateOpr,varchar,50.0,,,YES,22
dbo,ProcessSchedule,CreateDatim,datetime,,,,YES,23
dbo,ProcessSchedule,UpdateOpr,varchar,50.0,,,YES,24
dbo,ProcessSchedule,Updatedatim,datetime,,,,YES,25
dbo,ProcessSchedule,ScheduledDays,real,,24.0,,YES,26
dbo,ProcessSchedule,GangRunCode,int,,10.0,0.0,YES,27
dbo,ProcessSchedule,AttachedToCode,int,,10.0,0.0,YES,28
dbo,ProcessSchedule,HoldFirm,smallint,,5.0,0.0,YES,29
dbo,ProcessSchedule,GanttRow,smallint,,5.0,0.0,YES,30
dbo,ProcessSchedule,Locked,smallint,,5.0,0.0,YES,31
dbo,ProcessSchedule,ScheduledFrom,smallint,,5.0,0.0,YES,32
dbo,ProcessSchedule,DataCollectTime,smallint,,5.0,0.0,YES,33
dbo,ProcessSchedule,JobPartsSigs,int,,10.0,0.0,YES,34
dbo,ProcessSchedule,OriginalCostCenter,int,,10.0,0.0,YES,35
dbo,ProcessSchedule,OriginalHours,real,,24.0,,YES,36
dbo,ProcessSchedule,DoNotSchedule,smallint,,5.0,0.0,YES,37
dbo,ProcessSchedule,StartDateGap,real,,24.0,,YES,38
dbo,ProcessSlowdown,SlowdownType,varchar,20.0,,,NO,1
dbo,ProcessSlowdown,ProcessCode,int,,10.0,0.0,NO,2
dbo,ProcessSlowdown,Quantity,real,,24.0,,NO,3
dbo,ProcessSlowdown,Quantity2,real,,24.0,,NO,4
dbo,ProcessSlowdown,Slowdown,real,,24.0,,YES,5
dbo,ProcessSlowdown,EntryDate,datetime,,,,YES,6
dbo,ProcessSlowdown,EntryTime,datetime,,,,YES,7
dbo,ProcessSlowdown,CreateOpr,varchar,50.0,,,YES,8
dbo,ProcessSlowdown,CreateDatim,datetime,,,,YES,9
dbo,ProcessSlowdown,UpdateOpr,varchar,50.0,,,YES,10
dbo,ProcessSlowdown,Updatedatim,datetime,,,,YES,11
dbo,ProcessSlowdown,MaterialCode,varchar,50.0,,,YES,12
dbo,ProcessSlowdown,MaterialCategory,varchar,50.0,,,YES,13
dbo,ProcessSlowdown,LayoutTemplateCode,varchar,50.0,,,YES,14
dbo,Production,Code,int,,10.0,0.0,NO,1
dbo,Production,StartDate,datetime,,,,YES,2
dbo,Production,EmployeeCode,varchar,5.0,,,YES,3
dbo,Production,Comments,varchar,2000.0,,,YES,4
dbo,Production,ProcessCode,int,,10.0,0.0,YES,5
dbo,Production,CompletionCode,varchar,5.0,,,YES,6
dbo,Production,ReasonCode,varchar,6.0,,,YES,7
dbo,Production,CostCode,varchar,5.0,,,YES,8
dbo,Production,Quantity,int,,10.0,0.0,YES,9
dbo,Production,GangRun,smallint,,5.0,0.0,YES,10
dbo,Production,ElapsedTime,int,,10.0,0.0,YES,11
dbo,Production,EndShift,smallint,,5.0,0.0,YES,12
dbo,Production,Concurrent,smallint,,5.0,0.0,YES,13
dbo,Production,AIRate,money,,19.0,4.0,YES,14
dbo,Production,DMRate,money,,19.0,4.0,YES,15
dbo,Production,OvertimeIncrease,money,,19.0,4.0,YES,16
dbo,Production,DoubletimeIncrease,money,,19.0,4.0,YES,17
dbo,Production,EntryDate,datetime,,,,YES,18
dbo,Production,EntryTime,datetime,,,,YES,19
dbo,Production,ManualOverrideTime,smallint,,5.0,0.0,YES,20
dbo,Production,ShiftNumber,smallint,,5.0,0.0,YES,21
dbo,Production,StartTime,datetime,,,,YES,22
dbo,Production,EndTime,datetime,,,,YES,23
dbo,Production,DepartmentCode,varchar,5.0,,,YES,24
dbo,Production,PastMidnight,smallint,,5.0,0.0,YES,25
dbo,Production,UnitCost,money,,19.0,4.0,YES,26
dbo,Production,AICost,money,,19.0,4.0,YES,27
dbo,Production,DMCost,money,,19.0,4.0,YES,28
dbo,Production,TotalCopies,int,,10.0,0.0,YES,29
dbo,Production,GoodCopies,int,,10.0,0.0,YES,30
dbo,Production,ActualWaste,int,,10.0,0.0,YES,31
dbo,Production,EndCount,int,,10.0,0.0,YES,32
dbo,Production,StartCount,int,,10.0,0.0,YES,33
dbo,Production,WageRate,money,,19.0,4.0,YES,34
dbo,Production,WageCost,money,,19.0,4.0,YES,35
dbo,Production,OvertimeWageCost,money,,19.0,4.0,YES,36
dbo,Production,OvertimeWageRate,money,,19.0,4.0,YES,37
dbo,Production,GangRunByQuantity,smallint,,5.0,0.0,YES,38
dbo,Production,EntryStopped,smallint,,5.0,0.0,YES,39
dbo,Production,CreateOpr,varchar,50.0,,,YES,40
dbo,Production,CreateDatim,datetime,,,,YES,41
dbo,Production,UpdateOpr,varchar,50.0,,,YES,42
dbo,Production,Updatedatim,datetime,,,,YES,43
dbo,Production,GangRunByArea,smallint,,5.0,0.0,YES,44
dbo,Production,PostedToGL,smallint,,5.0,0.0,YES,45
dbo,Production,GRJobNumber,varchar,20.0,,,YES,46
dbo,Production,BadQuantity,int,,10.0,0.0,YES,47
dbo,Production,CrewLeaderProcessCode,int,,10.0,0.0,YES,48
dbo,Production,PostageCost,money,,19.0,4.0,YES,49
dbo,Production,PlannedWaste,int,,10.0,0.0,YES,50
dbo,Production,WIPRate,money,,19.0,4.0,YES,51
dbo,Production,WIPCost,money,,19.0,4.0,YES,52
dbo,Production,InLineOpRate,money,,19.0,4.0,YES,53
dbo,Production,InLineOpCost,money,,19.0,4.0,YES,54
dbo,Production,GangComponentNumber,smallint,,5.0,0.0,YES,55
dbo,ProductionJobNumber,ID,int,,10.0,0.0,NO,1
dbo,ProductionJobNumber,ProductionCode,int,,10.0,0.0,YES,2
dbo,ProductionJobNumber,JobNumber,varchar,20.0,,,YES,3
dbo,ProductionJobNumber,ComponentNumber,smallint,,5.0,0.0,YES,4
dbo,ProductionJobNumber,Percentage,real,,24.0,,YES,5
dbo,ProductionJobNumber,EntryDate,datetime,,,,YES,6
dbo,ProductionJobNumber,EntryTime,datetime,,,,YES,7
dbo,ProductionJobNumber,ItemNumber,smallint,,5.0,0.0,YES,8
dbo,ProductionJobNumber,Quantity,real,,24.0,,YES,9
dbo,ProductionJobNumber,CreateOpr,varchar,50.0,,,YES,10
dbo,ProductionJobNumber,CreateDatim,datetime,,,,YES,11
dbo,ProductionJobNumber,UpdateOpr,varchar,50.0,,,YES,12
dbo,ProductionJobNumber,Updatedatim,datetime,,,,YES,13
dbo,ProductionJobNumber,Length,real,,24.0,,YES,14
dbo,ProductionJobNumber,Width,real,,24.0,,YES,15
dbo,ProductionJobNumber,PreviousComponentNumber,smallint,,5.0,0.0,YES,16
dbo,ProofCode,Code,varchar,5.0,,,NO,1
dbo,ProofCode,Description,varchar,50.0,,,YES,2
dbo,ProofCode,ProofType,smallint,,5.0,0.0,YES,3
dbo,ProofCode,IsDefault,bit,,,,YES,4
dbo,ProofCode,CreateOpr,varchar,50.0,,,YES,5
dbo,ProofCode,CreateDatim,datetime,,,,YES,6
dbo,ProofCode,UpdateOpr,varchar,50.0,,,YES,7
dbo,ProofCode,UpdateDatim,datetime,,,,YES,8
dbo,ProofLog,ID,int,,10.0,0.0,NO,1
dbo,ProofLog,ProofURI,varchar,255.0,,,YES,2
dbo,ProofLog,ProofLocalPath,varchar,255.0,,,YES,3
dbo,ProofLog,CustAccount,varchar,50.0,,,YES,4
dbo,ProofLog,JobNumber,varchar,50.0,,,YES,5
dbo,ProofLog,ComponentNumber,smallint,,5.0,0.0,YES,6
dbo,ProofLog,ProofAcceptanceCode,varchar,5.0,,,YES,7
dbo,ProofLog,EmailIDs,xml,-1.0,,,YES,8
dbo,ProofLog,ProofID,varchar,255.0,,,YES,9
dbo,ProofLog,CreateOpr,varchar,50.0,,,YES,10
dbo,ProofLog,CreateDatim,datetime,,,,YES,11
dbo,ProofLog,UpdateOpr,varchar,50.0,,,YES,12
dbo,ProofLog,UpdateDatim,datetime,,,,YES,13
dbo,PushNotificationDevice,ID,int,,10.0,0.0,NO,1
dbo,PushNotificationDevice,Name,varchar,255.0,,,YES,2
dbo,PushNotificationDevice,Module,varchar,50.0,,,YES,3
dbo,PushNotificationDevice,PushEndpoint,varchar,1024.0,,,YES,4
dbo,PushNotificationDevice,PushP256DH,varchar,255.0,,,YES,5
dbo,PushNotificationDevice,PushAuth,varchar,255.0,,,YES,6
dbo,PushNotificationDevice,CreateOpr,varchar,50.0,,,YES,7
dbo,PushNotificationDevice,CreateDatim,datetime,,,,YES,8
dbo,PushNotificationDevice,UpdateOpr,varchar,50.0,,,YES,9
dbo,PushNotificationDevice,UpdateDatim,datetime,,,,YES,10
dbo,QBItem,ID,int,,10.0,0.0,NO,1
dbo,QBItem,QBListID,varchar,50.0,,,YES,2
dbo,QBItem,Name,varchar,100.0,,,YES,3
dbo,QBItem,FullName,varchar,100.0,,,YES,4
dbo,QBItem,GL_QBListID,varchar,50.0,,,YES,5
dbo,QBItem,GL_FullName,varchar,100.0,,,YES,6
dbo,QBItem,CreateOpr,varchar,50.0,,,YES,7
dbo,QBItem,CreateDatim,datetime,,,,YES,8
dbo,QBItem,UpdateOpr,varchar,50.0,,,YES,9
dbo,QBItem,UpdateDatim,datetime,,,,YES,10
dbo,QBMultiCompany,Code,varchar,50.0,,,YES,1
dbo,QBMultiCompany,Company,varchar,50.0,,,YES,2
dbo,QBMultiCompany,CompanyPath,varchar,255.0,,,YES,3
dbo,QBMultiCompany,UseQuickBooksItems,smallint,,5.0,0.0,YES,4
dbo,QBMultiCompany,CreateOpr,varchar,50.0,,,YES,5
dbo,QBMultiCompany,CreateDatim,datetime,,,,YES,6
dbo,QBMultiCompany,UpdateOpr,varchar,50.0,,,YES,7
dbo,QBMultiCompany,UpdateDatim,datetime,,,,YES,8
dbo,QBMultiCompany,GLSalesCode,varchar,50.0,,,YES,9
dbo,QBMultiCompany,GLARSalesCode,varchar,50.0,,,YES,10
dbo,QBMultiCompany,GLFreightCode,varchar,50.0,,,YES,11
dbo,QBMultiCompany,GLPostageCode,varchar,50.0,,,YES,12
dbo,QBMultiCompany,SetAsDefault,smallint,,5.0,0.0,YES,13
dbo,QBMultiCompany,PlantID,varchar,3.0,,,YES,14
dbo,QBMultiCompanyLink,QBListID,varchar,50.0,,,YES,1
dbo,QBMultiCompanyLink,Account,varchar,50.0,,,YES,2
dbo,QBMultiCompanyLink,QBMultiCompanyCode,varchar,50.0,,,YES,3
dbo,QBMultiCompanyLink,ReferenceType,varchar,1.0,,,YES,4
dbo,QBMultiCompanyLink,CreateOpr,varchar,50.0,,,YES,5
dbo,QBMultiCompanyLink,CreateDatim,datetime,,,,YES,6
dbo,QBMultiCompanyLink,UpdateOpr,varchar,50.0,,,YES,7
dbo,QBMultiCompanyLink,UpdateDatim,datetime,,,,YES,8
dbo,QtyTable,Code,int,,10.0,0.0,NO,1
dbo,QtyTable,Quantity,int,,10.0,0.0,NO,2
dbo,QtyTable,ProdMarkup,real,,24.0,,YES,3
dbo,QtyTable,MatMarkup,real,,24.0,,YES,4
dbo,QtyTable,StockMarkup,real,,24.0,,YES,5
dbo,QtyTable,EntryDate,datetime,,,,YES,6
dbo,QtyTable,EntryTime,datetime,,,,YES,7
dbo,QtyTable,CreateOpr,varchar,50.0,,,YES,8
dbo,QtyTable,CreateDatim,datetime,,,,YES,9
dbo,QtyTable,UpdateOpr,varchar,50.0,,,YES,10
dbo,QtyTable,Updatedatim,datetime,,,,YES,11
dbo,QtyTable,OAVAAdjustment,real,,24.0,,YES,12
dbo,QtyTableHeader,Code,int,,10.0,0.0,NO,1
dbo,QtyTableHeader,Description,varchar,50.0,,,YES,2
dbo,QtyTableHeader,EntryDate,datetime,,,,YES,3
dbo,QtyTableHeader,EntryTime,datetime,,,,YES,4
dbo,QtyTableHeader,CreateOpr,varchar,50.0,,,YES,5
dbo,QtyTableHeader,CreateDatim,datetime,,,,YES,6
dbo,QtyTableHeader,UpdateOpr,varchar,50.0,,,YES,7
dbo,QtyTableHeader,Updatedatim,datetime,,,,YES,8
dbo,ReasonCode,ReasonCode,varchar,6.0,,,NO,1
dbo,ReasonCode,Description,varchar,50.0,,,YES,2
dbo,ReasonCode,EntryDate,datetime,,,,YES,3
dbo,ReasonCode,EntryTime,datetime,,,,YES,4
dbo,ReasonCode,CostCenterCode,int,,10.0,0.0,YES,5
dbo,ReasonCode,Comments,varchar,2000.0,,,YES,6
dbo,ReasonCode,CreateOpr,varchar,50.0,,,YES,7
dbo,ReasonCode,CreateDatim,datetime,,,,YES,8
dbo,ReasonCode,UpdateOpr,varchar,50.0,,,YES,9
dbo,ReasonCode,Updatedatim,datetime,,,,YES,10
dbo,ReasonCode,ReasonCodeType,varchar,20.0,,,YES,11
dbo,RegionalCode,Code,varchar,5.0,,,NO,1
dbo,RegionalCode,Description,varchar,50.0,,,YES,2
dbo,RegionalCode,EntryDate,datetime,,,,YES,3
dbo,RegionalCode,EntryTime,datetime,,,,YES,4
dbo,RegionalCode,CreateOpr,varchar,50.0,,,YES,5
dbo,RegionalCode,CreateDatim,datetime,,,,YES,6
dbo,RegionalCode,UpdateOpr,varchar,50.0,,,YES,7
dbo,RegionalCode,Updatedatim,datetime,,,,YES,8
dbo,RegionalCode,RecordType,varchar,1.0,,,YES,9
dbo,RegionalCode,OnLineDescription,varchar,50.0,,,YES,10
dbo,RegionalCode,JDFExport,smallint,,5.0,0.0,YES,11
dbo,RegionalCode,ConversionRate,real,,24.0,,YES,12
dbo,RegionalCode,ComponentType,varchar,20.0,,,YES,13
dbo,RegionalCode,TemplateType,smallint,,5.0,0.0,YES,14
dbo,RegionalCode,PlantID,varchar,5.0,,,YES,15
dbo,RegionalCode,CurrencySymbol,varchar,1.0,,,YES,16
dbo,RegionalCode,MerchantID,varchar,50.0,,,YES,17
dbo,ReqLocation,Code,int,,10.0,0.0,NO,1
dbo,ReqLocation,ReqCode,int,,10.0,0.0,YES,2
dbo,ReqLocation,LocationCode,varchar,20.0,,,YES,3
dbo,ReqLocation,Quantity,real,,24.0,,YES,4
dbo,ReqLocation,EntryDate,datetime,,,,YES,5
dbo,ReqLocation,EntryTime,datetime,,,,YES,6
dbo,ReqLocation,CreateOpr,varchar,50.0,,,YES,7
dbo,ReqLocation,CreateDatim,datetime,,,,YES,8
dbo,ReqLocation,UpdateOpr,varchar,50.0,,,YES,9
dbo,ReqLocation,Updatedatim,datetime,,,,YES,10
dbo,RequestForProposal,ID,int,,10.0,0.0,NO,1
dbo,RequestForProposal,EstimateNumber,varchar,20.0,,,YES,2
dbo,RequestForProposal,Instructions,varchar,2000.0,,,YES,3
dbo,RequestForProposal,Description,varchar,100.0,,,YES,4
dbo,RequestForProposal,ComponentNumber,smallint,,5.0,0.0,YES,5
dbo,RequestForProposal,ReplyComments,varchar,2000.0,,,YES,6
dbo,RequestForProposal,RequestDate,datetime,,,,YES,7
dbo,RequestForProposal,VendorEstimateNumber,varchar,20.0,,,YES,8
dbo,RequestForProposal,ReplyDate,datetime,,,,YES,9
dbo,RequestForProposal,ReplyReceived,smallint,,5.0,0.0,YES,10
dbo,RequestForProposal,OSSItemNumber,smallint,,5.0,0.0,YES,11
dbo,RequestForProposal,VendorID,varchar,20.0,,,YES,12
dbo,RequestForProposal,VendorContact,varchar,50.0,,,YES,13
dbo,RequestForProposal,DueDate,datetime,,,,YES,14
dbo,RequestForProposal,JobNumber,varchar,20.0,,,YES,15
dbo,RequestForProposal,CreateOpr,varchar,50.0,,,YES,16
dbo,RequestForProposal,CreateDatim,datetime,,,,YES,17
dbo,RequestForProposal,UpdateOpr,varchar,50.0,,,YES,18
dbo,RequestForProposal,UpdateDatim,datetime,,,,YES,19
dbo,RequestForProposal,VendorContactID,int,,10.0,0.0,YES,20
dbo,RequestForProposal,MaterialCode,varchar,50.0,,,YES,21
dbo,Requisition,Code,int,,10.0,0.0,NO,1
dbo,Requisition,JobNumber,varchar,20.0,,,YES,2
dbo,Requisition,ComponentNumber,smallint,,5.0,0.0,YES,3
dbo,Requisition,MaterialCode,varchar,50.0,,,YES,4
dbo,Requisition,Quantity,float,,53.0,,YES,5
dbo,Requisition,UnitCost,decimal,,38.0,8.0,YES,6
dbo,Requisition,ExtendedCost,money,,19.0,4.0,YES,7
dbo,Requisition,VendorProductID,varchar,20.0,,,YES,8
dbo,Requisition,Description,varchar,1000.0,,,YES,9
dbo,Requisition,Color,varchar,20.0,,,YES,10
dbo,Requisition,BWT,float,,53.0,,YES,11
dbo,Requisition,Caliper,real,,24.0,,YES,12
dbo,Requisition,Width,real,,24.0,,YES,13
dbo,Requisition,Length,real,,24.0,,YES,14
dbo,Requisition,Height,real,,24.0,,YES,15
dbo,Requisition,MWT,real,,24.0,,YES,16
dbo,Requisition,CubicWeight,real,,24.0,,YES,17
dbo,Requisition,CostingMethod,smallint,,5.0,0.0,YES,18
dbo,Requisition,LineItemType,smallint,,5.0,0.0,YES,19
dbo,Requisition,FixedQuantity,float,,53.0,,YES,20
dbo,Requisition,FixedUnitCost,decimal,,38.0,8.0,YES,21
dbo,Requisition,EntryDate,datetime,,,,YES,22
dbo,Requisition,EntryTime,datetime,,,,YES,23
dbo,Requisition,VendorID,varchar,20.0,,,YES,24
dbo,Requisition,Comments,varchar,2000.0,,,YES,25
dbo,Requisition,QuantityToOrder,float,,53.0,,YES,26
dbo,Requisition,LocationCode,varchar,20.0,,,YES,27
dbo,Requisition,SBS,real,,24.0,,YES,28
dbo,Requisition,MultiLocation,smallint,,5.0,0.0,YES,29
dbo,Requisition,MComments,text,2147483647.0,,,YES,30
dbo,Requisition,PlantID,varchar,3.0,,,YES,31
dbo,Requisition,DueDate,datetime,,,,YES,32
dbo,Requisition,CreateOpr,varchar,50.0,,,YES,33
dbo,Requisition,CreateDatim,datetime,,,,YES,34
dbo,Requisition,UpdateOpr,varchar,50.0,,,YES,35
dbo,Requisition,Updatedatim,datetime,,,,YES,36
dbo,Requisition,StockSheets,float,,53.0,,YES,37
dbo,Requisition,ManufacturerItemNumber,varchar,50.0,,,YES,38
dbo,Requisition,GLAccount,varchar,50.0,,,YES,39
dbo,Requisition,SupplierEstimateNumber,varchar,50.0,,,YES,40
dbo,Requisition,RequestedByCSR,varchar,50.0,,,YES,41
dbo,Requisition,AttentionToUser,varchar,50.0,,,YES,42
dbo,Requisition,MailingProcessCode,int,,10.0,0.0,YES,43
dbo,Requisition,PostageRequisition,smallint,,5.0,0.0,YES,44
dbo,Requisition,ShipToCode,int,,10.0,0.0,YES,45
dbo,RFQComponent,RFQNumber,varchar,20.0,,,NO,1
dbo,RFQComponent,ComponentNumber,int,,10.0,0.0,NO,2
dbo,RFQComponent,Description,varchar,100.0,,,YES,3
dbo,RFQComponent,Comments,varchar,2000.0,,,YES,4
dbo,RFQComponent,Quantity1,int,,10.0,0.0,YES,5
dbo,RFQComponent,Quantity2,int,,10.0,0.0,YES,6
dbo,RFQComponent,Quantity3,int,,10.0,0.0,YES,7
dbo,RFQComponent,Quantity4,int,,10.0,0.0,YES,8
dbo,RFQComponent,Quantity5,int,,10.0,0.0,YES,9
dbo,RFQComponent,Quantity6,int,,10.0,0.0,YES,10
dbo,RFQComponent,Price1,money,,19.0,4.0,YES,11
dbo,RFQComponent,Price2,money,,19.0,4.0,YES,12
dbo,RFQComponent,Price3,money,,19.0,4.0,YES,13
dbo,RFQComponent,Price4,money,,19.0,4.0,YES,14
dbo,RFQComponent,Price5,money,,19.0,4.0,YES,15
dbo,RFQComponent,Price6,money,,19.0,4.0,YES,16
dbo,RFQComponent,FinalWidth,real,,24.0,,YES,17
dbo,RFQComponent,FinalLength,real,,24.0,,YES,18
dbo,RFQComponent,EntryDate,datetime,,,,YES,19
dbo,RFQComponent,EntryTime,datetime,,,,YES,20
dbo,RFQComponent,ComponentType,varchar,10.0,,,YES,21
dbo,RFQComponent,Sides,smallint,,5.0,0.0,YES,22
dbo,RFQComponent,InksSide1,smallint,,5.0,0.0,YES,23
dbo,RFQComponent,InksSide2,smallint,,5.0,0.0,YES,24
dbo,RFQComponent,Lots,smallint,,5.0,0.0,YES,25
dbo,RFQComponent,AcceptQuantity,int,,10.0,0.0,YES,26
dbo,RFQComponent,RequireBleed,bit,,,,YES,27
dbo,RFQComponent,RFQTemplateID,int,,10.0,0.0,YES,28
dbo,RFQComponent,CreateOpr,varchar,50.0,,,YES,29
dbo,RFQComponent,CreateDatim,datetime,,,,YES,30
dbo,RFQComponent,UpdateOpr,varchar,50.0,,,YES,31
dbo,RFQComponent,Updatedatim,datetime,,,,YES,32
dbo,RFQComponentValue,RFQComponentValueID,int,,10.0,0.0,NO,1
dbo,RFQComponentValue,RFQNumber,varchar,20.0,,,YES,2
dbo,RFQComponentValue,ComponentNumber,int,,10.0,0.0,YES,3
dbo,RFQComponentValue,RFQTemplateItemID,int,,10.0,0.0,YES,4
dbo,RFQComponentValue,Value,varchar,255.0,,,YES,5
dbo,RFQComponentValue,EntryDate,datetime,,,,YES,6
dbo,RFQComponentValue,EntryTime,datetime,,,,YES,7
dbo,RFQComponentValue,CreateOpr,varchar,50.0,,,YES,8
dbo,RFQComponentValue,CreateDatim,datetime,,,,YES,9
dbo,RFQComponentValue,UpdateOpr,varchar,50.0,,,YES,10
dbo,RFQComponentValue,Updatedatim,datetime,,,,YES,11
dbo,RFQHeader,RFQNumber,varchar,20.0,,,NO,1
dbo,RFQHeader,OnlineUserID,int,,10.0,0.0,YES,2
dbo,RFQHeader,JobDescription,varchar,100.0,,,YES,3
dbo,RFQHeader,JobDetailDescription,varchar,2000.0,,,YES,4
dbo,RFQHeader,PricingDone,bit,,,,YES,5
dbo,RFQHeader,CustAccount,varchar,50.0,,,YES,6
dbo,RFQHeader,CustName,varchar,50.0,,,YES,7
dbo,RFQHeader,CustContact,varchar,50.0,,,YES,8
dbo,RFQHeader,CustAddress1,varchar,50.0,,,YES,9
dbo,RFQHeader,CustAddress2,varchar,50.0,,,YES,10
dbo,RFQHeader,CustAddress3,varchar,50.0,,,YES,11
dbo,RFQHeader,CustCity,varchar,50.0,,,YES,12
dbo,RFQHeader,CustState,varchar,3.0,,,YES,13
dbo,RFQHeader,CustZip,varchar,10.0,,,YES,14
dbo,RFQHeader,CustCountry,varchar,50.0,,,YES,15
dbo,RFQHeader,CustPhone,varchar,30.0,,,YES,16
dbo,RFQHeader,CustFax,varchar,30.0,,,YES,17
dbo,RFQHeader,CustEmail,varchar,100.0,,,YES,18
dbo,RFQHeader,DueDate,datetime,,,,YES,19
dbo,RFQHeader,EstimateNumber,varchar,20.0,,,YES,20
dbo,RFQHeader,OrderNumber,varchar,20.0,,,YES,21
dbo,RFQHeader,RFQDueDate,datetime,,,,YES,22
dbo,RFQHeader,EntryDate,datetime,,,,YES,23
dbo,RFQHeader,EntryTime,datetime,,,,YES,24
dbo,RFQHeader,CreateOpr,varchar,50.0,,,YES,25
dbo,RFQHeader,CreateDatim,datetime,,,,YES,26
dbo,RFQHeader,UpdateOpr,varchar,50.0,,,YES,27
dbo,RFQHeader,Updatedatim,datetime,,,,YES,28
dbo,RFQHeader,ARJobCloseOut,smallint,,5.0,0.0,YES,29
dbo,RFQHeader,CustContactID,int,,10.0,0.0,YES,30
dbo,RFQTemplate,Name,varchar,50.0,,,NO,1
dbo,RFQTemplate,RFQTemplateID,int,,10.0,0.0,YES,2
dbo,RFQTemplate,Description,varchar,100.0,,,YES,3
dbo,RFQTemplate,EntryDate,datetime,,,,YES,4
dbo,RFQTemplate,EntryTime,datetime,,,,YES,5
dbo,RFQTemplate,CreateOpr,varchar,50.0,,,YES,6
dbo,RFQTemplate,CreateDatim,datetime,,,,YES,7
dbo,RFQTemplate,UpdateOpr,varchar,50.0,,,YES,8
dbo,RFQTemplate,Updatedatim,datetime,,,,YES,9
dbo,RFQTemplateItem,RFQTemplateItemID,int,,10.0,0.0,NO,1
dbo,RFQTemplateItem,RFQTemplateID,int,,10.0,0.0,YES,2
dbo,RFQTemplateItem,Name,varchar,50.0,,,YES,3
dbo,RFQTemplateItem,Description,varchar,100.0,,,YES,4
dbo,RFQTemplateItem,Type,varchar,1.0,,,YES,5
dbo,RFQTemplateItem,Mandatory,bit,,,,YES,6
dbo,RFQTemplateItem,Length,smallint,,5.0,0.0,YES,7
dbo,RFQTemplateItem,Sequence,smallint,,5.0,0.0,YES,8
dbo,RFQTemplateItem,MinValue,varchar,50.0,,,YES,9
dbo,RFQTemplateItem,MaxValue,varchar,50.0,,,YES,10
dbo,RFQTemplateItem,DefaultValue,varchar,50.0,,,YES,11
dbo,RFQTemplateItem,EntryDate,datetime,,,,YES,12
dbo,RFQTemplateItem,EntryTime,datetime,,,,YES,13
dbo,RFQTemplateItem,CreateOpr,varchar,50.0,,,YES,14
dbo,RFQTemplateItem,CreateDatim,datetime,,,,YES,15
dbo,RFQTemplateItem,UpdateOpr,varchar,50.0,,,YES,16
dbo,RFQTemplateItem,Updatedatim,datetime,,,,YES,17
dbo,RFQTemplateItemList,RFQTemplateItemListID,int,,10.0,0.0,NO,1
dbo,RFQTemplateItemList,RFQTemplateItemID,int,,10.0,0.0,YES,2
dbo,RFQTemplateItemList,Value,varchar,255.0,,,YES,3
dbo,RFQTemplateItemList,Code,varchar,20.0,,,YES,4
dbo,RFQTemplateItemList,Sequence,smallint,,5.0,0.0,YES,5
dbo,RFQTemplateItemList,EntryDate,datetime,,,,YES,6
dbo,RFQTemplateItemList,EntryTime,datetime,,,,YES,7
dbo,RFQTemplateItemList,CreateOpr,varchar,50.0,,,YES,8
dbo,RFQTemplateItemList,CreateDatim,datetime,,,,YES,9
dbo,RFQTemplateItemList,UpdateOpr,varchar,50.0,,,YES,10
dbo,RFQTemplateItemList,Updatedatim,datetime,,,,YES,11
dbo,SalesForecast,CustAccount,varchar,50.0,,,NO,1
dbo,SalesForecast,PrevJanuary,money,,19.0,4.0,YES,2
dbo,SalesForecast,PrevFebruary,money,,19.0,4.0,YES,3
dbo,SalesForecast,PrevMarch,money,,19.0,4.0,YES,4
dbo,SalesForecast,PrevApril,money,,19.0,4.0,YES,5
dbo,SalesForecast,PrevMay,money,,19.0,4.0,YES,6
dbo,SalesForecast,PrevJune,money,,19.0,4.0,YES,7
dbo,SalesForecast,PrevJuly,money,,19.0,4.0,YES,8
dbo,SalesForecast,PrevAugust,money,,19.0,4.0,YES,9
dbo,SalesForecast,PrevSeptember,money,,19.0,4.0,YES,10
dbo,SalesForecast,PrevOctober,money,,19.0,4.0,YES,11
dbo,SalesForecast,PrevNovember,money,,19.0,4.0,YES,12
dbo,SalesForecast,PrevDecember,money,,19.0,4.0,YES,13
dbo,SalesForecast,CurrentJanuary,money,,19.0,4.0,YES,14
dbo,SalesForecast,CurrentFebruary,money,,19.0,4.0,YES,15
dbo,SalesForecast,CurrentMarch,money,,19.0,4.0,YES,16
dbo,SalesForecast,CurrentApril,money,,19.0,4.0,YES,17
dbo,SalesForecast,CurrentMay,money,,19.0,4.0,YES,18
dbo,SalesForecast,CurrentJune,money,,19.0,4.0,YES,19
dbo,SalesForecast,CurrentJuly,money,,19.0,4.0,YES,20
dbo,SalesForecast,CurrentAugust,money,,19.0,4.0,YES,21
dbo,SalesForecast,CurrentSeptember,money,,19.0,4.0,YES,22
dbo,SalesForecast,CurrentOctober,money,,19.0,4.0,YES,23
dbo,SalesForecast,CurrentNovember,money,,19.0,4.0,YES,24
dbo,SalesForecast,CurrentDecember,money,,19.0,4.0,YES,25
dbo,SalesForecast,NextJanuary,money,,19.0,4.0,YES,26
dbo,SalesForecast,NextFebruary,money,,19.0,4.0,YES,27
dbo,SalesForecast,NextMarch,money,,19.0,4.0,YES,28
dbo,SalesForecast,NextApril,money,,19.0,4.0,YES,29
dbo,SalesForecast,NextMay,money,,19.0,4.0,YES,30
dbo,SalesForecast,NextJune,money,,19.0,4.0,YES,31
dbo,SalesForecast,NextJuly,money,,19.0,4.0,YES,32
dbo,SalesForecast,NextAugust,money,,19.0,4.0,YES,33
dbo,SalesForecast,NextSeptember,money,,19.0,4.0,YES,34
dbo,SalesForecast,NextOctober,money,,19.0,4.0,YES,35
dbo,SalesForecast,NextNovember,money,,19.0,4.0,YES,36
dbo,SalesForecast,NextDecember,money,,19.0,4.0,YES,37
dbo,SalesForecast,CreateOpr,varchar,50.0,,,YES,38
dbo,SalesForecast,CreateDatim,datetime,,,,YES,39
dbo,SalesForecast,UpdateOpr,varchar,50.0,,,YES,40
dbo,SalesForecast,Updatedatim,datetime,,,,YES,41
dbo,SalesRep,Code,varchar,5.0,,,NO,1
dbo,SalesRep,Description,varchar,50.0,,,YES,2
dbo,SalesRep,CommissionA,real,,24.0,,YES,3
dbo,SalesRep,CommissionB,real,,24.0,,YES,4
dbo,SalesRep,CommissionTableA,varchar,5.0,,,YES,5
dbo,SalesRep,CommissionTableB,varchar,5.0,,,YES,6
dbo,SalesRep,EntryDate,datetime,,,,YES,7
dbo,SalesRep,EntryTime,datetime,,,,YES,8
dbo,SalesRep,Phone,varchar,30.0,,,YES,9
dbo,SalesRep,Fax,varchar,30.0,,,YES,10
dbo,SalesRep,Address1,varchar,50.0,,,YES,11
dbo,SalesRep,Address2,varchar,50.0,,,YES,12
dbo,SalesRep,City,varchar,50.0,,,YES,13
dbo,SalesRep,State,varchar,3.0,,,YES,14
dbo,SalesRep,Zip,varchar,10.0,,,YES,15
dbo,SalesRep,Country,varchar,50.0,,,YES,16
dbo,SalesRep,EMail,varchar,100.0,,,YES,17
dbo,SalesRep,CreateOpr,varchar,50.0,,,YES,18
dbo,SalesRep,CreateDatim,datetime,,,,YES,19
dbo,SalesRep,UpdateOpr,varchar,50.0,,,YES,20
dbo,SalesRep,Updatedatim,datetime,,,,YES,21
dbo,SalesRep,Title,varchar,35.0,,,YES,22
dbo,SalesRep,ActiveFlag,smallint,,5.0,0.0,YES,23
dbo,SalesRep,CustomerCommissionOption,smallint,,5.0,0.0,YES,24
dbo,SalesRep,QuickbooksCode,varchar,10.0,,,YES,25
dbo,SalesRepToUserLoginLinks,ID,int,,10.0,0.0,NO,1
dbo,SalesRepToUserLoginLinks,LoginName,varchar,50.0,,,YES,2
dbo,SalesRepToUserLoginLinks,SalesRepCode,varchar,5.0,,,YES,3
dbo,SalesRepToUserLoginLinks,CreateOpr,varchar,50.0,,,YES,4
dbo,SalesRepToUserLoginLinks,CreateDatim,datetime,,,,YES,5
dbo,SalesRepToUserLoginLinks,UpdateOpr,varchar,50.0,,,YES,6
dbo,SalesRepToUserLoginLinks,UpdateDatim,datetime,,,,YES,7
dbo,ScheduleFavorite,ID,int,,10.0,0.0,NO,1
dbo,ScheduleFavorite,Name,varchar,50.0,,,YES,2
dbo,ScheduleFavorite,DateRange,varchar,50.0,,,YES,3
dbo,ScheduleFavorite,UptimeOnly,smallint,,5.0,0.0,YES,4
dbo,ScheduleFavorite,DowntimeOnly,smallint,,5.0,0.0,YES,5
dbo,ScheduleFavorite,DefaultFavorite,smallint,,5.0,0.0,YES,6
dbo,ScheduleFavorite,CreatedByUser,varchar,50.0,,,YES,7
dbo,ScheduleFavorite,LastUpdatedByUser,varchar,50.0,,,YES,8
dbo,ScheduleFavorite,CreatedDateTime,datetime,,,,YES,9
dbo,ScheduleFavorite,LastUpdatedDateTime,datetime,,,,YES,10
dbo,ScheduleFavorite,CreateOpr,varchar,50.0,,,YES,11
dbo,ScheduleFavorite,CreateDatim,datetime,,,,YES,12
dbo,ScheduleFavorite,UpdateOpr,varchar,50.0,,,YES,13
dbo,ScheduleFavorite,Updatedatim,datetime,,,,YES,14
dbo,ScheduleFavorite,DateIsZoomInterval,smallint,,5.0,0.0,YES,15
dbo,ScheduleFavoriteItem,ID,int,,10.0,0.0,NO,1
dbo,ScheduleFavoriteItem,FavoriteID,int,,10.0,0.0,YES,2
dbo,ScheduleFavoriteItem,ItemNumber,int,,10.0,0.0,YES,3
dbo,ScheduleFavoriteItem,FieldName,varchar,2000.0,,,YES,4
dbo,ScheduleFavoriteItem,SearchType,varchar,100.0,,,YES,5
dbo,ScheduleFavoriteItem,Criteria,varchar,255.0,,,YES,6
dbo,ScheduleFavoriteItem,DataType,varchar,100.0,,,YES,7
dbo,ScheduleFavoriteItem,Descend,smallint,,5.0,0.0,YES,8
dbo,ScheduleFavoriteItem,CreatedByUser,varchar,50.0,,,YES,9
dbo,ScheduleFavoriteItem,LastUpdatedByUser,varchar,50.0,,,YES,10
dbo,ScheduleFavoriteItem,CreatedDateTime,datetime,,,,YES,11
dbo,ScheduleFavoriteItem,LastUpdatedDateTime,datetime,,,,YES,12
dbo,ScheduleFavoriteItem,CreateOpr,varchar,50.0,,,YES,13
dbo,ScheduleFavoriteItem,CreateDatim,datetime,,,,YES,14
dbo,ScheduleFavoriteItem,UpdateOpr,varchar,50.0,,,YES,15
dbo,ScheduleFavoriteItem,Updatedatim,datetime,,,,YES,16
dbo,ScheduleFieldOption,ID,int,,10.0,0.0,NO,1
dbo,ScheduleFieldOption,Section,varchar,50.0,,,YES,2
dbo,ScheduleFieldOption,FieldName,varchar,50.0,,,YES,3
dbo,ScheduleFieldOption,OrderIndex,int,,10.0,0.0,YES,4
dbo,ScheduleFieldOption,CreatedByUser,varchar,50.0,,,YES,5
dbo,ScheduleFieldOption,LastUpdatedByUser,varchar,50.0,,,YES,6
dbo,ScheduleFieldOption,CreatedDateTime,datetime,,,,YES,7
dbo,ScheduleFieldOption,LastUpdatedDateTime,datetime,,,,YES,8
dbo,ScheduleFieldOption,CreateOpr,varchar,50.0,,,YES,9
dbo,ScheduleFieldOption,CreateDatim,datetime,,,,YES,10
dbo,ScheduleFieldOption,UpdateOpr,varchar,50.0,,,YES,11
dbo,ScheduleFieldOption,Updatedatim,datetime,,,,YES,12
dbo,ScheduleOption,ID,int,,10.0,0.0,NO,1
dbo,ScheduleOption,Section,varchar,50.0,,,YES,2
dbo,ScheduleOption,OptionName,varchar,50.0,,,YES,3
dbo,ScheduleOption,ControlName,varchar,50.0,,,YES,4
dbo,ScheduleOption,OptionValue,varchar,50.0,,,YES,5
dbo,ScheduleOption,CreatedByUser,varchar,50.0,,,YES,6
dbo,ScheduleOption,LastUpdatedByUser,varchar,50.0,,,YES,7
dbo,ScheduleOption,CreatedDateTime,datetime,,,,YES,8
dbo,ScheduleOption,LastUpdatedDateTime,datetime,,,,YES,9
dbo,ScheduleOption,CreateOpr,varchar,50.0,,,YES,10
dbo,ScheduleOption,CreateDatim,datetime,,,,YES,11
dbo,ScheduleOption,UpdateOpr,varchar,50.0,,,YES,12
dbo,ScheduleOption,Updatedatim,datetime,,,,YES,13
dbo,SearchTemplate,TemplateCode,varchar,5.0,,,NO,1
dbo,SearchTemplate,Description,varchar,50.0,,,YES,2
dbo,SearchTemplate,TableName,varchar,100.0,,,YES,3
dbo,SearchTemplate,EntryDate,datetime,,,,YES,4
dbo,SearchTemplate,EntryTime,datetime,,,,YES,5
dbo,SearchTemplate,CreateOpr,varchar,50.0,,,YES,6
dbo,SearchTemplate,CreateDatim,datetime,,,,YES,7
dbo,SearchTemplate,UpdateOpr,varchar,50.0,,,YES,8
dbo,SearchTemplate,Updatedatim,datetime,,,,YES,9
dbo,SearchTemplate,FavoriteOfUser,varchar,50.0,,,YES,10
dbo,SearchTemplate,DefaultSearch,smallint,,5.0,0.0,YES,11
dbo,SearchTemplateItem,TemplateCode,varchar,5.0,,,NO,1
dbo,SearchTemplateItem,ItemNumber,int,,10.0,0.0,NO,2
dbo,SearchTemplateItem,FieldName,varchar,2000.0,,,YES,3
dbo,SearchTemplateItem,SearchType,varchar,100.0,,,YES,4
dbo,SearchTemplateItem,Criteria,varchar,255.0,,,YES,5
dbo,SearchTemplateItem,DataType,varchar,100.0,,,YES,6
dbo,SearchTemplateItem,Descend,smallint,,5.0,0.0,YES,7
dbo,SearchTemplateItem,EntryDate,datetime,,,,YES,8
dbo,SearchTemplateItem,EntryTime,datetime,,,,YES,9
dbo,SearchTemplateItem,CreateOpr,varchar,50.0,,,YES,10
dbo,SearchTemplateItem,CreateDatim,datetime,,,,YES,11
dbo,SearchTemplateItem,UpdateOpr,varchar,50.0,,,YES,12
dbo,SearchTemplateItem,Updatedatim,datetime,,,,YES,13
dbo,Session,SessionID,int,,10.0,0.0,NO,1
dbo,Session,SessionKey,uniqueidentifier,,,,YES,2
dbo,Session,LoginName,varchar,50.0,,,YES,3
dbo,Session,Company,varchar,50.0,,,YES,4
dbo,Session,EntryDate,datetime,,,,YES,5
dbo,Session,EntryTime,datetime,,,,YES,6
dbo,Session,Data,text,2147483647.0,,,YES,7
dbo,Session,Expires,datetime,,,,YES,8
dbo,Session,CreateOpr,varchar,50.0,,,YES,9
dbo,Session,CreateDatim,datetime,,,,YES,10
dbo,Session,UpdateOpr,varchar,50.0,,,YES,11
dbo,Session,Updatedatim,datetime,,,,YES,12
dbo,Shipment,ShipmentNumber,int,,10.0,0.0,NO,1
dbo,Shipment,JobNumber,varchar,20.0,,,YES,2
dbo,Shipment,ShipName,varchar,50.0,,,YES,3
dbo,Shipment,ShipAddress1,varchar,50.0,,,YES,4
dbo,Shipment,ShipAddress2,varchar,50.0,,,YES,5
dbo,Shipment,ShipCity,varchar,50.0,,,YES,6
dbo,Shipment,ShipState,varchar,3.0,,,YES,7
dbo,Shipment,ShipZip,varchar,50.0,,,YES,8
dbo,Shipment,ShipCountry,varchar,50.0,,,YES,9
dbo,Shipment,ShipContact,varchar,50.0,,,YES,10
dbo,Shipment,ShipInNameOf,varchar,50.0,,,YES,11
dbo,Shipment,FOB,varchar,20.0,,,YES,12
dbo,Shipment,EntryDate,datetime,,,,YES,13
dbo,Shipment,EntryTime,datetime,,,,YES,14
dbo,Shipment,Instructions,varchar,2000.0,,,YES,15
dbo,Shipment,TaxCodeA,varchar,5.0,,,YES,16
dbo,Shipment,TaxCodeB,varchar,5.0,,,YES,17
dbo,Shipment,TaxCodeC,varchar,5.0,,,YES,18
dbo,Shipment,TaxCodeD,varchar,5.0,,,YES,19
dbo,Shipment,VendorID,varchar,20.0,,,YES,20
dbo,Shipment,BackOrderShipment,smallint,,5.0,0.0,YES,21
dbo,Shipment,ShipAddress3,varchar,50.0,,,YES,22
dbo,Shipment,ShipCounty,varchar,50.0,,,YES,23
dbo,Shipment,ShipPhone,varchar,30.0,,,YES,24
dbo,Shipment,ShipFax,varchar,30.0,,,YES,25
dbo,Shipment,MShipInstructions,text,2147483647.0,,,YES,26
dbo,Shipment,StarshipComments,varchar,2000.0,,,YES,27
dbo,Shipment,Residence,smallint,,5.0,0.0,YES,28
dbo,Shipment,Email,varchar,100.0,,,YES,29
dbo,Shipment,CreateOpr,varchar,50.0,,,YES,30
dbo,Shipment,CreateDatim,datetime,,,,YES,31
dbo,Shipment,UpdateOpr,varchar,50.0,,,YES,32
dbo,Shipment,Updatedatim,datetime,,,,YES,33
dbo,Shipment,FGUpdated,smallint,,5.0,0.0,YES,34
dbo,Shipment,ShipVia,varchar,5.0,,,YES,35
dbo,Shipment,TaxJurisdiction,varchar,5.0,,,YES,36
dbo,Shipment,Shipped,smallint,,5.0,0.0,YES,37
dbo,Shipment,ShipViaService,varchar,5.0,,,YES,38
dbo,Shipment,ThirdPartyBilling,varchar,100.0,,,YES,39
dbo,Shipment,PlantID,varchar,3.0,,,YES,40
dbo,Shipment,UserDefined1,varchar,100.0,,,YES,41
dbo,Shipment,UserDefined2,varchar,100.0,,,YES,42
dbo,Shipment,UserDefined3,varchar,100.0,,,YES,43
dbo,Shipment,ScheduledShipDate,datetime,,,,YES,44
dbo,Shipment,ScheduledShipQuantity,int,,10.0,0.0,YES,45
dbo,Shipment,ScheduledShipComponent,smallint,,5.0,0.0,YES,46
dbo,Shipment,SequenceNumber,int,,10.0,0.0,YES,47
dbo,Shipment,TaxOverrideAmount,money,,19.0,4.0,YES,48
dbo,Shipment,DASFlag,int,,10.0,0.0,YES,49
dbo,Shipment,EstimateNumber,varchar,20.0,,,YES,50
dbo,Shipment,ExternalValue1,varchar,100.0,,,YES,51
dbo,Shipment,ExternalValue2,varchar,100.0,,,YES,52
dbo,Shipment,ExternalValue3,varchar,100.0,,,YES,53
dbo,Shipment,Validated,smallint,,5.0,0.0,YES,54
dbo,Shipment,IsPartial,smallint,,5.0,0.0,YES,55
dbo,Shipment,ShipContactID,int,,10.0,0.0,YES,56
dbo,Shipment,UserDefined4,varchar,100.0,,,YES,57
dbo,Shipment,UserDefined5,varchar,100.0,,,YES,58
dbo,Shipment,UserDefined6,varchar,100.0,,,YES,59
dbo,Shipment,UserDefined7,varchar,100.0,,,YES,60
dbo,Shipment,UserDefined8,varchar,100.0,,,YES,61
dbo,Shipment,OpenByUser,varchar,50.0,,,YES,62
dbo,Shipment,ShipTime,datetime,,,,YES,63
dbo,ShipVia,Code,varchar,5.0,,,NO,1
dbo,ShipVia,Description,varchar,50.0,,,YES,2
dbo,ShipVia,EntryDate,datetime,,,,YES,3
dbo,ShipVia,EntryTime,datetime,,,,YES,4
dbo,ShipVia,CreateOpr,varchar,50.0,,,YES,5
dbo,ShipVia,CreateDatim,datetime,,,,YES,6
dbo,ShipVia,UpdateOpr,varchar,50.0,,,YES,7
dbo,ShipVia,Updatedatim,datetime,,,,YES,8
dbo,ShipVia,RecordType,varchar,1.0,,,YES,9
dbo,ShipVia,OnLineDescription,varchar,50.0,,,YES,10
dbo,ShipVia,JDFExport,smallint,,5.0,0.0,YES,11
dbo,ShipVia,ConversionRate,real,,24.0,,YES,12
dbo,ShipVia,ComponentType,varchar,20.0,,,YES,13
dbo,ShipVia,TemplateType,smallint,,5.0,0.0,YES,14
dbo,ShipVia,PlantID,varchar,5.0,,,YES,15
dbo,ShipVia,CurrencySymbol,varchar,1.0,,,YES,16
dbo,ShipVia,MerchantID,varchar,50.0,,,YES,17
dbo,ShipViaService,ShipViaCode,varchar,5.0,,,NO,1
dbo,ShipViaService,Code,varchar,5.0,,,NO,2
dbo,ShipViaService,Description,varchar,50.0,,,YES,3
dbo,ShipViaService,EntryDate,datetime,,,,YES,4
dbo,ShipViaService,EntryTime,datetime,,,,YES,5
dbo,ShipViaService,CreateOpr,varchar,50.0,,,YES,6
dbo,ShipViaService,CreateDatim,datetime,,,,YES,7
dbo,ShipViaService,UpdateOpr,varchar,50.0,,,YES,8
dbo,ShipViaService,Updatedatim,datetime,,,,YES,9
dbo,ShipViaService,OnLineDescription,varchar,50.0,,,YES,10
dbo,ShipViaService,FreightMarkup,real,,24.0,,YES,11
dbo,ShipViaService,MinimumCharge,money,,19.0,4.0,YES,12
dbo,ShipViaService,ApplyMinimumToShipment,smallint,,5.0,0.0,YES,13
dbo,ShipViaService,ExternalShipViaMethod,varchar,50.0,,,YES,14
dbo,ShopLogIn,EmployeeCode,varchar,5.0,,,NO,1
dbo,ShopLogIn,LoggedDate,datetime,,,,YES,2
dbo,ShopLogIn,LoggedShift,smallint,,5.0,0.0,YES,3
dbo,ShopLogIn,EntryDate,datetime,,,,YES,4
dbo,ShopLogIn,EntryTime,datetime,,,,YES,5
dbo,ShopLogIn,CreateOpr,varchar,50.0,,,YES,6
dbo,ShopLogIn,CreateDatim,datetime,,,,YES,7
dbo,ShopLogIn,UpdateOpr,varchar,50.0,,,YES,8
dbo,ShopLogIn,Updatedatim,datetime,,,,YES,9
dbo,Sizes,Code,smallint,,5.0,0.0,NO,1
dbo,Sizes,Width,real,,24.0,,YES,2
dbo,Sizes,Length,real,,24.0,,YES,3
dbo,Sizes,EntryDate,datetime,,,,YES,4
dbo,Sizes,EntryTime,datetime,,,,YES,5
dbo,Sizes,MetricCode,varchar,5.0,,,YES,6
dbo,Sizes,CreateOpr,varchar,50.0,,,YES,7
dbo,Sizes,CreateDatim,datetime,,,,YES,8
dbo,Sizes,UpdateOpr,varchar,50.0,,,YES,9
dbo,Sizes,Updatedatim,datetime,,,,YES,10
dbo,Sizes,Description,varchar,50.0,,,YES,11
dbo,Sizes,ComponentType,varchar,20.0,,,YES,12
dbo,SoftSolutionsOutput,JobID,varchar,50.0,,,NO,1
dbo,SoftSolutionsOutput,JobPart,int,,10.0,0.0,YES,2
dbo,SoftSolutionsOutput,Description,varchar,50.0,,,YES,3
dbo,SoftSolutionsOutput,CustomerName,varchar,50.0,,,YES,4
dbo,SoftSolutionsOutput,AssetClass,int,,10.0,0.0,YES,5
dbo,SoftSolutionsOutput,AssetID,int,,10.0,0.0,YES,6
dbo,SoftSolutionsOutput,StartQuantity,int,,10.0,0.0,YES,7
dbo,SoftSolutionsOutput,FinishQuantity,int,,10.0,0.0,YES,8
dbo,SoftSolutionsOutput,TargetSetupDuration,int,,10.0,0.0,YES,9
dbo,SoftSolutionsOutput,TargetSetupQuantity,int,,10.0,0.0,YES,10
dbo,SoftSolutionsOutput,TargetRunDuration,int,,10.0,0.0,YES,11
dbo,SoftSolutionsOutput,TargetRunQuantity,int,,10.0,0.0,YES,12
dbo,SoftSolutionsOutput,TargetDownDuration,int,,10.0,0.0,YES,13
dbo,SoftSolutionsOutput,TargetDownQuantity,int,,10.0,0.0,YES,14
dbo,SoftSolutionsOutput,TargetJobSpeed,int,,10.0,0.0,YES,15
dbo,SoftSolutionsOutput,CreateOpr,varchar,50.0,,,YES,16
dbo,SoftSolutionsOutput,CreateDatim,datetime,,,,YES,17
dbo,SoftSolutionsOutput,UpdateOpr,varchar,50.0,,,YES,18
dbo,SoftSolutionsOutput,Updatedatim,datetime,,,,YES,19
dbo,StartingNumbers,CompanyID,varchar,5.0,,,NO,1
dbo,StartingNumbers,PO,int,,10.0,0.0,YES,2
dbo,StartingNumbers,EntryDate,datetime,,,,YES,3
dbo,StartingNumbers,RFQ,int,,10.0,0.0,YES,4
dbo,StartingNumbers,Estimate,int,,10.0,0.0,YES,5
dbo,StartingNumbers,OrderNumber,int,,10.0,0.0,YES,6
dbo,StartingNumbers,Invoice,int,,10.0,0.0,YES,7
dbo,StartingNumbers,EntryTime,datetime,,,,YES,8
dbo,StartingNumbers,EstimatePrefix,varchar,3.0,,,YES,9
dbo,StartingNumbers,EstimateSuffix,varchar,3.0,,,YES,10
dbo,StartingNumbers,OrderPrefix,varchar,3.0,,,YES,11
dbo,StartingNumbers,OrderSuffix,varchar,3.0,,,YES,12
dbo,StartingNumbers,CreateOpr,varchar,50.0,,,YES,13
dbo,StartingNumbers,CreateDatim,datetime,,,,YES,14
dbo,StartingNumbers,UpdateOpr,varchar,50.0,,,YES,15
dbo,StartingNumbers,Updatedatim,datetime,,,,YES,16
dbo,StartingNumbers,ManualJobNumbers,smallint,,5.0,0.0,YES,17
dbo,StartingNumbers,POPrefix,varchar,3.0,,,YES,18
dbo,StartingNumbers,POSuffix,varchar,3.0,,,YES,19
dbo,StartingNumbers,Customer,int,,10.0,0.0,YES,20
dbo,StartingNumbers,DateAsJobNumber,smallint,,5.0,0.0,NO,21
dbo,StartingNumbers,DateFormat,varchar,8.0,,,NO,22
dbo,StartingNumbers,DateJobNumber,varchar,15.0,,,NO,23
dbo,StartingNumbers,DesignCode,int,,10.0,0.0,YES,24
dbo,StoreInventory,JobNumber,varchar,50.0,,,YES,1
dbo,StoreInventory,JobDescription,varchar,50.0,,,YES,2
dbo,StoreInventory,ClientPO,varchar,50.0,,,YES,3
dbo,StoreInventory,DateStored,varchar,50.0,,,YES,4
dbo,StoreInventory,DateRetrieved,varchar,50.0,,,YES,5
dbo,StoreInventory,StoreNumber,varchar,50.0,,,YES,6
dbo,StoreInventory,keycode,varchar,50.0,,,YES,7
dbo,StoreInventory,FormNumber,varchar,50.0,,,YES,8
dbo,StoreInventory,CreateOpr,varchar,50.0,,,YES,9
dbo,StoreInventory,CreateDatim,varchar,50.0,,,YES,10
dbo,StoreInventory,UpdateOpr,varchar,50.0,,,YES,11
dbo,StoreInventory,Updatedatim,varchar,50.0,,,YES,12
dbo,StoreInventory,HasShipped,varchar,50.0,,,YES,13
dbo,StoreInventory,Location,varchar,50.0,,,YES,14
dbo,StoreInventory,QuantityShipped,varchar,50.0,,,YES,15
dbo,StoreInventory,Installer,varchar,50.0,,,YES,16
dbo,StoreInventory$,JobNumber,float,,53.0,,YES,1
dbo,StoreInventory$,JobDescription,nvarchar,255.0,,,YES,2
dbo,StoreInventory$,ClientPO,nvarchar,255.0,,,YES,3
dbo,StoreInventory$,DateStored,datetime,,,,YES,4
dbo,StoreInventory$,DateRetrieved,nvarchar,255.0,,,YES,5
dbo,StoreInventory$,StoreNumber,float,,53.0,,YES,6
dbo,StoreInventory$,keycode,float,,53.0,,YES,7
dbo,StoreInventory$,FormNumber,nvarchar,255.0,,,YES,8
dbo,StoreInventory$,CreateOpr,nvarchar,255.0,,,YES,9
dbo,StoreInventory$,CreateDatim,nvarchar,255.0,,,YES,10
dbo,StoreInventory$,UpdateOpr,nvarchar,255.0,,,YES,11
dbo,StoreInventory$,Updatedatim,nvarchar,255.0,,,YES,12
dbo,StoreInventory$,HasShipped,float,,53.0,,YES,13
dbo,StoreInventory$,Location,nvarchar,255.0,,,YES,14
dbo,StoreInventory$,QuantityShipped,float,,53.0,,YES,15
dbo,StoreInventory$,Installer,nvarchar,255.0,,,YES,16
dbo,SummaryFigures,SummaryFigID,int,,10.0,0.0,NO,1
dbo,SummaryFigures,CreateOpr,varchar,50.0,,,YES,2
dbo,SummaryFigures,CreateDatim,datetime,,,,YES,3
dbo,SummaryFigures,UpdateOpr,varchar,50.0,,,YES,4
dbo,SummaryFigures,UpdateDatim,datetime,,,,YES,5
dbo,SummaryFigures,SourceModule,varchar,2.0,,,YES,6
dbo,SummaryFigures,FileID,char,2.0,,,YES,7
dbo,SummaryFigures,FileCode,varchar,50.0,,,YES,8
dbo,SummaryFigures,FileCode2,varchar,5.0,,,YES,9
dbo,SummaryFigures,RelativeYear,smallint,,5.0,0.0,YES,10
dbo,SummaryFigures,SummaryType,varchar,1.0,,,YES,11
dbo,SummaryFigures,YearEnd,datetime,,,,YES,12
dbo,SummaryFigures,YearDisplay,smallint,,5.0,0.0,YES,13
dbo,SummaryFigures,Period1Val,money,,19.0,4.0,YES,14
dbo,SummaryFigures,Period2Val,money,,19.0,4.0,YES,15
dbo,SummaryFigures,Period3Val,money,,19.0,4.0,YES,16
dbo,SummaryFigures,Period4Val,money,,19.0,4.0,YES,17
dbo,SummaryFigures,Period5Val,money,,19.0,4.0,YES,18
dbo,SummaryFigures,Period6Val,money,,19.0,4.0,YES,19
dbo,SummaryFigures,Period7Val,money,,19.0,4.0,YES,20
dbo,SummaryFigures,Period8Val,money,,19.0,4.0,YES,21
dbo,SummaryFigures,Period9Val,money,,19.0,4.0,YES,22
dbo,SummaryFigures,Period10Val,money,,19.0,4.0,YES,23
dbo,SummaryFigures,Period11Val,money,,19.0,4.0,YES,24
dbo,SummaryFigures,Period12Val,money,,19.0,4.0,YES,25
dbo,SummaryFigures,Period13Val,money,,19.0,4.0,YES,26
dbo,SummaryFigures,TotalVal,money,,19.0,4.0,YES,27
dbo,SummaryFigures,MTDVal,money,,19.0,4.0,YES,28
dbo,SummaryFigures,YTDVal,money,,19.0,4.0,YES,29
dbo,SummaryFigures,TempReportValue,money,,19.0,4.0,YES,30
dbo,SummaryFigures,TempReportYTDValue,money,,19.0,4.0,YES,31
dbo,SummaryFigures,TempReportPercentage,real,,24.0,,YES,32
dbo,SummaryFigures,TempReportYTDPercentage,real,,24.0,,YES,33
dbo,SupportWebSites,ID,int,,10.0,0.0,NO,1
dbo,SupportWebSites,Name,varchar,50.0,,,YES,2
dbo,SupportWebSites,Address,varchar,512.0,,,YES,3
dbo,SupportWebSites,CreateOpr,varchar,50.0,,,YES,4
dbo,SupportWebSites,CreateDatim,datetime,,,,YES,5
dbo,SupportWebSites,UpdateOpr,varchar,50.0,,,YES,6
dbo,SupportWebSites,UpdateDatim,datetime,,,,YES,7
dbo,SystemEventLog,ID,int,,10.0,0.0,NO,1
dbo,SystemEventLog,Description,varchar,8000.0,,,YES,2
dbo,SystemEventLog,StackTrace,varchar,8000.0,,,YES,3
dbo,SystemEventLog,ErrorNameSpace,varchar,255.0,,,YES,4
dbo,SystemEventLog,ClassName,varchar,255.0,,,YES,5
dbo,SystemEventLog,FunctionName,varchar,100.0,,,YES,6
dbo,SystemEventLog,MSErrorNumber,varchar,50.0,,,YES,7
dbo,SystemEventLog,EnterpriseErrorNumber,int,,10.0,0.0,YES,8
dbo,SystemEventLog,EPMSUserName,varchar,50.0,,,YES,9
dbo,SystemEventLog,ErrorType,varchar,50.0,,,YES,10
dbo,SystemEventLog,Comments,varchar,2000.0,,,YES,11
dbo,SystemEventLog,MachineName,varchar,50.0,,,YES,12
dbo,SystemEventLog,CreateOpr,varchar,50.0,,,YES,13
dbo,SystemEventLog,CreateDatim,datetime,,,,YES,14
dbo,SystemEventLog,UpdateOpr,varchar,50.0,,,YES,15
dbo,SystemEventLog,Updatedatim,datetime,,,,YES,16
dbo,SystemEventLog,CreatedByUser,varchar,50.0,,,YES,17
dbo,SystemEventLog,CreatedDateTime,datetime,,,,YES,18
dbo,SystemEventLog,LastUpdatedByUser,varchar,50.0,,,YES,19
dbo,SystemEventLog,LastUpdatedDateTime,datetime,,,,YES,20
dbo,SystemLog,SystemLogID,int,,10.0,0.0,NO,1
dbo,SystemLog,LogDateTime,datetime,,,,YES,2
dbo,SystemLog,Operator,varchar,50.0,,,YES,3
dbo,SystemLog,Program,varchar,30.0,,,YES,4
dbo,SystemLog,Code,varchar,50.0,,,YES,5
dbo,SystemLog,Data,varchar,50.0,,,YES,6
dbo,SystemLog,Explanation,varchar,100.0,,,YES,7
dbo,SystemLog,CreateOpr,varchar,50.0,,,YES,8
dbo,SystemLog,CreateDatim,datetime,,,,YES,9
dbo,SystemLog,UpdateOpr,varchar,50.0,,,YES,10
dbo,SystemLog,UpdateDatim,datetime,,,,YES,11
dbo,SystemLog,TransactionCode,varchar,100.0,,,YES,12
dbo,SystemLog,Comments,varchar,8000.0,,,YES,13
dbo,SystemSettings,CompanyID,varchar,5.0,,,NO,1
dbo,SystemSettings,SaveHistoryOption,bit,,,,YES,2
dbo,SystemSettings,CompleteJobOption,bit,,,,YES,3
dbo,SystemSettings,DigitalComponents,bit,,,,YES,4
dbo,SystemSettings,WebComponents,bit,,,,YES,5
dbo,SystemSettings,FlexoComponents,bit,,,,YES,6
dbo,SystemSettings,NoSheetfed,bit,,,,YES,7
dbo,SystemSettings,MultiplyMR,bit,,,,YES,8
dbo,SystemSettings,SpoilageOption,bit,,,,YES,9
dbo,SystemSettings,JobTrackingOption,bit,,,,YES,10
dbo,SystemSettings,JobTicketOption,bit,,,,YES,11
dbo,SystemSettings,MROption,bit,,,,YES,12
dbo,SystemSettings,PurchasingOption,bit,,,,YES,13
dbo,SystemSettings,BFComponents,bit,,,,YES,14
dbo,SystemSettings,POAgent,varchar,30.0,,,YES,15
dbo,SystemSettings,ShopLoadDays1,smallint,,5.0,0.0,YES,16
dbo,SystemSettings,ShopLoadDays2,smallint,,5.0,0.0,YES,17
dbo,SystemSettings,BWName,varchar,50.0,,,YES,18
dbo,SystemSettings,TransferDiscount,bit,,,,YES,19
dbo,SystemSettings,PrintAuditTrail,bit,,,,YES,20
dbo,SystemSettings,BleedSize,real,,24.0,,YES,21
dbo,SystemSettings,WebRuns,bit,,,,YES,22
dbo,SystemSettings,InkDefault,int,,10.0,0.0,YES,23
dbo,SystemSettings,EntryDate,datetime,,,,YES,24
dbo,SystemSettings,EntryTime,datetime,,,,YES,25
dbo,SystemSettings,FGComponents,tinyint,,3.0,0.0,YES,26
dbo,SystemSettings,CountryVersion,smallint,,5.0,0.0,YES,27
dbo,SystemSettings,VerifyChargeback,smallint,,5.0,0.0,YES,28
dbo,SystemSettings,RecordInUseOption,smallint,,5.0,0.0,YES,29
dbo,SystemSettings,SetOnHold,smallint,,5.0,0.0,YES,30
dbo,SystemSettings,Over30,smallint,,5.0,0.0,YES,31
dbo,SystemSettings,Over60,smallint,,5.0,0.0,YES,32
dbo,SystemSettings,Over90,smallint,,5.0,0.0,YES,33
dbo,SystemSettings,AutoSchedSaturday,smallint,,5.0,0.0,YES,34
dbo,SystemSettings,AutoSchedSunday,smallint,,5.0,0.0,YES,35
dbo,SystemSettings,SpoilageByLot,smallint,,5.0,0.0,YES,36
dbo,SystemSettings,FlexoDiePerTooth,money,,19.0,4.0,YES,37
dbo,SystemSettings,EngravingPerInch,money,,19.0,4.0,YES,38
dbo,SystemSettings,EngravingSetup,money,,19.0,4.0,YES,39
dbo,SystemSettings,FlexoDieMarkUp,decimal,,18.0,0.0,YES,40
dbo,SystemSettings,DueDateDefault,smallint,,5.0,0.0,YES,41
dbo,SystemSettings,InvoicePOLineItem,smallint,,5.0,0.0,YES,42
dbo,SystemSettings,SMTPHost,varchar,100.0,,,YES,43
dbo,SystemSettings,FromEmailAddr,varchar,100.0,,,YES,44
dbo,SystemSettings,ErrorEmailAddr,varchar,100.0,,,YES,45
dbo,SystemSettings,CorporateWebSite,varchar,100.0,,,YES,46
dbo,SystemSettings,OnlinePassword,tinyint,,3.0,0.0,YES,47
dbo,SystemSettings,OrderFGByLot,smallint,,5.0,0.0,YES,48
dbo,SystemSettings,MRSpoilageByPass,smallint,,5.0,0.0,YES,49
dbo,SystemSettings,EstimateCreditCheck,smallint,,5.0,0.0,YES,50
dbo,SystemSettings,NoWebMRColors,smallint,,5.0,0.0,YES,51
dbo,SystemSettings,ShipDateOption,smallint,,5.0,0.0,YES,52
dbo,SystemSettings,GLCodeByReceipt,smallint,,5.0,0.0,YES,53
dbo,SystemSettings,MultiPlantOption,smallint,,5.0,0.0,YES,54
dbo,SystemSettings,ReportDirectory,varchar,255.0,,,YES,55
dbo,SystemSettings,AutoDeduct,smallint,,5.0,0.0,YES,56
dbo,SystemSettings,MRExtraPassOption,smallint,,5.0,0.0,YES,57
dbo,SystemSettings,DupCust,smallint,,5.0,0.0,YES,58
dbo,SystemSettings,UAName,varchar,255.0,,,YES,59
dbo,SystemSettings,NoHistoryEdit,smallint,,5.0,0.0,YES,60
dbo,SystemSettings,DistributeChargeback,smallint,,5.0,0.0,YES,61
dbo,SystemSettings,UseCustomerAccount,smallint,,5.0,0.0,YES,62
dbo,SystemSettings,UseHoldShipping,smallint,,5.0,0.0,YES,63
dbo,SystemSettings,MYOBCountry,varchar,100.0,,,YES,64
dbo,SystemSettings,POReceiptOption,smallint,,5.0,0.0,YES,65
dbo,SystemSettings,RequireComponent,smallint,,5.0,0.0,YES,66
dbo,SystemSettings,DefaultCBToPercentage,smallint,,5.0,0.0,YES,67
dbo,SystemSettings,UpFrontPath,varchar,255.0,,,YES,68
dbo,SystemSettings,SortByDateOption,smallint,,5.0,0.0,YES,69
dbo,SystemSettings,DataCollectionProtect,smallint,,5.0,0.0,YES,70
dbo,SystemSettings,CancelEstimateOption,smallint,,5.0,0.0,YES,71
dbo,SystemSettings,OSSPriceOption,smallint,,5.0,0.0,YES,72
dbo,SystemSettings,Optimized,smallint,,5.0,0.0,YES,73
dbo,SystemSettings,SortByPONumberOption,smallint,,5.0,0.0,YES,74
dbo,SystemSettings,NoCompleteEdit,smallint,,5.0,0.0,YES,75
dbo,SystemSettings,NoShipFGDeduct,smallint,,5.0,0.0,YES,76
dbo,SystemSettings,UpdateCustomerOption,smallint,,5.0,0.0,YES,77
dbo,SystemSettings,JDFLocation,varchar,255.0,,,YES,78
dbo,SystemSettings,DistributedHoursOption,smallint,,5.0,0.0,YES,79
dbo,SystemSettings,HoldOnCreateOrder,smallint,,5.0,0.0,YES,80
dbo,SystemSettings,BackOrderOption,smallint,,5.0,0.0,YES,81
dbo,SystemSettings,IncomingJDFLocation,varchar,255.0,,,YES,82
dbo,SystemSettings,BWConsolidateSalesAccounts,smallint,,5.0,0.0,YES,83
dbo,SystemSettings,PreCollatedOption,smallint,,5.0,0.0,YES,84
dbo,SystemSettings,CombineReqOption,smallint,,5.0,0.0,YES,85
dbo,SystemSettings,CopyInstructionsOption,smallint,,5.0,0.0,YES,86
dbo,SystemSettings,CreateOpr,varchar,50.0,,,YES,87
dbo,SystemSettings,CreateDatim,datetime,,,,YES,88
dbo,SystemSettings,UpdateOpr,varchar,50.0,,,YES,89
dbo,SystemSettings,Updatedatim,datetime,,,,YES,90
dbo,SystemSettings,PromptCustomerUpdate,smallint,,5.0,0.0,YES,91
dbo,SystemSettings,HorizontalBleed,real,,24.0,,YES,92
dbo,SystemSettings,SchPreviouseOperation,smallint,,5.0,0.0,YES,93
dbo,SystemSettings,MandatoryPurchasingAgent,smallint,,5.0,0.0,YES,94
dbo,SystemSettings,SchedulebyDays,smallint,,5.0,0.0,YES,95
dbo,SystemSettings,POLotNumberOption,smallint,,5.0,0.0,YES,96
dbo,SystemSettings,EstimateWriteBackOption,smallint,,5.0,0.0,YES,97
dbo,SystemSettings,UseQuickBooksItems,smallint,,5.0,0.0,YES,98
dbo,SystemSettings,UpFrontVersion,smallint,,5.0,0.0,YES,99
dbo,SystemSettings,DefaultKeyNumberSortOnCopy,smallint,,5.0,0.0,YES,100
dbo,SystemSettings,UseNewScheduling,smallint,,5.0,0.0,YES,101
dbo,SystemSettings,ProductionCommentsAlert,smallint,,5.0,0.0,YES,102
dbo,SystemSettings,PromptMarkupUpdate,smallint,,5.0,0.0,YES,103
dbo,SystemSettings,HPOutgoingJDF,varchar,255.0,,,YES,104
dbo,SystemSettings,PrintTalkApplication,varchar,100.0,,,YES,105
dbo,SystemSettings,CSRMandatory,smallint,,5.0,0.0,YES,106
dbo,SystemSettings,EstimatorMandatory,smallint,,5.0,0.0,YES,107
dbo,SystemSettings,BWVersion,real,,24.0,,YES,108
dbo,SystemSettings,StoreImagesInDB,smallint,,5.0,0.0,YES,109
dbo,SystemSettings,OSSCostCenter,int,,10.0,0.0,YES,110
dbo,SystemSettings,SetManualPriceOption,smallint,,5.0,0.0,YES,111
dbo,SystemSettings,NoPaperWarning,smallint,,5.0,0.0,YES,112
dbo,SystemSettings,RestrictInvoiceonSingleJobCloseOut,smallint,,5.0,0.0,YES,113
dbo,SystemSettings,ShowScheduledJobs,smallint,,5.0,0.0,YES,114
dbo,SystemSettings,POUseOrderUnitCost,int,,10.0,0.0,YES,115
dbo,SystemSettings,DontDeleteOnHand,smallint,,5.0,0.0,YES,116
dbo,SystemSettings,DontRecalculateOption,smallint,,5.0,0.0,YES,117
dbo,SystemSettings,NoValidPOJobNumber,smallint,,5.0,0.0,YES,118
dbo,SystemSettings,UseOnHandUnitCost,smallint,,5.0,0.0,YES,119
dbo,SystemSettings,OEContactMandatory,smallint,,5.0,0.0,YES,120
dbo,SystemSettings,RestrictFromPostedInvoiceDeleteModify,smallint,,5.0,0.0,YES,121
dbo,SystemSettings,OversOption,smallint,,5.0,0.0,YES,122
dbo,SystemSettings,DontDiscountManualPrice,smallint,,5.0,0.0,YES,123
dbo,SystemSettings,FGUseShipQty,smallint,,5.0,0.0,YES,124
dbo,SystemSettings,PromptTemplateReload,smallint,,5.0,0.0,YES,125
dbo,SystemSettings,POEditRestriction,smallint,,5.0,0.0,YES,126
dbo,SystemSettings,CustomerFileManagementRootFolder,varchar,255.0,,,YES,127
dbo,SystemSettings,UseTextFileFolderStructure,smallint,,5.0,0.0,YES,128
dbo,SystemSettings,LoadByJobPlan,smallint,,5.0,0.0,YES,129
dbo,SystemSettings,InternalCustAccount,varchar,50.0,,,YES,130
dbo,SystemSettings,MultiShipOption,smallint,,5.0,0.0,YES,131
dbo,SystemSettings,ArchiveRootFolder,varchar,255.0,,,YES,132
dbo,SystemSettings,UseActualCostForFinGoods,smallint,,5.0,0.0,YES,133
dbo,SystemSettings,UseAccumulatingSpoilage,smallint,,5.0,0.0,YES,134
dbo,SystemSettings,ExcludeCommissionsOnManualPrice,smallint,,5.0,0.0,YES,135
dbo,SystemSettings,CostCenterRouting,int,,10.0,0.0,YES,136
dbo,SystemSettings,AutoLoadStartTimes,smallint,,5.0,0.0,YES,137
dbo,SystemSettings,RFQDueDateDefault,smallint,,5.0,0.0,YES,138
dbo,SystemSettings,LowInventoryWarning,smallint,,5.0,0.0,YES,139
dbo,SystemSettings,POEqualsJobNumber,smallint,,5.0,0.0,YES,140
dbo,SystemSettings,ShipmentTrackingLink,varchar,255.0,,,YES,141
dbo,SystemSettings,ComponentDatesOption,varchar,255.0,,,YES,142
dbo,SystemSettings,POPlantIDMandatory,smallint,,5.0,0.0,YES,143
dbo,SystemSettings,AutomateJobCompletion,smallint,,5.0,0.0,YES,144
dbo,SystemSettings,AllowMoveJobsToHistory,smallint,,5.0,0.0,YES,145
dbo,SystemSettings,CBCodeSegments,int,,10.0,0.0,YES,146
dbo,SystemSettings,CBCodeSegmentSize,int,,10.0,0.0,YES,147
dbo,SystemSettings,DontRequisitionPaperSpoilage,int,,10.0,0.0,YES,148
dbo,SystemSettings,AutoRequisitionOption,int,,10.0,0.0,YES,149
dbo,SystemSettings,ValidMaterialCode,int,,10.0,0.0,YES,150
dbo,SystemSettings,OSSGLCodeRequired,smallint,,5.0,0.0,YES,151
dbo,SystemSettings,HideHeaderDueDates,smallint,,5.0,0.0,YES,152
dbo,SystemSettings,UseUnitPriceShipToInventory,smallint,,5.0,0.0,YES,153
dbo,SystemSettings,ValidateShipmentTaxJ,smallint,,5.0,0.0,YES,154
dbo,SystemSettings,AutomateHoldStatus,smallint,,5.0,0.0,YES,155
dbo,SystemSettings,UseFolderCreationUtility,smallint,,5.0,0.0,YES,156
dbo,SystemSettings,DueDateEqualsShipDate,smallint,,5.0,0.0,YES,157
dbo,SystemSettings,DefaultProofDays,smallint,,5.0,0.0,YES,158
dbo,SystemSettings,DontSaveWithInactives,smallint,,5.0,0.0,YES,159
dbo,SystemSettings,NonPrintingComponents,smallint,,5.0,0.0,YES,160
dbo,SystemSettings,AutoUpdatePackageDates,smallint,,5.0,0.0,YES,161
dbo,SystemSettings,POLocationMandatory,smallint,,5.0,0.0,YES,162
dbo,SystemSettings,UseFGLotUnitPrice,smallint,,5.0,0.0,YES,163
dbo,SystemSettings,ManualPriceMandatoryOnOrder,smallint,,5.0,0.0,YES,164
dbo,SystemSettings,MailingComponents,smallint,,5.0,0.0,YES,165
dbo,SystemSettings,CalcCommissionForFG,smallint,,5.0,0.0,YES,166
dbo,SystemSettings,UsePlateChangeRequiredOptionForFlexo,smallint,,5.0,0.0,YES,167
dbo,SystemSettings,AllowCustomerOversOverride,smallint,,5.0,0.0,YES,168
dbo,SystemSettings,UseFolderCreationUtilityForEstimates,smallint,,5.0,0.0,YES,169
dbo,TaxCode,Code,varchar,5.0,,,NO,1
dbo,TaxCode,Description,varchar,50.0,,,YES,2
dbo,TaxCode,TaxRate,real,,24.0,,YES,3
dbo,TaxCode,TaxExempt,bit,,,,YES,4
dbo,TaxCode,Limit,money,,19.0,4.0,YES,5
dbo,TaxCode,EntryDate,datetime,,,,YES,6
dbo,TaxCode,EntryTime,datetime,,,,YES,7
dbo,TaxCode,GLAccount,varchar,50.0,,,YES,8
dbo,TaxCode,GLSubAccount,varchar,24.0,,,YES,9
dbo,TaxCode,OverLimitRate,real,,24.0,,YES,10
dbo,TaxCode,CreateOpr,varchar,50.0,,,YES,11
dbo,TaxCode,CreateDatim,datetime,,,,YES,12
dbo,TaxCode,UpdateOpr,varchar,50.0,,,YES,13
dbo,TaxCode,Updatedatim,datetime,,,,YES,14
dbo,TaxCode,QuickBooksCode,varchar,50.0,,,YES,15
dbo,TaxCode,TaxFreight,smallint,,5.0,0.0,YES,16
dbo,TaxCode,QuickBooksTaxAgency,varchar,50.0,,,YES,17
dbo,TaxCode,PeachtreeTaxCode,varchar,50.0,,,YES,18
dbo,TaxCode,TaxHandling,smallint,,5.0,0.0,YES,19
dbo,TaxCode,TaxPostage,smallint,,5.0,0.0,YES,20
dbo,TaxExemption,ID,int,,10.0,0.0,NO,1
dbo,TaxExemption,TaxCode,varchar,5.0,,,YES,2
dbo,TaxExemption,ExemptItemCode,varchar,20.0,,,YES,3
dbo,TaxExemption,ExemptItemType,varchar,15.0,,,YES,4
dbo,TaxExemption,CreateOpr,varchar,50.0,,,YES,5
dbo,TaxExemption,CreateDatim,datetime,,,,YES,6
dbo,TaxExemption,UpdateOpr,varchar,50.0,,,YES,7
dbo,TaxExemption,Updatedatim,datetime,,,,YES,8
dbo,TaxJurisdiction,Code,varchar,5.0,,,NO,1
dbo,TaxJurisdiction,Description,varchar,50.0,,,YES,2
dbo,TaxJurisdiction,CreateOpr,varchar,50.0,,,YES,3
dbo,TaxJurisdiction,CreateDatim,datetime,,,,YES,4
dbo,TaxJurisdiction,UpdateOpr,varchar,50.0,,,YES,5
dbo,TaxJurisdiction,UpdateDatim,datetime,,,,YES,6
dbo,TaxJurisdiction,TaxFreight,smallint,,5.0,0.0,YES,7
dbo,TaxJurisdiction,CompoundTax,smallint,,5.0,0.0,YES,8
dbo,TaxJurisdiction,TaxHandling,smallint,,5.0,0.0,YES,9
dbo,TaxJurisdiction,MaterialOnlyOption,smallint,,5.0,0.0,YES,10
dbo,TaxJurisdiction,ZipCode,varchar,10.0,,,YES,11
dbo,TaxJurisdiction,Plus4Low,int,,10.0,0.0,YES,12
dbo,TaxJurisdiction,Plus4High,int,,10.0,0.0,YES,13
dbo,TaxJurisdiction,QuickbooksCode,varchar,50.0,,,YES,14
dbo,TaxJurisdiction,AvaTaxCode,varchar,50.0,,,YES,15
dbo,TaxJurisdiction,AvaTaxFreightCode,varchar,50.0,,,YES,16
dbo,TaxJurisdiction,AvaTaxPostageCode,varchar,50.0,,,YES,17
dbo,TaxJurisdiction,TaxPostage,smallint,,5.0,0.0,YES,18
dbo,TaxJurisdiction,AvataxItemCodeOption,smallint,,5.0,0.0,NO,19
dbo,TaxJurisdiction,AvaTaxCreditCardFeeCode,varchar,50.0,,,YES,20
dbo,TaxJurisdiction,TaxCreditCardFee,smallint,,5.0,0.0,YES,21
dbo,TaxJurisdictionItems,TaxJurisdictionCode,varchar,5.0,,,NO,1
dbo,TaxJurisdictionItems,TaxCode,varchar,5.0,,,NO,2
dbo,TaxJurisdictionItems,CreateOpr,varchar,50.0,,,YES,3
dbo,TaxJurisdictionItems,CreateDatim,datetime,,,,YES,4
dbo,TaxJurisdictionItems,UpdateOpr,varchar,50.0,,,YES,5
dbo,TaxJurisdictionItems,UpdateDatim,datetime,,,,YES,6
dbo,TeamHeader,TeamID,int,,10.0,0.0,NO,1
dbo,TeamHeader,TeamLeaderCode,varchar,5.0,,,YES,2
dbo,TeamHeader,Description,varchar,50.0,,,YES,3
dbo,TeamHeader,EntryDate,datetime,,,,YES,4
dbo,TeamHeader,EntryTime,datetime,,,,YES,5
dbo,TeamHeader,IsTemplate,smallint,,5.0,0.0,YES,6
dbo,TeamHeader,CreateOpr,varchar,50.0,,,YES,7
dbo,TeamHeader,CreateDatim,datetime,,,,YES,8
dbo,TeamHeader,UpdateOpr,varchar,50.0,,,YES,9
dbo,TeamHeader,Updatedatim,datetime,,,,YES,10
dbo,TeamHeader,DepartmentCode,varchar,5.0,,,YES,11
dbo,TeamHeader,HelperCodeOption,smallint,,5.0,0.0,YES,12
dbo,TeamMember,TeamMemberID,int,,10.0,0.0,NO,1
dbo,TeamMember,TeamID,int,,10.0,0.0,YES,2
dbo,TeamMember,MemberCode,varchar,5.0,,,YES,3
dbo,TeamMember,HelperCode,int,,10.0,0.0,YES,4
dbo,TeamMember,EntryDate,datetime,,,,YES,5
dbo,TeamMember,EntryTime,datetime,,,,YES,6
dbo,TeamMember,CreateOpr,varchar,50.0,,,YES,7
dbo,TeamMember,CreateDatim,datetime,,,,YES,8
dbo,TeamMember,UpdateOpr,varchar,50.0,,,YES,9
dbo,TeamMember,Updatedatim,datetime,,,,YES,10
dbo,TempAnalysis,QuantityLineNo,smallint,,5.0,0.0,NO,1
dbo,TempAnalysis,GroupNo,smallint,,5.0,0.0,NO,2
dbo,TempAnalysis,ItemNumber,smallint,,5.0,0.0,NO,3
dbo,TempAnalysis,PartNumber,smallint,,5.0,0.0,NO,4
dbo,TempAnalysis,UserID,varchar,20.0,,,NO,5
dbo,TempAnalysis,Code,int,,10.0,0.0,YES,6
dbo,TempAnalysis,Quantity,int,,10.0,0.0,YES,7
dbo,TempAnalysis,ProductionQuantity,float,,53.0,,YES,8
dbo,TempAnalysis,MaterialQuantity,float,,53.0,,YES,9
dbo,TempAnalysis,ProductionMinutes,float,,53.0,,YES,10
dbo,TempAnalysis,ProductionCost,money,,19.0,4.0,YES,11
dbo,TempAnalysis,MaterialCost,money,,19.0,4.0,YES,12
dbo,TempAnalysis,OSCost,money,,19.0,4.0,YES,13
dbo,TempAnalysis,ProductionMarkup,real,,24.0,,YES,14
dbo,TempAnalysis,MaterialMarkup,real,,24.0,,YES,15
dbo,TempAnalysis,OSMarkup,real,,24.0,,YES,16
dbo,TempAnalysis,StockPounds,float,,53.0,,YES,17
dbo,TempAnalysis,RunSpeed,int,,10.0,0.0,YES,18
dbo,TempAnalysis,ProductionPrice,money,,19.0,4.0,YES,19
dbo,TempAnalysis,MaterialPrice,money,,19.0,4.0,YES,20
dbo,TempAnalysis,OSPrice,money,,19.0,4.0,YES,21
dbo,TempAnalysis,TotalPrice,money,,19.0,4.0,YES,22
dbo,TempAnalysis,DMProductionCost,money,,19.0,4.0,YES,23
dbo,TempAnalysis,FixedQuantity,float,,53.0,,YES,24
dbo,TempAnalysis,CommissionAmount,money,,19.0,4.0,YES,25
dbo,TempAnalysis,ProcessDescription,varchar,1000.0,,,YES,26
dbo,TempAnalysis,ComponentDescription,varchar,100.0,,,YES,27
dbo,TempAnalysis,CreateOpr,varchar,50.0,,,YES,28
dbo,TempAnalysis,CreateDatim,datetime,,,,YES,29
dbo,TempAnalysis,UpdateOpr,varchar,50.0,,,YES,30
dbo,TempAnalysis,Updatedatim,datetime,,,,YES,31
dbo,TempAnalysis,ProcessCode,int,,10.0,0.0,YES,32
dbo,TempAnalysis,MaterialCode,varchar,50.0,,,YES,33
dbo,TempAnalysis,JobNumber,varchar,20.0,,,YES,34
dbo,TempAnalysis,TotalClickCost,money,,19.0,4.0,YES,35
dbo,TempAnalysis,Lots,int,,10.0,0.0,YES,36
dbo,TempAnalysis,AddToTemplatePrice,smallint,,5.0,0.0,YES,37
dbo,TempAnalysis,ManualPrice,money,,19.0,4.0,YES,38
dbo,TempCheckRegister,ID,int,,10.0,0.0,NO,1
dbo,TempCheckRegister,VendorID,varchar,20.0,,,YES,2
dbo,TempCheckRegister,TransactionNumber,int,,10.0,0.0,YES,3
dbo,TempCheckRegister,DocumentNumber,varchar,30.0,,,YES,4
dbo,TempCheckRegister,TransactionDate,datetime,,,,YES,5
dbo,TempCheckRegister,DueDate,datetime,,,,YES,6
dbo,TempCheckRegister,NetVal,money,,19.0,4.0,YES,7
dbo,TempCheckRegister,DiscountVal,money,,19.0,4.0,YES,8
dbo,TempCheckRegister,TotalVal,money,,19.0,4.0,YES,9
dbo,TempCheckRegister,CreateOpr,varchar,50.0,,,YES,10
dbo,TempCheckRegister,CreateDatim,datetime,,,,YES,11
dbo,TempCheckRegister,UpdateOpr,varchar,50.0,,,YES,12
dbo,TempCheckRegister,UpdateDatim,datetime,,,,YES,13
dbo,TempComponents,JobNumber,varchar,20.0,,,NO,1
dbo,TempComponents,Form1,varchar,2.0,,,YES,2
dbo,TempComponents,Form2,varchar,2.0,,,YES,3
dbo,TempComponents,Form3,varchar,2.0,,,YES,4
dbo,TempComponents,Form4,varchar,2.0,,,YES,5
dbo,TempComponents,Form5,varchar,2.0,,,YES,6
dbo,TempComponents,Form6,varchar,2.0,,,YES,7
dbo,TempComponents,Form7,varchar,2.0,,,YES,8
dbo,TempComponents,Form8,varchar,2.0,,,YES,9
dbo,TempComponents,Form9,varchar,2.0,,,YES,10
dbo,TempComponents,Form10,varchar,2.0,,,YES,11
dbo,TempComponents,Form11,varchar,2.0,,,YES,12
dbo,TempComponents,Form12,varchar,2.0,,,YES,13
dbo,TempComponents,Form13,varchar,2.0,,,YES,14
dbo,TempComponents,Form14,varchar,2.0,,,YES,15
dbo,TempComponents,Form15,varchar,2.0,,,YES,16
dbo,TempComponents,Form16,varchar,2.0,,,YES,17
dbo,TempComponents,Form17,varchar,2.0,,,YES,18
dbo,TempComponents,Form18,varchar,2.0,,,YES,19
dbo,TempComponents,Form19,varchar,2.0,,,YES,20
dbo,TempComponents,Form20,varchar,2.0,,,YES,21
dbo,TempComponents,Form21,varchar,2.0,,,YES,22
dbo,TempComponents,Form22,varchar,2.0,,,YES,23
dbo,TempComponents,Form23,varchar,2.0,,,YES,24
dbo,TempComponents,Form24,varchar,2.0,,,YES,25
dbo,TempComponents,Form25,varchar,2.0,,,YES,26
dbo,TempComponents,Form26,varchar,2.0,,,YES,27
dbo,TempComponents,Quantity1,int,,10.0,0.0,YES,28
dbo,TempComponents,Quantity2,int,,10.0,0.0,YES,29
dbo,TempComponents,Quantity3,int,,10.0,0.0,YES,30
dbo,TempComponents,Quantity4,int,,10.0,0.0,YES,31
dbo,TempComponents,Quantity5,int,,10.0,0.0,YES,32
dbo,TempComponents,Quantity6,int,,10.0,0.0,YES,33
dbo,TempComponents,Quantity7,int,,10.0,0.0,YES,34
dbo,TempComponents,Quantity8,int,,10.0,0.0,YES,35
dbo,TempComponents,Quantity9,int,,10.0,0.0,YES,36
dbo,TempComponents,Quantity10,int,,10.0,0.0,YES,37
dbo,TempComponents,Quantity11,int,,10.0,0.0,YES,38
dbo,TempComponents,Quantity12,int,,10.0,0.0,YES,39
dbo,TempComponents,Quantity13,int,,10.0,0.0,YES,40
dbo,TempComponents,Quantity14,int,,10.0,0.0,YES,41
dbo,TempComponents,Quantity15,int,,10.0,0.0,YES,42
dbo,TempComponents,Quantity16,int,,10.0,0.0,YES,43
dbo,TempComponents,Quantity17,int,,10.0,0.0,YES,44
dbo,TempComponents,Quantity18,int,,10.0,0.0,YES,45
dbo,TempComponents,Quantity19,int,,10.0,0.0,YES,46
dbo,TempComponents,Quantity20,int,,10.0,0.0,YES,47
dbo,TempComponents,Quantity21,int,,10.0,0.0,YES,48
dbo,TempComponents,Quantity22,int,,10.0,0.0,YES,49
dbo,TempComponents,Quantity23,int,,10.0,0.0,YES,50
dbo,TempComponents,Quantity24,int,,10.0,0.0,YES,51
dbo,TempComponents,Quantity25,int,,10.0,0.0,YES,52
dbo,TempComponents,Quantity26,int,,10.0,0.0,YES,53
dbo,TempComponents,CreateOpr,varchar,50.0,,,YES,54
dbo,TempComponents,CreateDatim,datetime,,,,YES,55
dbo,TempComponents,UpdateOpr,varchar,50.0,,,YES,56
dbo,TempComponents,Updatedatim,datetime,,,,YES,57
dbo,TempDetailAging,ID,int,,10.0,0.0,NO,1
dbo,TempDetailAging,TransactionNumber,int,,10.0,0.0,YES,2
dbo,TempDetailAging,TransactionDate,datetime,,,,YES,3
dbo,TempDetailAging,DueDate,datetime,,,,YES,4
dbo,TempDetailAging,DocumentNumber,varchar,50.0,,,YES,5
dbo,TempDetailAging,DaysOld,int,,10.0,0.0,YES,6
dbo,TempDetailAging,OpenVal,money,,19.0,4.0,YES,7
dbo,TempDetailAging,CustAccount,varchar,50.0,,,YES,8
dbo,TempDetailAging,UserID,varchar,50.0,,,YES,9
dbo,TempDetailAging,Module,varchar,2.0,,,YES,10
dbo,TempDetailAging,TotalVal,money,,19.0,4.0,YES,11
dbo,TempDetailAging,TransactionType,varchar,50.0,,,YES,12
dbo,TempDetailAging,CreateOpr,varchar,50.0,,,YES,13
dbo,TempDetailAging,CreateDatim,datetime,,,,YES,14
dbo,TempDetailAging,UpdateOpr,varchar,50.0,,,YES,15
dbo,TempDetailAging,Updatedatim,datetime,,,,YES,16
dbo,TempDiagram,ID,int,,10.0,0.0,NO,1
dbo,TempDiagram,DiagramImage,image,2147483647.0,,,YES,2
dbo,TempDiagram,KeyNumber,varchar,50.0,,,YES,3
dbo,TempDiagram,Description,varchar,200.0,,,YES,4
dbo,TempDiagram,DueDate,datetime,,,,YES,5
dbo,TempDiagram,Quantity,int,,10.0,0.0,YES,6
dbo,TempDiagram,ParentSize,varchar,25.0,,,YES,7
dbo,TempDiagram,PressSize,varchar,25.0,,,YES,8
dbo,TempDiagram,FinishSize,varchar,25.0,,,YES,9
dbo,TempDiagram,FinalSize,varchar,25.0,,,YES,10
dbo,TempDiagram,ParentOuts,varchar,25.0,,,YES,11
dbo,TempDiagram,PressOuts,varchar,25.0,,,YES,12
dbo,TempDiagram,TotalWaste,varchar,25.0,,,YES,13
dbo,TempDiagram,ParentWaste,varchar,25.0,,,YES,14
dbo,TempDiagram,PressWaste,varchar,25.0,,,YES,15
dbo,TempDiagram,GripperSize,varchar,25.0,,,YES,16
dbo,TempDiagram,BleedSize,varchar,25.0,,,YES,17
dbo,TempDiagram,StockInfo,varchar,200.0,,,YES,18
dbo,TempDiagram,PressInfo,varchar,200.0,,,YES,19
dbo,TempDiagram,RunMethod,varchar,25.0,,,YES,20
dbo,TempDiagram,CustName,varchar,50.0,,,YES,21
dbo,TempDiagram,DiagramUntrimWidth,real,,24.0,,YES,22
dbo,TempDiagram,DiagramUntrimLength,real,,24.0,,YES,23
dbo,TempDiagram,DiagramPressWidth,real,,24.0,,YES,24
dbo,TempDiagram,DiagramPressLength,real,,24.0,,YES,25
dbo,TempDiagram,DiagramParentWidth,real,,24.0,,YES,26
dbo,TempDiagram,DiagramParentLength,real,,24.0,,YES,27
dbo,TempDiagram,HideParent,smallint,,5.0,0.0,YES,28
dbo,TempDiagram,CreateOpr,varchar,50.0,,,YES,29
dbo,TempDiagram,CreateDatim,datetime,,,,YES,30
dbo,TempDistributions,GLAccount,varchar,50.0,,,NO,1
dbo,TempDistributions,DistributionAmount,money,,19.0,4.0,YES,2
dbo,TempDistributions,CreateOpr,varchar,50.0,,,YES,3
dbo,TempDistributions,CreateDatim,datetime,,,,YES,4
dbo,TempDistributions,UpdateOpr,varchar,50.0,,,YES,5
dbo,TempDistributions,Updatedatim,datetime,,,,YES,6
dbo,TempEstimateQtyTable,UserID,varchar,20.0,,,NO,1
dbo,TempEstimateQtyTable,QuantityLineNo,int,,10.0,0.0,NO,2
dbo,TempEstimateQtyTable,EstimateNumber,varchar,20.0,,,YES,3
dbo,TempEstimateQtyTable,ComponentNumber,smallint,,5.0,0.0,YES,4
dbo,TempEstimateQtyTable,Quantity,int,,10.0,0.0,YES,5
dbo,TempEstimateQtyTable,ProductionMarkup,real,,24.0,,YES,6
dbo,TempEstimateQtyTable,MaterialMarkup,real,,24.0,,YES,7
dbo,TempEstimateQtyTable,StockMarkup,real,,24.0,,YES,8
dbo,TempEstimateQtyTable,EntryDate,datetime,,,,YES,9
dbo,TempEstimateQtyTable,EntryTime,datetime,,,,YES,10
dbo,TempEstimateQtyTable,JobNumber,varchar,20.0,,,YES,11
dbo,TempEstimateQtyTable,RFQ,varchar,20.0,,,YES,12
dbo,TempEstimateQtyTable,ManualPrice,money,,19.0,4.0,YES,13
dbo,TempEstimateQtyTable,ProductionCost,money,,19.0,4.0,YES,14
dbo,TempEstimateQtyTable,MaterialCost,money,,19.0,4.0,YES,15
dbo,TempEstimateQtyTable,StockCost,money,,19.0,4.0,YES,16
dbo,TempEstimateQtyTable,OSCost,money,,19.0,4.0,YES,17
dbo,TempEstimateQtyTable,ProductionPrice,money,,19.0,4.0,YES,18
dbo,TempEstimateQtyTable,MaterialPrice,money,,19.0,4.0,YES,19
dbo,TempEstimateQtyTable,StockPrice,money,,19.0,4.0,YES,20
dbo,TempEstimateQtyTable,OSPrice,money,,19.0,4.0,YES,21
dbo,TempEstimateQtyTable,TotalMinutes,real,,24.0,,YES,22
dbo,TempEstimateQtyTable,TotalCost,money,,19.0,4.0,YES,23
dbo,TempEstimateQtyTable,TotalPrice,money,,19.0,4.0,YES,24
dbo,TempEstimateQtyTable,Description,varchar,50.0,,,YES,25
dbo,TempEstimateQtyTable,CreateOpr,varchar,50.0,,,YES,26
dbo,TempEstimateQtyTable,CreateDatim,datetime,,,,YES,27
dbo,TempEstimateQtyTable,UpdateOpr,varchar,50.0,,,YES,28
dbo,TempEstimateQtyTable,Updatedatim,datetime,,,,YES,29
dbo,TempInLineOps,JobNumber,varchar,20.0,,,NO,1
dbo,TempInLineOps,ComponentNumber,smallint,,5.0,0.0,NO,2
dbo,TempInLineOps,Description1,varchar,50.0,,,YES,3
dbo,TempInLineOps,Description2,varchar,50.0,,,YES,4
dbo,TempInLineOps,Description3,varchar,50.0,,,YES,5
dbo,TempInLineOps,Description4,varchar,50.0,,,YES,6
dbo,TempInLineOps,Description5,varchar,50.0,,,YES,7
dbo,TempInLineOps,CreateOpr,varchar,50.0,,,YES,8
dbo,TempInLineOps,CreateDatim,datetime,,,,YES,9
dbo,TempInLineOps,UpdateOpr,varchar,50.0,,,YES,10
dbo,TempInLineOps,Updatedatim,datetime,,,,YES,11
dbo,TempInventorySummary,ID,int,,10.0,0.0,NO,1
dbo,TempInventorySummary,MaterialCode,varchar,50.0,,,YES,2
dbo,TempInventorySummary,Difference,float,,53.0,,YES,3
dbo,TempInventorySummary,ClosingBalance,float,,53.0,,YES,4
dbo,TempInventorySummary,CreateOpr,varchar,50.0,,,YES,5
dbo,TempInventorySummary,CreateDatim,datetime,,,,YES,6
dbo,TempInventorySummary,UpdateOpr,varchar,50.0,,,YES,7
dbo,TempInventorySummary,Updatedatim,datetime,,,,YES,8
dbo,TempInventorySummary,Quantity,float,,53.0,,YES,9
dbo,TempInventoryTransactions,ID,int,,10.0,0.0,NO,1
dbo,TempInventoryTransactions,MaterialCode,varchar,50.0,,,YES,2
dbo,TempInventoryTransactions,Quantity,float,,53.0,,YES,3
dbo,TempInventoryTransactions,CreateOpr,varchar,50.0,,,YES,4
dbo,TempInventoryTransactions,CreateDatim,datetime,,,,YES,5
dbo,TempInventoryTransactions,UpdateOpr,varchar,50.0,,,YES,6
dbo,TempInventoryTransactions,Updatedatim,datetime,,,,YES,7
dbo,TempInvoiceDistribution,InvoiceNumber,varchar,20.0,,,NO,1
dbo,TempInvoiceDistribution,LineNumber,smallint,,5.0,0.0,NO,2
dbo,TempInvoiceDistribution,GLAccount,varchar,50.0,,,NO,3
dbo,TempInvoiceDistribution,DistributionAmount,money,,19.0,4.0,YES,4
dbo,TempInvoiceDistribution,CreateOpr,varchar,50.0,,,YES,5
dbo,TempInvoiceDistribution,CreateDatim,datetime,,,,YES,6
dbo,TempInvoiceDistribution,UpdateOpr,varchar,50.0,,,YES,7
dbo,TempInvoiceDistribution,Updatedatim,datetime,,,,YES,8
dbo,TempInvoices,InvoiceNumber,varchar,20.0,,,NO,1
dbo,TempInvoices,LineNumber,smallint,,5.0,0.0,NO,2
dbo,TempInvoices,CustAccount,varchar,50.0,,,YES,3
dbo,TempInvoices,InvoiceDate,datetime,,,,YES,4
dbo,TempInvoices,SalesRepCode,varchar,5.0,,,YES,5
dbo,TempInvoices,TermsCode,varchar,5.0,,,YES,6
dbo,TempInvoices,Prepayment,money,,19.0,4.0,YES,7
dbo,TempInvoices,PostPeriod,varchar,2.0,,,YES,8
dbo,TempInvoices,PostYear,varchar,4.0,,,YES,9
dbo,TempInvoices,HeaderDescription,varchar,50.0,,,YES,10
dbo,TempInvoices,HeaderComments,varchar,2000.0,,,YES,11
dbo,TempInvoices,TotalSalesTax,money,,19.0,4.0,YES,12
dbo,TempInvoices,SalesTaxA,money,,19.0,4.0,YES,13
dbo,TempInvoices,SalesTaxB,money,,19.0,4.0,YES,14
dbo,TempInvoices,JobNumber,varchar,20.0,,,YES,15
dbo,TempInvoices,QtyOrdered,int,,10.0,0.0,YES,16
dbo,TempInvoices,QtyShipped,int,,10.0,0.0,YES,17
dbo,TempInvoices,Description,varchar,50.0,,,YES,18
dbo,TempInvoices,Comments,varchar,2000.0,,,YES,19
dbo,TempInvoices,UnitPrice,money,,19.0,4.0,YES,20
dbo,TempInvoices,ExtendedPrice,money,,19.0,4.0,YES,21
dbo,TempInvoices,Postage,money,,19.0,4.0,YES,22
dbo,TempInvoices,GLSalesCode,varchar,50.0,,,YES,23
dbo,TempInvoices,Taxable,tinyint,,3.0,0.0,YES,24
dbo,TempInvoices,FreightCost,money,,19.0,4.0,YES,25
dbo,TempInvoices,PONumber,varchar,20.0,,,YES,26
dbo,TempInvoices,CommissionExempt,money,,19.0,4.0,YES,27
dbo,TempInvoices,TaxableAmount,money,,19.0,4.0,YES,28
dbo,TempInvoices,NonTaxableAmount,money,,19.0,4.0,YES,29
dbo,TempInvoices,TotalFreight,money,,19.0,4.0,YES,30
dbo,TempInvoices,PaymentMethod,varchar,50.0,,,YES,31
dbo,TempInvoices,CreateOpr,varchar,50.0,,,YES,32
dbo,TempInvoices,CreateDatim,datetime,,,,YES,33
dbo,TempInvoices,UpdateOpr,varchar,50.0,,,YES,34
dbo,TempInvoices,Updatedatim,datetime,,,,YES,35
dbo,TempInvoices,UserDefined2,varchar,50.0,,,YES,36
dbo,TemplateCategory,Code,varchar,5.0,,,NO,1
dbo,TemplateCategory,Description,varchar,50.0,,,YES,2
dbo,TemplateCategory,EntryDate,datetime,,,,YES,3
dbo,TemplateCategory,EntryTime,datetime,,,,YES,4
dbo,TemplateCategory,CreateOpr,varchar,50.0,,,YES,5
dbo,TemplateCategory,CreateDatim,datetime,,,,YES,6
dbo,TemplateCategory,UpdateOpr,varchar,50.0,,,YES,7
dbo,TemplateCategory,Updatedatim,datetime,,,,YES,8
dbo,TemplateCategory,RecordType,varchar,1.0,,,YES,9
dbo,TemplateCategory,OnLineDescription,varchar,50.0,,,YES,10
dbo,TemplateCategory,JDFExport,smallint,,5.0,0.0,YES,11
dbo,TemplateCategory,ConversionRate,real,,24.0,,YES,12
dbo,TemplateCategory,ComponentType,varchar,20.0,,,YES,13
dbo,TemplateCategory,TemplateType,smallint,,5.0,0.0,YES,14
dbo,TemplateCategory,PlantID,varchar,5.0,,,YES,15
dbo,TemplateCategory,CurrencySymbol,varchar,1.0,,,YES,16
dbo,TemplateCategory,MerchantID,varchar,50.0,,,YES,17
dbo,TemplateCustomerGrid,TemplateCode,varchar,50.0,,,NO,1
dbo,TemplateCustomerGrid,CustAccount,varchar,50.0,,,NO,2
dbo,TemplateCustomerGrid,Quantity,int,,10.0,0.0,NO,3
dbo,TemplateCustomerGrid,UnitCost,money,,19.0,4.0,YES,4
dbo,TemplateCustomerGrid,FixedCost,money,,19.0,4.0,YES,5
dbo,TemplateCustomerGrid,EntryDate,datetime,,,,YES,6
dbo,TemplateCustomerGrid,EntryTime,datetime,,,,YES,7
dbo,TemplateCustomerGrid,AddColorCost,money,,19.0,4.0,YES,8
dbo,TemplateCustomerGrid,Lots2,smallint,,5.0,0.0,YES,9
dbo,TemplateCustomerGrid,Lots3,smallint,,5.0,0.0,YES,10
dbo,TemplateCustomerGrid,Lots4,smallint,,5.0,0.0,YES,11
dbo,TemplateCustomerGrid,Lots5,smallint,,5.0,0.0,YES,12
dbo,TemplateCustomerGrid,Lots6,smallint,,5.0,0.0,YES,13
dbo,TemplateCustomerGrid,Lots7,smallint,,5.0,0.0,YES,14
dbo,TemplateCustomerGrid,Lots8,smallint,,5.0,0.0,YES,15
dbo,TemplateCustomerGrid,UnitCost2,money,,19.0,4.0,YES,16
dbo,TemplateCustomerGrid,UnitCost3,money,,19.0,4.0,YES,17
dbo,TemplateCustomerGrid,UnitCost4,money,,19.0,4.0,YES,18
dbo,TemplateCustomerGrid,UnitCost5,money,,19.0,4.0,YES,19
dbo,TemplateCustomerGrid,UnitCost6,money,,19.0,4.0,YES,20
dbo,TemplateCustomerGrid,UnitCost7,money,,19.0,4.0,YES,21
dbo,TemplateCustomerGrid,UnitCost8,money,,19.0,4.0,YES,22
dbo,TemplateCustomerGrid,CreateOpr,varchar,50.0,,,YES,23
dbo,TemplateCustomerGrid,CreateDatim,datetime,,,,YES,24
dbo,TemplateCustomerGrid,UpdateOpr,varchar,50.0,,,YES,25
dbo,TemplateCustomerGrid,Updatedatim,datetime,,,,YES,26
dbo,TemplateCustomerGrid,CustomerTypeCode,varchar,5.0,,,YES,27
dbo,TemplateCustomerGrid,ColorUnitCost,money,,19.0,4.0,YES,28
dbo,TemplateCustomerGrid,PromotionalCode,varchar,100.0,,,YES,29
dbo,TemplateCustomerGrid,ExpirationDate,datetime,,,,YES,30
dbo,TemplateCustomerGrid,LotCostIsTotal,smallint,,5.0,0.0,YES,31
dbo,TemplateCustomerGrid,Discount,real,,24.0,,YES,32
dbo,TemplateGrid,TemplateCode,varchar,50.0,,,NO,1
dbo,TemplateGrid,Quantity,int,,10.0,0.0,NO,2
dbo,TemplateGrid,UnitCost,money,,19.0,4.0,YES,3
dbo,TemplateGrid,FixedCost,money,,19.0,4.0,YES,4
dbo,TemplateGrid,EntryDate,datetime,,,,YES,5
dbo,TemplateGrid,EntryTime,datetime,,,,YES,6
dbo,TemplateGrid,AddColorCost,money,,19.0,4.0,YES,7
dbo,TemplateGrid,Lots2,smallint,,5.0,0.0,YES,8
dbo,TemplateGrid,Lots3,smallint,,5.0,0.0,YES,9
dbo,TemplateGrid,Lots4,smallint,,5.0,0.0,YES,10
dbo,TemplateGrid,Lots5,smallint,,5.0,0.0,YES,11
dbo,TemplateGrid,Lots6,smallint,,5.0,0.0,YES,12
dbo,TemplateGrid,Lots7,smallint,,5.0,0.0,YES,13
dbo,TemplateGrid,Lots8,smallint,,5.0,0.0,YES,14
dbo,TemplateGrid,UnitCost2,money,,19.0,4.0,YES,15
dbo,TemplateGrid,UnitCost3,money,,19.0,4.0,YES,16
dbo,TemplateGrid,UnitCost4,money,,19.0,4.0,YES,17
dbo,TemplateGrid,UnitCost5,money,,19.0,4.0,YES,18
dbo,TemplateGrid,UnitCost6,money,,19.0,4.0,YES,19
dbo,TemplateGrid,UnitCost7,money,,19.0,4.0,YES,20
dbo,TemplateGrid,UnitCost8,money,,19.0,4.0,YES,21
dbo,TemplateGrid,CreateOpr,varchar,50.0,,,YES,22
dbo,TemplateGrid,CreateDatim,datetime,,,,YES,23
dbo,TemplateGrid,UpdateOpr,varchar,50.0,,,YES,24
dbo,TemplateGrid,Updatedatim,datetime,,,,YES,25
dbo,TemplateGrid,ColorUnitCost,money,,19.0,4.0,YES,26
dbo,TemplateGrid,LotCostIsTotal,smallint,,5.0,0.0,YES,27
dbo,TemplateHeader,TemplateCode,varchar,50.0,,,NO,1
dbo,TemplateHeader,Description,varchar,255.0,,,YES,2
dbo,TemplateHeader,CompType,varchar,50.0,,,YES,3
dbo,TemplateHeader,PricingOption,smallint,,5.0,0.0,YES,4
dbo,TemplateHeader,PricingMethod,smallint,,5.0,0.0,YES,5
dbo,TemplateHeader,CategoryCode,varchar,5.0,,,YES,6
dbo,TemplateHeader,TemplateType,smallint,,5.0,0.0,YES,7
dbo,TemplateHeader,Option1,bit,,,,YES,8
dbo,TemplateHeader,MarkupTable,smallint,,5.0,0.0,YES,9
dbo,TemplateHeader,EntryDate,datetime,,,,YES,10
dbo,TemplateHeader,EntryTime,datetime,,,,YES,11
dbo,TemplateHeader,InksSide1,smallint,,5.0,0.0,YES,12
dbo,TemplateHeader,InksSide2,smallint,,5.0,0.0,YES,13
dbo,TemplateHeader,FinGoodCode,varchar,50.0,,,YES,14
dbo,TemplateHeader,CustAccount,varchar,50.0,,,YES,15
dbo,TemplateHeader,CreateOpr,varchar,50.0,,,YES,16
dbo,TemplateHeader,CreateDatim,datetime,,,,YES,17
dbo,TemplateHeader,UpdateOpr,varchar,50.0,,,YES,18
dbo,TemplateHeader,Updatedatim,datetime,,,,YES,19
dbo,TemplateHeader,PrintableID,varchar,50.0,,,YES,20
dbo,TemplateHeader,DetailDescription,varchar,2000.0,,,YES,21
dbo,TemplateHeader,MaterialCode,varchar,50.0,,,YES,22
dbo,TemplateHeader,UserDefined1,varchar,50.0,,,YES,23
dbo,TemplateHeader,UserDefined2,varchar,50.0,,,YES,24
dbo,TemplateHeader,GangRunTemplate,smallint,,5.0,0.0,YES,25
dbo,TemplateHeader,PlantID,varchar,3.0,,,YES,26
dbo,TemplateHeader,CreateFGComponent,smallint,,5.0,0.0,YES,27
dbo,TemplateHeader,UsePressGrid,smallint,,5.0,0.0,YES,28
dbo,TemplateHeader,DieCategory,varchar,5.0,,,YES,29
dbo,TemplateHeader,MultiPlantTemplate,smallint,,5.0,0.0,YES,30
dbo,TemplateHeader,UseDMRate,smallint,,5.0,0.0,YES,31
dbo,TemplateHeader,PriceOverrideOption,smallint,,5.0,0.0,YES,32
dbo,TemplateHeader,AddMCost,money,,19.0,4.0,YES,33
dbo,TemplateHeader,RFQDescription,varchar,255.0,,,YES,34
dbo,TemplateHeader,XeroxProductionMethod,varchar,255.0,,,YES,35
dbo,TemplateHeader,OHUserDefined1,varchar,50.0,,,YES,36
dbo,TemplateHeader,OHUserDefined2,varchar,50.0,,,YES,37
dbo,TemplateHeader,OHUserDefined3,varchar,50.0,,,YES,38
dbo,TemplateHeader,OHUserDefined4,varchar,50.0,,,YES,39
dbo,TemplateHeader,OHUserDefined5,varchar,50.0,,,YES,40
dbo,TemplateHeader,OHUserDefined6,varchar,50.0,,,YES,41
dbo,TemplateHeader,SaveOrderUDFields,smallint,,5.0,0.0,YES,42
dbo,TemplateHeader,CalculateDigitalOnSets,smallint,,5.0,0.0,YES,43
dbo,TemplateHeader,ExternalTemplateCode,varchar,100.0,,,YES,44
dbo,TemplateHeader,ExternalTemplateFile,varchar,255.0,,,YES,45
dbo,TemplateHeader,WeightPerM,real,,24.0,,YES,46
dbo,TemplateHeader,OHUserDefined7,varchar,50.0,,,YES,47
dbo,TemplateHeader,DontAddCommission,smallint,,5.0,0.0,YES,48
dbo,TemplateHeader,FormNumber,varchar,30.0,,,YES,49
dbo,TemplateHeader,PrepressCutterCode,int,,10.0,0.0,YES,50
dbo,TemplateHeader,PostpressCutterCode,int,,10.0,0.0,YES,51
dbo,TemplateHeader,FolderCode,int,,10.0,0.0,YES,52
dbo,TemplateHeader,Color1SidedSheets,int,,10.0,0.0,YES,53
dbo,TemplateHeader,Color2SidedSheets,int,,10.0,0.0,YES,54
dbo,TemplateHeader,ComboSheets,int,,10.0,0.0,YES,55
dbo,TemplateImage,ImageID,int,,10.0,0.0,NO,1
dbo,TemplateImage,TemplateCode,varchar,50.0,,,YES,2
dbo,TemplateImage,TemplateImage,image,2147483647.0,,,YES,3
dbo,TemplateImage,FileName,varchar,256.0,,,YES,4
dbo,TemplateImage,FileType,varchar,50.0,,,YES,5
dbo,TemplateImage,FileSize,int,,10.0,0.0,YES,6
dbo,TemplateImage,Createdatim,datetime,,,,YES,7
dbo,TemplateImage,CreateOpr,varchar,50.0,,,YES,8
dbo,TemplateImage,Page,int,,10.0,0.0,YES,9
dbo,TemplateImage,ImageTypeCode,varchar,5.0,,,YES,10
dbo,TemplateImage,Comments,varchar,2000.0,,,YES,11
dbo,TemplateInkPrice,ID,int,,10.0,0.0,NO,1
dbo,TemplateInkPrice,TemplateCode,varchar,50.0,,,YES,2
dbo,TemplateInkPrice,InkTemplateID,int,,10.0,0.0,YES,3
dbo,TemplateInkPrice,PerLotAmount,money,,19.0,4.0,YES,4
dbo,TemplateInkPrice,PerOrderAmount,money,,19.0,4.0,YES,5
dbo,TemplateInkPrice,PerEachAmount,money,,19.0,4.0,YES,6
dbo,TemplateInkPrice,PricingMethod,int,,10.0,0.0,YES,7
dbo,TemplateInkPrice,Updatedatim,datetime,,,,YES,8
dbo,TemplateInkPrice,UpdateOpr,varchar,50.0,,,YES,9
dbo,TemplateInkPrice,Createdatim,datetime,,,,YES,10
dbo,TemplateInkPrice,CreateOpr,varchar,50.0,,,YES,11
dbo,TemplateInkPrice,UseEffectiveLots,smallint,,5.0,0.0,YES,12
dbo,TemplateInkPrice,RunOnPrice,money,,19.0,4.0,YES,13
dbo,TemplateInkPrice,CustAccount,varchar,50.0,,,YES,14
dbo,TemplateInkPriceGrid,ID,int,,10.0,0.0,NO,1
dbo,TemplateInkPriceGrid,TemplateInkPriceID,int,,10.0,0.0,YES,2
dbo,TemplateInkPriceGrid,Quantity,int,,10.0,0.0,YES,3
dbo,TemplateInkPriceGrid,UnitCost,money,,19.0,4.0,YES,4
dbo,TemplateInkPriceGrid,LotDiscount1,money,,19.0,4.0,YES,5
dbo,TemplateInkPriceGrid,LotDiscount2,money,,19.0,4.0,YES,6
dbo,TemplateInkPriceGrid,LotBreakpoint1,int,,10.0,0.0,YES,7
dbo,TemplateInkPriceGrid,LotBreakpoint2,int,,10.0,0.0,YES,8
dbo,TemplateInkPriceGrid,Updatedatim,datetime,,,,YES,9
dbo,TemplateInkPriceGrid,UpdateOpr,varchar,50.0,,,YES,10
dbo,TemplateInkPriceGrid,Createdatim,datetime,,,,YES,11
dbo,TemplateInkPriceGrid,CreateOpr,varchar,50.0,,,YES,12
dbo,TemplateInkPriceGrid,LotDiscount3,money,,19.0,4.0,YES,13
dbo,TemplateInkPriceGrid,LotDiscount4,money,,19.0,4.0,YES,14
dbo,TemplateInkPriceGrid,LotDiscount5,money,,19.0,4.0,YES,15
dbo,TemplateInkPriceGrid,LotBreakpoint3,int,,10.0,0.0,YES,16
dbo,TemplateInkPriceGrid,LotBreakpoint4,int,,10.0,0.0,YES,17
dbo,TemplateInkPriceGrid,LotBreakpoint5,int,,10.0,0.0,YES,18
dbo,TemplateInkPriceGrid,LotUnitPrice1,money,,19.0,4.0,YES,19
dbo,TemplateInkPriceGrid,LotUnitPrice2,money,,19.0,4.0,YES,20
dbo,TemplateInkPriceGrid,LotUnitPrice3,money,,19.0,4.0,YES,21
dbo,TemplateInkPriceGrid,LotUnitPrice4,money,,19.0,4.0,YES,22
dbo,TemplateInkPriceGrid,LotUnitPrice5,money,,19.0,4.0,YES,23
dbo,TemplateOption,ID,int,,10.0,0.0,NO,1
dbo,TemplateOption,CreateOpr,varchar,50.0,,,YES,2
dbo,TemplateOption,CreateDatim,datetime,,,,YES,3
dbo,TemplateOption,UpdateOpr,varchar,50.0,,,YES,4
dbo,TemplateOption,UpdateDatim,datetime,,,,YES,5
dbo,TemplateOption,TemplateCode,varchar,50.0,,,YES,6
dbo,TemplateOption,MaterialCode,varchar,50.0,,,YES,7
dbo,TemplateOption,ProcessCode,int,,10.0,0.0,YES,8
dbo,TemplateOption,OptionType,smallint,,5.0,0.0,YES,9
dbo,TemplateOption,DefaultQuantity,float,,53.0,,YES,10
dbo,TemplateOption,InLineOpCode,smallint,,5.0,0.0,YES,11
dbo,TemplateOption,MaterialCategory,varchar,10.0,,,YES,12
dbo,TemplateOption,UseCostOverride,smallint,,5.0,0.0,YES,13
dbo,TemplateOption,UseMarkupOverride,smallint,,5.0,0.0,YES,14
dbo,TemplateOption,CostOverrideAmount,money,,19.0,4.0,YES,15
dbo,TemplateOption,MarkupOverridePercentage,money,,19.0,4.0,YES,16
dbo,TemplateOption,CalcMethodOverride,smallint,,5.0,0.0,YES,17
dbo,TemplateOption,UsePriceGrid,smallint,,5.0,0.0,YES,18
dbo,TemplateOption,AddMCost,money,,19.0,4.0,YES,19
dbo,TemplateOptionGrid,ID,int,,10.0,0.0,NO,1
dbo,TemplateOptionGrid,TemplateOptionID,int,,10.0,0.0,YES,2
dbo,TemplateOptionGrid,Quantity,int,,10.0,0.0,YES,3
dbo,TemplateOptionGrid,UnitCost,money,,19.0,4.0,YES,4
dbo,TemplateOptionGrid,Updatedatim,datetime,,,,YES,5
dbo,TemplateOptionGrid,UpdateOpr,varchar,50.0,,,YES,6
dbo,TemplateOptionGrid,Createdatim,datetime,,,,YES,7
dbo,TemplateOptionGrid,CreateOpr,varchar,50.0,,,YES,8
dbo,TemplateRevision,ID,int,,10.0,0.0,NO,1
dbo,TemplateRevision,ModificationNumber,int,,10.0,0.0,YES,2
dbo,TemplateRevision,RevisionID,varchar,50.0,,,YES,3
dbo,TemplateRevision,TemplateCode,varchar,50.0,,,YES,4
dbo,TemplateRevision,Comments,varchar,2000.0,,,YES,5
dbo,TemplateRevision,RevisionStartDate,datetime,,,,YES,6
dbo,TemplateRevision,RevisionEndDate,datetime,,,,YES,7
dbo,TemplateRevision,Description,varchar,100.0,,,YES,8
dbo,TemplateRevision,CreateOpr,varchar,50.0,,,YES,9
dbo,TemplateRevision,CreateDatim,datetime,,,,YES,10
dbo,TemplateRevision,UpdateOpr,varchar,50.0,,,YES,11
dbo,TemplateRevision,UpdateDatim,datetime,,,,YES,12
dbo,TempPackage,TempID,int,,10.0,0.0,NO,1
dbo,TempPackage,PackageID,int,,10.0,0.0,YES,2
dbo,TempPackage,ShipmentNumber,int,,10.0,0.0,YES,3
dbo,TempPackage,Quantity,int,,10.0,0.0,YES,4
dbo,TempPackage,Weight,real,,24.0,,YES,5
dbo,TempPackage,FreightCost,money,,19.0,4.0,YES,6
dbo,TempPackage,ShipMethod,varchar,5.0,,,YES,7
dbo,TempPackage,ShipDate,datetime,,,,YES,8
dbo,TempPackage,ComponentNumber,smallint,,5.0,0.0,YES,9
dbo,TempPackage,StartNumber,bigint,,19.0,0.0,YES,10
dbo,TempPackage,EndNumber,bigint,,19.0,0.0,YES,11
dbo,TempPackage,TrackingNumber,varchar,50.0,,,YES,12
dbo,TempPackage,EntryDate,datetime,,,,YES,13
dbo,TempPackage,EntryTime,datetime,,,,YES,14
dbo,TempPackage,JobNumber,varchar,20.0,,,YES,15
dbo,TempPackage,NumberOfPackages,int,,10.0,0.0,YES,16
dbo,TempPackage,Description,varchar,100.0,,,YES,17
dbo,TempPackage,Comments,varchar,8000.0,,,YES,18
dbo,TempPackage,ShipViaService,varchar,5.0,,,YES,19
dbo,TempPackage,ExcludeFromShippingTotalQty,smallint,,5.0,0.0,YES,20
dbo,TempPackage,TotalQtyShipped,int,,10.0,0.0,YES,21
dbo,TempPackage,OddPackageQty,int,,10.0,0.0,YES,22
dbo,TempPackage,OddPackageWeight,real,,24.0,,YES,23
dbo,TempPackage,PostageCost,money,,19.0,4.0,YES,24
dbo,TempPackage,CreateOpr,varchar,50.0,,,YES,25
dbo,TempPackage,CreateDatim,datetime,,,,YES,26
dbo,TempPackage,UpdateOpr,varchar,50.0,,,YES,27
dbo,TempPackage,Updatedatim,datetime,,,,YES,28
dbo,TempPackage,LocationCode,varchar,20.0,,,YES,29
dbo,TempPackage,HandlingCost,money,,19.0,4.0,YES,30
dbo,TempPackage,ExcludeFromInvoice,smallint,,5.0,0.0,YES,31
dbo,TempPackage,ImageFileName,varchar,256.0,,,YES,32
dbo,TempPackage,UserDefined1,varchar,100.0,,,YES,33
dbo,TempPackage,UserDefined2,varchar,100.0,,,YES,34
dbo,TempPackage,FreightOverrideAmount,money,,19.0,4.0,YES,35
dbo,TempPackage,SequenceNumber,int,,10.0,0.0,YES,36
dbo,TempPackage,EstimateNumber,varchar,20.0,,,YES,37
dbo,TempPackage,EstimatedShippingWeight,real,,24.0,,YES,38
dbo,TempPackage,EstimatedFreightCost,money,,19.0,4.0,YES,39
dbo,TempPackage,EstimatedTransitTime,int,,10.0,0.0,YES,40
dbo,TempPackage,EstimatedAccessorialCost,money,,19.0,4.0,YES,41
dbo,TempPackage,EstimatedTotalFreightCost,money,,19.0,4.0,YES,42
dbo,TempPackage,DeliveryDate,datetime,,,,YES,43
dbo,TempPackage,GroupName,varchar,100.0,,,YES,44
dbo,TempPackage,StartNumberText,varchar,100.0,,,YES,45
dbo,TempPackage,EndNumberText,varchar,100.0,,,YES,46
dbo,TempPackage,UserDefined3,varchar,100.0,,,YES,47
dbo,TempPackage,UserDefined4,varchar,100.0,,,YES,48
dbo,TempPackage,UserDefined5,varchar,100.0,,,YES,49
dbo,TempPackage,SubsetQuantity,bigint,,19.0,0.0,YES,50
dbo,TempPackage,SubsetDescription,varchar,100.0,,,YES,51
dbo,TempPackage,SubsetComment,varchar,1000.0,,,YES,52
dbo,TempPackage,CheckDigitFormulaCode,varchar,5.0,,,YES,53
dbo,TempPackage,MissingNumbers,smallint,,5.0,0.0,YES,54
dbo,TempPackage,UsableForms,smallint,,5.0,0.0,YES,55
dbo,TempPackage,NumIncrement,int,,10.0,0.0,YES,56
dbo,TempPackage,ExternalValue1,varchar,50.0,,,YES,57
dbo,TempPackage,ExternalValue2,varchar,50.0,,,YES,58
dbo,TempPackage,ExternalValue3,varchar,50.0,,,YES,59
dbo,TempPackage,ShipTime,datetime,,,,YES,60
dbo,TempPackage,DeliveryTime,datetime,,,,YES,61
dbo,TempPackage,UserDefined6,varchar,100.0,,,YES,62
dbo,TempPackage,UserDefined7,varchar,100.0,,,YES,63
dbo,TempPackage,UserDefined8,varchar,100.0,,,YES,64
dbo,TempPaper,CategoryType,varchar,2.0,,,NO,1
dbo,TempPaper,Code,varchar,50.0,,,NO,2
dbo,TempPaper,ItemCode,varchar,50.0,,,NO,3
dbo,TempPaper,Description,varchar,100.0,,,YES,4
dbo,TempPaper,Color,varchar,20.0,,,YES,5
dbo,TempPaper,Bwt,smallint,,5.0,0.0,YES,6
dbo,TempPaper,Caliper,real,,24.0,,YES,7
dbo,TempPaper,Mwt,real,,24.0,,YES,8
dbo,TempPaper,Width,real,,24.0,,YES,9
dbo,TempPaper,Length,real,,24.0,,YES,10
dbo,TempPaper,Price1,money,,19.0,4.0,YES,11
dbo,TempPaper,Price2,money,,19.0,4.0,YES,12
dbo,TempPaper,Price3,money,,19.0,4.0,YES,13
dbo,TempPaper,Price4,money,,19.0,4.0,YES,14
dbo,TempPaper,Price5,money,,19.0,4.0,YES,15
dbo,TempPaper,Break1,float,,53.0,,YES,16
dbo,TempPaper,Break2,float,,53.0,,YES,17
dbo,TempPaper,Break3,float,,53.0,,YES,18
dbo,TempPaper,Break4,float,,53.0,,YES,19
dbo,TempPaper,Break5,float,,53.0,,YES,20
dbo,TempPaper,CostingMethod,smallint,,5.0,0.0,YES,21
dbo,TempPaper,CartonQty,int,,10.0,0.0,YES,22
dbo,TempPaper,CreateOpr,varchar,50.0,,,YES,23
dbo,TempPaper,CreateDatim,datetime,,,,YES,24
dbo,TempPaper,UpdateOpr,varchar,50.0,,,YES,25
dbo,TempPaper,Updatedatim,datetime,,,,YES,26
dbo,TempQuoteReport,KeyNumber,varchar,20.0,,,NO,1
dbo,TempQuoteReport,JobType,varchar,20.0,,,NO,2
dbo,TempQuoteReport,ComponentNumber,smallint,,5.0,0.0,NO,3
dbo,TempQuoteReport,PostComments1,text,2147483647.0,,,YES,4
dbo,TempQuoteReport,PostComments2,text,2147483647.0,,,YES,5
dbo,TempQuoteReport,PostComments3,text,2147483647.0,,,YES,6
dbo,TempQuoteReport,PostComments4,text,2147483647.0,,,YES,7
dbo,TempQuoteReport,PostComments5,text,2147483647.0,,,YES,8
dbo,TempQuoteReport,PostComments6,text,2147483647.0,,,YES,9
dbo,TempQuoteReport,PostComments7,text,2147483647.0,,,YES,10
dbo,TempQuoteReport,PostComments8,text,2147483647.0,,,YES,11
dbo,TempQuoteReport,PostComments9,text,2147483647.0,,,YES,12
dbo,TempQuoteReport,PostComments10,text,2147483647.0,,,YES,13
dbo,TempQuoteReport,Postpress1,varchar,100.0,,,YES,14
dbo,TempQuoteReport,Postpress2,varchar,100.0,,,YES,15
dbo,TempQuoteReport,Postpress3,varchar,100.0,,,YES,16
dbo,TempQuoteReport,Postpress4,varchar,100.0,,,YES,17
dbo,TempQuoteReport,Postpress5,varchar,100.0,,,YES,18
dbo,TempQuoteReport,Postpress6,varchar,100.0,,,YES,19
dbo,TempQuoteReport,Postpress7,varchar,100.0,,,YES,20
dbo,TempQuoteReport,Postpress8,varchar,100.0,,,YES,21
dbo,TempQuoteReport,Postpress9,varchar,100.0,,,YES,22
dbo,TempQuoteReport,Postpress10,varchar,100.0,,,YES,23
dbo,TempQuoteReport,Prepress1,varchar,100.0,,,YES,24
dbo,TempQuoteReport,Prepress2,varchar,100.0,,,YES,25
dbo,TempQuoteReport,Prepress3,varchar,100.0,,,YES,26
dbo,TempQuoteReport,Prepress4,varchar,100.0,,,YES,27
dbo,TempQuoteReport,Prepress5,varchar,100.0,,,YES,28
dbo,TempQuoteReport,Prepress6,varchar,100.0,,,YES,29
dbo,TempQuoteReport,Prepress7,varchar,100.0,,,YES,30
dbo,TempQuoteReport,Prepress8,varchar,100.0,,,YES,31
dbo,TempQuoteReport,Prepress9,varchar,100.0,,,YES,32
dbo,TempQuoteReport,Prepress10,varchar,100.0,,,YES,33
dbo,TempQuoteReport,PreComments1,text,2147483647.0,,,YES,34
dbo,TempQuoteReport,PreComments2,text,2147483647.0,,,YES,35
dbo,TempQuoteReport,PreComments3,text,2147483647.0,,,YES,36
dbo,TempQuoteReport,PreComments4,text,2147483647.0,,,YES,37
dbo,TempQuoteReport,PreComments5,text,2147483647.0,,,YES,38
dbo,TempQuoteReport,PreComments6,text,2147483647.0,,,YES,39
dbo,TempQuoteReport,PreComments7,text,2147483647.0,,,YES,40
dbo,TempQuoteReport,PreComments8,text,2147483647.0,,,YES,41
dbo,TempQuoteReport,PreComments9,text,2147483647.0,,,YES,42
dbo,TempQuoteReport,PreComments10,text,2147483647.0,,,YES,43
dbo,TempQuoteReport,AddChargeDescription1,varchar,100.0,,,YES,44
dbo,TempQuoteReport,AddChargeDescription2,varchar,100.0,,,YES,45
dbo,TempQuoteReport,AddChargeDescription3,varchar,100.0,,,YES,46
dbo,TempQuoteReport,AddChargeCost1,money,,19.0,4.0,YES,47
dbo,TempQuoteReport,AddChargeCost2,money,,19.0,4.0,YES,48
dbo,TempQuoteReport,AddChargeCost3,money,,19.0,4.0,YES,49
dbo,TempQuoteReport,CreateOpr,varchar,50.0,,,YES,50
dbo,TempQuoteReport,CreateDatim,datetime,,,,YES,51
dbo,TempQuoteReport,UpdateOpr,varchar,50.0,,,YES,52
dbo,TempQuoteReport,Updatedatim,datetime,,,,YES,53
dbo,TempSalesReport,JobNumber,varchar,20.0,,,NO,1
dbo,TempSalesReport,JobDescription,varchar,50.0,,,YES,2
dbo,TempSalesReport,CustAccount,varchar,50.0,,,YES,3
dbo,TempSalesReport,CustName,varchar,50.0,,,YES,4
dbo,TempSalesReport,OrderDate,datetime,,,,YES,5
dbo,TempSalesReport,SalesRepCode,varchar,5.0,,,YES,6
dbo,TempSalesReport,UserDefined3,varchar,50.0,,,YES,7
dbo,TempSalesReport,InvoiceNumber,varchar,20.0,,,YES,8
dbo,TempSalesReport,InvoiceDate,datetime,,,,YES,9
dbo,TempSalesReport,EstimateNumber,varchar,20.0,,,YES,10
dbo,TempSalesReport,ProductionCost,money,,19.0,4.0,YES,11
dbo,TempSalesReport,MaterialCost,money,,19.0,4.0,YES,12
dbo,TempSalesReport,MaterialPOCost,money,,19.0,4.0,YES,13
dbo,TempSalesReport,OSSCost,money,,19.0,4.0,YES,14
dbo,TempSalesReport,InvoicePrice,money,,19.0,4.0,YES,15
dbo,TempSalesReport,CreateOpr,varchar,50.0,,,YES,16
dbo,TempSalesReport,CreateDatim,datetime,,,,YES,17
dbo,TempSalesReport,UpdateOpr,varchar,50.0,,,YES,18
dbo,TempSalesReport,Updatedatim,datetime,,,,YES,19
dbo,TempSalesValueAdded,ID,int,,10.0,0.0,NO,1
dbo,TempSalesValueAdded,TransactionNumber,int,,10.0,0.0,YES,2
dbo,TempSalesValueAdded,JobNumber,varchar,50.0,,,YES,3
dbo,TempSalesValueAdded,TransAmount,money,,19.0,4.0,YES,4
dbo,TempSalesValueAdded,ValueAddedAmount,money,,19.0,4.0,YES,5
dbo,TempSalesValueAdded,TransactionDate,datetime,,,,YES,6
dbo,TempSalesValueAdded,CreateOpr,varchar,50.0,,,YES,7
dbo,TempSalesValueAdded,InvoiceDescription,varchar,100.0,,,YES,8
dbo,TempSumReport,KeyNumber,varchar,20.0,,,NO,1
dbo,TempSumReport,ComponentNumber,smallint,,5.0,0.0,NO,2
dbo,TempSumReport,GroupNo,smallint,,5.0,0.0,NO,3
dbo,TempSumReport,ItemNumber,smallint,,5.0,0.0,NO,4
dbo,TempSumReport,PartNumber,smallint,,5.0,0.0,NO,5
dbo,TempSumReport,Quantity,int,,10.0,0.0,NO,6
dbo,TempSumReport,ProcessCode,smallint,,5.0,0.0,YES,7
dbo,TempSumReport,MaterialCode,varchar,50.0,,,YES,8
dbo,TempSumReport,ProcessDescription,varchar,50.0,,,YES,9
dbo,TempSumReport,ProductionTime1,int,,10.0,0.0,YES,10
dbo,TempSumReport,ProductionTime2,int,,10.0,0.0,YES,11
dbo,TempSumReport,ProductionTime3,int,,10.0,0.0,YES,12
dbo,TempSumReport,ProductionTime4,int,,10.0,0.0,YES,13
dbo,TempSumReport,ProductionTime5,int,,10.0,0.0,YES,14
dbo,TempSumReport,ProductionTime6,int,,10.0,0.0,YES,15
dbo,TempSumReport,ProductionCost1,money,,19.0,4.0,YES,16
dbo,TempSumReport,ProductionCost2,money,,19.0,4.0,YES,17
dbo,TempSumReport,ProductionCost3,money,,19.0,4.0,YES,18
dbo,TempSumReport,ProductionCost4,money,,19.0,4.0,YES,19
dbo,TempSumReport,ProductionCost5,money,,19.0,4.0,YES,20
dbo,TempSumReport,ProductionCost6,money,,19.0,4.0,YES,21
dbo,TempSumReport,MaterialCost1,money,,19.0,4.0,YES,22
dbo,TempSumReport,MaterialCost2,money,,19.0,4.0,YES,23
dbo,TempSumReport,MaterialCost3,money,,19.0,4.0,YES,24
dbo,TempSumReport,MaterialCost4,money,,19.0,4.0,YES,25
dbo,TempSumReport,MaterialCost5,money,,19.0,4.0,YES,26
dbo,TempSumReport,MaterialCost6,money,,19.0,4.0,YES,27
dbo,TempSumReport,OSSCost1,money,,19.0,4.0,YES,28
dbo,TempSumReport,OSSCost2,money,,19.0,4.0,YES,29
dbo,TempSumReport,OSSCost3,money,,19.0,4.0,YES,30
dbo,TempSumReport,OSSCost4,money,,19.0,4.0,YES,31
dbo,TempSumReport,OSSCost5,money,,19.0,4.0,YES,32
dbo,TempSumReport,OSSCost6,money,,19.0,4.0,YES,33
dbo,TempSumReport,Quantity1,int,,10.0,0.0,YES,34
dbo,TempSumReport,Quantity2,int,,10.0,0.0,YES,35
dbo,TempSumReport,Quantity3,int,,10.0,0.0,YES,36
dbo,TempSumReport,Quantity4,int,,10.0,0.0,YES,37
dbo,TempSumReport,Quantity5,int,,10.0,0.0,YES,38
dbo,TempSumReport,Quantity6,int,,10.0,0.0,YES,39
dbo,TempSumReport,SellPrice1,money,,19.0,4.0,YES,40
dbo,TempSumReport,SellPrice2,money,,19.0,4.0,YES,41
dbo,TempSumReport,SellPrice3,money,,19.0,4.0,YES,42
dbo,TempSumReport,SellPrice4,money,,19.0,4.0,YES,43
dbo,TempSumReport,SellPrice5,money,,19.0,4.0,YES,44
dbo,TempSumReport,SellPrice6,money,,19.0,4.0,YES,45
dbo,TempSumReport,CreateOpr,varchar,50.0,,,YES,46
dbo,TempSumReport,CreateDatim,datetime,,,,YES,47
dbo,TempSumReport,UpdateOpr,varchar,50.0,,,YES,48
dbo,TempSumReport,Updatedatim,datetime,,,,YES,49
dbo,Terms,Code,varchar,5.0,,,NO,1
dbo,Terms,Description,varchar,50.0,,,YES,2
dbo,Terms,DiscDays,smallint,,5.0,0.0,YES,3
dbo,Terms,DiscAmount,real,,24.0,,YES,4
dbo,Terms,EntryDate,datetime,,,,YES,5
dbo,Terms,EntryTime,datetime,,,,YES,6
dbo,Terms,DueDays,smallint,,5.0,0.0,YES,7
dbo,Terms,CreateOpr,varchar,50.0,,,YES,8
dbo,Terms,CreateDatim,datetime,,,,YES,9
dbo,Terms,UpdateOpr,varchar,50.0,,,YES,10
dbo,Terms,Updatedatim,datetime,,,,YES,11
dbo,Terms,DueDayOfMonth,smallint,,5.0,0.0,YES,12
dbo,Terms,QuickBooksCode,varchar,50.0,,,YES,13
dbo,Terms,NumberOfMonths,smallint,,5.0,0.0,YES,14
dbo,Terms,DiscountDayOfMonth,smallint,,5.0,0.0,YES,15
dbo,TimeItemColors,ID,int,,10.0,0.0,NO,1
dbo,TimeItemColors,Description,varchar,100.0,,,YES,2
dbo,TimeItemColors,Color,varchar,50.0,,,YES,3
dbo,TimeItemColors,CreatedByUser,varchar,50.0,,,YES,4
dbo,TimeItemColors,LastUpdatedByUser,varchar,50.0,,,YES,5
dbo,TimeItemColors,CreatedDateTime,datetime,,,,YES,6
dbo,TimeItemColors,LastUpdatedDateTime,datetime,,,,YES,7
dbo,TimeItemColors,CreateOpr,varchar,50.0,,,YES,8
dbo,TimeItemColors,CreateDatim,datetime,,,,YES,9
dbo,TimeItemColors,UpdateOpr,varchar,50.0,,,YES,10
dbo,TimeItemColors,Updatedatim,datetime,,,,YES,11
dbo,TrackingNumbers,ID,int,,10.0,0.0,NO,1
dbo,TrackingNumbers,JobNumber,varchar,20.0,,,YES,2
dbo,TrackingNumbers,ShipmentNumber,int,,10.0,0.0,YES,3
dbo,TrackingNumbers,Weight,varchar,100.0,,,YES,4
dbo,TrackingNumbers,TrackingNumber,varchar,100.0,,,YES,5
dbo,TrackingNumbers,ShipDate,datetime,,,,YES,6
dbo,TrackingNumbers,CreateOpr,varchar,50.0,,,YES,7
dbo,TrackingNumbers,CreateDatim,datetime,,,,YES,8
dbo,TrackingNumbers,UpdateOpr,varchar,50.0,,,YES,9
dbo,TrackingNumbers,Updatedatim,datetime,,,,YES,10
dbo,UDFHeader,ID,int,,10.0,0.0,NO,1
dbo,UDFHeader,ItemNumber,int,,10.0,0.0,YES,2
dbo,UDFHeader,MandatoryOption1,smallint,,5.0,0.0,YES,3
dbo,UDFHeader,MandatoryOption2,smallint,,5.0,0.0,YES,4
dbo,UDFHeader,MandatoryOption3,smallint,,5.0,0.0,YES,5
dbo,UDFHeader,CostCenterCode,int,,10.0,0.0,YES,6
dbo,UDFHeader,Section,varchar,50.0,,,YES,7
dbo,UDFHeader,Description,varchar,50.0,,,YES,8
dbo,UDFHeader,RFQDescription,varchar,50.0,,,YES,9
dbo,UDFHeader,ValidateEntry,smallint,,5.0,0.0,YES,10
dbo,UDFHeader,CreateOpr,varchar,50.0,,,YES,11
dbo,UDFHeader,CreateDatim,datetime,,,,YES,12
dbo,UDFHeader,UpdateOpr,varchar,50.0,,,YES,13
dbo,UDFHeader,Updatedatim,datetime,,,,YES,14
dbo,UDFHeader,DefaultValue,varchar,100.0,,,YES,15
dbo,UDFHeader,SubCode,varchar,50.0,,,YES,16
dbo,UDFHeader,DataType,varchar,20.0,,,YES,17
dbo,UDFHeader,Popup,smallint,,5.0,0.0,YES,18
dbo,UDFHeader,DescriptionHeader,varchar,50.0,,,YES,19
dbo,UDFHeader,GLCodeHeader,varchar,50.0,,,YES,20
dbo,UDFList,ID,int,,10.0,0.0,NO,1
dbo,UDFList,UDFHeaderID,int,,10.0,0.0,YES,2
dbo,UDFList,Description,varchar,100.0,,,YES,3
dbo,UDFList,GLCode,varchar,50.0,,,YES,4
dbo,UDFList,CreateOpr,varchar,50.0,,,YES,5
dbo,UDFList,CreateDatim,datetime,,,,YES,6
dbo,UDFList,UpdateOpr,varchar,50.0,,,YES,7
dbo,UDFList,Updatedatim,datetime,,,,YES,8
dbo,UDFList,CommissionRate,real,,24.0,,YES,9
dbo,UDFList,SequenceNumber,int,,10.0,0.0,YES,10
dbo,UIConfiguration,ID,int,,10.0,0.0,NO,1
dbo,UIConfiguration,UISchemeName,varchar,50.0,,,YES,2
dbo,UIConfiguration,UserID,int,,10.0,0.0,YES,3
dbo,UIConfiguration,IsActive,smallint,,5.0,0.0,YES,4
dbo,UIConfiguration,FormColor1,int,,10.0,0.0,YES,5
dbo,UIConfiguration,FormColor2,int,,10.0,0.0,YES,6
dbo,UIConfiguration,FormBackGroundImage,varchar,50.0,,,YES,7
dbo,UIConfiguration,FormBackgroundImagePosition,smallint,,5.0,0.0,YES,8
dbo,UIConfiguration,FontName,varchar,50.0,,,YES,9
dbo,UIConfiguration,FontColor,int,,10.0,0.0,YES,10
dbo,UIConfiguration,FontBold,int,,10.0,0.0,YES,11
dbo,UIConfiguration,FontItalic,int,,10.0,0.0,YES,12
dbo,UIConfiguration,FontSize,real,,24.0,,YES,13
dbo,UIConfiguration,GroupboxColor1,int,,10.0,0.0,YES,14
dbo,UIConfiguration,GroupboxColor2,int,,10.0,0.0,YES,15
dbo,UIConfiguration,GroupboxBackGroundImage,varchar,50.0,,,YES,16
dbo,UIConfiguration,GroupboxBackgroundImagePosition,smallint,,5.0,0.0,YES,17
dbo,UIConfiguration,GroupboxFontName,varchar,50.0,,,YES,18
dbo,UIConfiguration,GroupboxFontColor,int,,10.0,0.0,YES,19
dbo,UIConfiguration,GroupboxFontBold,int,,10.0,0.0,YES,20
dbo,UIConfiguration,GroupboxFontItalic,int,,10.0,0.0,YES,21
dbo,UIConfiguration,GroupboxFontSize,real,,24.0,,YES,22
dbo,UIConfiguration,ButtonColor,int,,10.0,0.0,YES,23
dbo,UIConfiguration,ButtonBackGroundImage,varchar,50.0,,,YES,24
dbo,UIConfiguration,ButtonBackgroundImagePosition,smallint,,5.0,0.0,YES,25
dbo,UIConfiguration,ButtonFontName,varchar,50.0,,,YES,26
dbo,UIConfiguration,ButtonFontColor,int,,10.0,0.0,YES,27
dbo,UIConfiguration,ButtonFontBold,int,,10.0,0.0,YES,28
dbo,UIConfiguration,ButtonFontItalic,int,,10.0,0.0,YES,29
dbo,UIConfiguration,ButtonFontSize,real,,24.0,,YES,30
dbo,UIConfiguration,CreatedByUser,varchar,50.0,,,YES,31
dbo,UIConfiguration,CreatedDateTime,datetime,,,,YES,32
dbo,UIConfiguration,LastUpdatedByUser,varchar,50.0,,,YES,33
dbo,UIConfiguration,LastUpdatedDateTime,datetime,,,,YES,34
dbo,UIConfiguration,CreateOpr,varchar,50.0,,,YES,35
dbo,UIConfiguration,CreateDatim,datetime,,,,YES,36
dbo,UIConfiguration,UpdateOpr,varchar,50.0,,,YES,37
dbo,UIConfiguration,Updatedatim,datetime,,,,YES,38
dbo,UIFlexColumn,ColumnID,int,,10.0,0.0,NO,1
dbo,UIFlexColumn,HeaderID,int,,10.0,0.0,YES,2
dbo,UIFlexColumn,HeaderName,varchar,2000.0,,,YES,3
dbo,UIFlexColumn,TableName,varchar,2000.0,,,YES,4
dbo,UIFlexColumn,FieldName,varchar,2000.0,,,YES,5
dbo,UIFlexColumn,HeaderLocation,int,,10.0,0.0,YES,6
dbo,UIFlexColumn,DisplayLocation,int,,10.0,0.0,YES,7
dbo,UIFlexColumn,Width,real,,24.0,,YES,8
dbo,UIFlexColumn,Visable,smallint,,5.0,0.0,YES,9
dbo,UIFlexColumn,SortBy,smallint,,5.0,0.0,YES,10
dbo,UIFlexColumn,LastLocation,int,,10.0,0.0,YES,11
dbo,UIFlexColumn,DataType,varchar,50.0,,,YES,12
dbo,UIFlexColumn,OrderBy,varchar,1.0,,,YES,13
dbo,UIFlexColumn,Required,smallint,,5.0,0.0,YES,14
dbo,UIFlexColumn,CreateOpr,varchar,50.0,,,YES,15
dbo,UIFlexColumn,CreateDatim,datetime,,,,YES,16
dbo,UIFlexColumn,UpdateOpr,varchar,50.0,,,YES,17
dbo,UIFlexColumn,Updatedatim,datetime,,,,YES,18
dbo,UIFlexColumn,ImageIndex,int,,10.0,0.0,YES,19
dbo,UIFlexColumn,ReadOnly,smallint,,5.0,0.0,YES,20
dbo,UIFlexColumn,NotMovable,smallint,,5.0,0.0,YES,21
dbo,UIFlexColumn,ToolTip,varchar,200.0,,,YES,22
dbo,UIFlexHeader,FlexHeaderID,int,,10.0,0.0,NO,1
dbo,UIFlexHeader,UserID,varchar,50.0,,,YES,2
dbo,UIFlexHeader,GridName,varchar,100.0,,,YES,3
dbo,UIFlexHeader,GridLines,smallint,,5.0,0.0,YES,4
dbo,UIFlexHeader,Font,varchar,50.0,,,YES,5
dbo,UIFlexHeader,FontSize,real,,24.0,,YES,6
dbo,UIFlexHeader,FontColor,decimal,,18.0,0.0,YES,7
dbo,UIFlexHeader,FontBold,smallint,,5.0,0.0,YES,8
dbo,UIFlexHeader,FontItalic,smallint,,5.0,0.0,YES,9
dbo,UIFlexHeader,FontStrikeThrough,smallint,,5.0,0.0,YES,10
dbo,UIFlexHeader,FontUnderLine,smallint,,5.0,0.0,YES,11
dbo,UIFlexHeader,BackGroundColor,decimal,,18.0,0.0,YES,12
dbo,UIFlexHeader,HighLightColor,decimal,,18.0,0.0,YES,13
dbo,UIFlexHeader,HighLightTextColor,decimal,,18.0,0.0,YES,14
dbo,UIFlexHeader,NumOfCols,int,,10.0,0.0,YES,15
dbo,UIFlexHeader,intLastRow,int,,10.0,0.0,YES,16
dbo,UIFlexHeader,intLastSort,int,,10.0,0.0,YES,17
dbo,UIFlexHeader,strLastSearch,varchar,255.0,,,YES,18
dbo,UIFlexHeader,blnOrder,smallint,,5.0,0.0,YES,19
dbo,UIFlexHeader,FormName,varchar,50.0,,,YES,20
dbo,UIFlexHeader,CreateOpr,varchar,50.0,,,YES,21
dbo,UIFlexHeader,CreateDatim,datetime,,,,YES,22
dbo,UIFlexHeader,UpdateOpr,varchar,50.0,,,YES,23
dbo,UIFlexHeader,Updatedatim,datetime,,,,YES,24
dbo,UIFlexHeader,GridColor,decimal,,18.0,0.0,YES,25
dbo,UIFlexHeader,MaxRecords,int,,10.0,0.0,YES,26
dbo,UIFlexHeader,UseSP,smallint,,5.0,0.0,YES,27
dbo,UIFlexHeader,XMLFile,varchar,255.0,,,YES,28
dbo,UIFlexHeader,RememberLastSort,varchar,50.0,,,YES,29
dbo,UIFlexHeader,BaseTableName,varchar,50.0,,,YES,30
dbo,UIFlexHeader,DefaultSortField,varchar,100.0,,,YES,31
dbo,UIFlexHeader,TemplateDescription,varchar,100.0,,,YES,32
dbo,UIFlexHeader,IsTemplate,smallint,,5.0,0.0,YES,33
dbo,UIFlexHeader,IsGlobalTemplate,smallint,,5.0,0.0,YES,34
dbo,UIFlexPreviousSearch,ID,int,,10.0,0.0,NO,1
dbo,UIFlexPreviousSearch,HeaderID,int,,10.0,0.0,YES,2
dbo,UIFlexPreviousSearch,SearchString,varchar,100.0,,,YES,3
dbo,UIFlexPreviousSearch,FieldName,varchar,100.0,,,YES,4
dbo,UIFlexPreviousSearch,SearchType,varchar,50.0,,,YES,5
dbo,UIFlexPreviousSearch,OrderDirection,varchar,50.0,,,YES,6
dbo,UIFlexPreviousSearch,SortFieldName,varchar,100.0,,,YES,7
dbo,UIFlexPreviousSearch,CreateOpr,varchar,50.0,,,YES,8
dbo,UIFlexPreviousSearch,CreateDatim,datetime,,,,YES,9
dbo,UIFlexPreviousSearch,UpdateOpr,varchar,50.0,,,YES,10
dbo,UIFlexPreviousSearch,UpdateDatim,datetime,,,,YES,11
dbo,UPSPackage,ID,int,,10.0,0.0,NO,1
dbo,UPSPackage,ShipMethod,varchar,100.0,,,YES,2
dbo,UPSPackage,JobNumber,varchar,100.0,,,YES,3
dbo,UPSPackage,Weight,varchar,100.0,,,YES,4
dbo,UPSPackage,TrackingNumber,varchar,100.0,,,YES,5
dbo,UPSPackage,ShipDate,datetime,,,,YES,6
dbo,UPSPackage,FreightCost,varchar,100.0,,,YES,7
dbo,UPSPackage,ShipmentNumber,varchar,100.0,,,YES,8
dbo,UPSPackage,VoidIndicator,varchar,100.0,,,YES,9
dbo,UPSPackage,UPSDatetime,varchar,100.0,,,YES,10
dbo,UPSPackage,CreateOpr,varchar,50.0,,,YES,11
dbo,UPSPackage,CreateDatim,datetime,,,,YES,12
dbo,UPSPackage,UpdateOpr,varchar,50.0,,,YES,13
dbo,UPSPackage,Updatedatim,datetime,,,,YES,14
dbo,UserDefinedHeader,CompanyID,varchar,5.0,,,NO,1
dbo,UserDefinedHeader,EntryDate,datetime,,,,YES,2
dbo,UserDefinedHeader,EntryTime,datetime,,,,YES,3
dbo,UserDefinedHeader,Label1,varchar,50.0,,,YES,4
dbo,UserDefinedHeader,Label2,varchar,50.0,,,YES,5
dbo,UserDefinedHeader,Label3,varchar,50.0,,,YES,6
dbo,UserDefinedHeader,Label4,varchar,50.0,,,YES,7
dbo,UserDefinedHeader,Label5,varchar,50.0,,,YES,8
dbo,UserDefinedHeader,Label6,varchar,50.0,,,YES,9
dbo,UserDefinedHeader,Label7,varchar,50.0,,,YES,10
dbo,UserDefinedHeader,Label8,varchar,50.0,,,YES,11
dbo,UserDefinedHeader,Label9,varchar,50.0,,,YES,12
dbo,UserDefinedHeader,Label10,varchar,50.0,,,YES,13
dbo,UserDefinedHeader,Mandatory1,smallint,,5.0,0.0,YES,14
dbo,UserDefinedHeader,Mandatory2,smallint,,5.0,0.0,YES,15
dbo,UserDefinedHeader,Mandatory3,smallint,,5.0,0.0,YES,16
dbo,UserDefinedHeader,Mandatory4,smallint,,5.0,0.0,YES,17
dbo,UserDefinedHeader,Mandatory5,smallint,,5.0,0.0,YES,18
dbo,UserDefinedHeader,Mandatory6,smallint,,5.0,0.0,YES,19
dbo,UserDefinedHeader,Mandatory7,smallint,,5.0,0.0,YES,20
dbo,UserDefinedHeader,Mandatory8,smallint,,5.0,0.0,YES,21
dbo,UserDefinedHeader,Mandatory9,smallint,,5.0,0.0,YES,22
dbo,UserDefinedHeader,Mandatory10,smallint,,5.0,0.0,YES,23
dbo,UserDefinedHeader,CreateOpr,varchar,50.0,,,YES,24
dbo,UserDefinedHeader,CreateDatim,datetime,,,,YES,25
dbo,UserDefinedHeader,UpdateOpr,varchar,50.0,,,YES,26
dbo,UserDefinedHeader,Updatedatim,datetime,,,,YES,27
dbo,UserDefinedHeader,Label11,varchar,50.0,,,YES,28
dbo,UserDefinedHeader,Label12,varchar,50.0,,,YES,29
dbo,UserDefinedHeader,Label13,varchar,50.0,,,YES,30
dbo,UserDefinedHeader,Label14,varchar,50.0,,,YES,31
dbo,UserDefinedHeader,Label15,varchar,50.0,,,YES,32
dbo,UserDefinedHeader,Mandatory11,smallint,,5.0,0.0,YES,33
dbo,UserDefinedHeader,Mandatory12,smallint,,5.0,0.0,YES,34
dbo,UserDefinedHeader,Mandatory13,smallint,,5.0,0.0,YES,35
dbo,UserDefinedHeader,Mandatory14,smallint,,5.0,0.0,YES,36
dbo,UserDefinedHeader,Mandatory15,smallint,,5.0,0.0,YES,37
dbo,UserDefinedHeader,OrderMandatory1,smallint,,5.0,0.0,YES,38
dbo,UserDefinedHeader,OrderMandatory2,smallint,,5.0,0.0,YES,39
dbo,UserDefinedHeader,OrderMandatory3,smallint,,5.0,0.0,YES,40
dbo,UserDefinedHeader,OrderMandatory4,smallint,,5.0,0.0,YES,41
dbo,UserDefinedHeader,OrderMandatory5,smallint,,5.0,0.0,YES,42
dbo,UserDefinedHeader,OrderMandatory6,smallint,,5.0,0.0,YES,43
dbo,UserDefinedHeader,OrderMandatory7,smallint,,5.0,0.0,YES,44
dbo,UserDefinedHeader,OrderMandatory8,smallint,,5.0,0.0,YES,45
dbo,UserDefinedHeader,OrderMandatory9,smallint,,5.0,0.0,YES,46
dbo,UserDefinedHeader,OrderMandatory10,smallint,,5.0,0.0,YES,47
dbo,UserDefinedHeader,OrderMandatory11,smallint,,5.0,0.0,YES,48
dbo,UserDefinedHeader,OrderMandatory12,smallint,,5.0,0.0,YES,49
dbo,UserDefinedHeader,OrderMandatory13,smallint,,5.0,0.0,YES,50
dbo,UserDefinedHeader,OrderMandatory14,smallint,,5.0,0.0,YES,51
dbo,UserDefinedHeader,OrderMandatory15,smallint,,5.0,0.0,YES,52
dbo,UserDefinedHeader,TemplateLabel1,varchar,50.0,,,YES,53
dbo,UserDefinedHeader,TemplateLabel2,varchar,50.0,,,YES,54
dbo,UserDefinedHeader,InvoiceLabel1,varchar,50.0,,,YES,55
dbo,UserDefinedHeader,GLAccountLabel1,varchar,50.0,,,YES,56
dbo,UserDefinedHeader,ValidationOption1,smallint,,5.0,0.0,YES,57
dbo,UserDefinedHeader,V8Conversion,smallint,,5.0,0.0,YES,58
dbo,UserDefinedTable,Code,smallint,,5.0,0.0,NO,1
dbo,UserDefinedTable,Description,varchar,50.0,,,NO,2
dbo,UserDefinedTable,EntryDate,datetime,,,,YES,3
dbo,UserDefinedTable,EntryTime,datetime,,,,YES,4
dbo,UserDefinedTable,CreateOpr,varchar,50.0,,,YES,5
dbo,UserDefinedTable,CreateDatim,datetime,,,,YES,6
dbo,UserDefinedTable,UpdateOpr,varchar,50.0,,,YES,7
dbo,UserDefinedTable,Updatedatim,datetime,,,,YES,8
dbo,UserDefinedTable,GLCode,varchar,50.0,,,YES,9
dbo,UserLogIn,LogInName,varchar,50.0,,,NO,1
dbo,UserLogIn,Password,varchar,50.0,,,YES,2
dbo,UserLogIn,Estimate,bit,,,,YES,3
dbo,UserLogIn,EstimateViewOnly,int,,10.0,0.0,YES,4
dbo,UserLogIn,OrderEntry,int,,10.0,0.0,YES,5
dbo,UserLogIn,OrderEntryViewOnly,int,,10.0,0.0,YES,6
dbo,UserLogIn,Shopload,int,,10.0,0.0,YES,7
dbo,UserLogIn,ShoploadViewOnly,int,,10.0,0.0,YES,8
dbo,UserLogIn,Shipping,int,,10.0,0.0,YES,9
dbo,UserLogIn,ShippingViewOnly,int,,10.0,0.0,YES,10
dbo,UserLogIn,JobCosting,int,,10.0,0.0,YES,11
dbo,UserLogIn,JobCostingViewOnly,int,,10.0,0.0,YES,12
dbo,UserLogIn,Invoicing,int,,10.0,0.0,YES,13
dbo,UserLogIn,InvoicingViewOnly,int,,10.0,0.0,YES,14
dbo,UserLogIn,Purchasing,int,,10.0,0.0,YES,15
dbo,UserLogIn,PurchasingViewOnly,int,,10.0,0.0,YES,16
dbo,UserLogIn,Inventory,int,,10.0,0.0,YES,17
dbo,UserLogIn,InventoryViewOnly,int,,10.0,0.0,YES,18
dbo,UserLogIn,FinGoods,int,,10.0,0.0,YES,19
dbo,UserLogIn,FinGoodsViewOnly,int,,10.0,0.0,YES,20
dbo,UserLogIn,Standards,int,,10.0,0.0,YES,21
dbo,UserLogIn,StandardsViewOnly,int,,10.0,0.0,YES,22
dbo,UserLogIn,Customers,int,,10.0,0.0,YES,23
dbo,UserLogIn,CustomersViewOnly,int,,10.0,0.0,YES,24
dbo,UserLogIn,Reports,int,,10.0,0.0,YES,25
dbo,UserLogIn,ReportsViewOnly,int,,10.0,0.0,YES,26
dbo,UserLogIn,EntryDate,datetime,,,,YES,27
dbo,UserLogIn,EntryTime,datetime,,,,YES,28
dbo,UserLogIn,Supervisor,smallint,,5.0,0.0,YES,29
dbo,UserLogIn,DeleteEstimate,smallint,,5.0,0.0,YES,30
dbo,UserLogIn,DeleteOrder,smallint,,5.0,0.0,YES,31
dbo,UserLogIn,UserName,varchar,100.0,,,YES,32
dbo,UserLogIn,CustomReports,smallint,,5.0,0.0,YES,33
dbo,UserLogIn,DatabaseName,varchar,100.0,,,YES,34
dbo,UserLogIn,PlantID,varchar,3.0,,,YES,35
dbo,UserLogIn,ViewAllPlants,smallint,,5.0,0.0,YES,36
dbo,UserLogIn,AlternateSupplier,smallint,,5.0,0.0,YES,37
dbo,UserLogIn,RestrictOnHand,smallint,,5.0,0.0,YES,38
dbo,UserLogIn,RestrictJCLabor,smallint,,5.0,0.0,YES,39
dbo,UserLogIn,RestrictPriceSetter,smallint,,5.0,0.0,YES,40
dbo,UserLogIn,Encrypted,smallint,,5.0,0.0,YES,41
dbo,UserLogIn,RestrictManualPrice,smallint,,5.0,0.0,YES,42
dbo,UserLogIn,RestrictWages,smallint,,5.0,0.0,YES,43
dbo,UserLogIn,OverrideCreditHold,smallint,,5.0,0.0,YES,44
dbo,UserLogIn,RestrictToEmployees,smallint,,5.0,0.0,YES,45
dbo,UserLogIn,RestrictPrintEstimate,smallint,,5.0,0.0,YES,46
dbo,UserLogIn,RestrictPrintQuote,smallint,,5.0,0.0,YES,47
dbo,UserLogIn,RestrictPrintInvoice,smallint,,5.0,0.0,YES,48
dbo,UserLogIn,RestrictChangeStatus,smallint,,5.0,0.0,YES,49
dbo,UserLogIn,RestrictCompleteJobs,smallint,,5.0,0.0,YES,50
dbo,UserLogIn,RestrictDeleteTemplates,smallint,,5.0,0.0,YES,51
dbo,UserLogIn,RestrictPrintTalkInterface,smallint,,5.0,0.0,YES,52
dbo,UserLogIn,GEMQueue,smallint,,5.0,0.0,YES,53
dbo,UserLogIn,GEMPoller,smallint,,5.0,0.0,YES,54
dbo,UserLogIn,RestrictPostedInvoiceSave,smallint,,5.0,0.0,YES,55
dbo,UserLogIn,DeleteInvoice,smallint,,5.0,0.0,YES,56
dbo,UserLogIn,RestrictGridCustomization,smallint,,5.0,0.0,YES,57
dbo,UserLogIn,UseDMRate,smallint,,5.0,0.0,YES,58
dbo,UserLogIn,RestrictFromMarkups,smallint,,5.0,0.0,YES,59
dbo,UserLogIn,RestrictFromDiscounts,smallint,,5.0,0.0,YES,60
dbo,UserLogIn,CreateOpr,varchar,50.0,,,YES,61
dbo,UserLogIn,CreateDatim,datetime,,,,YES,62
dbo,UserLogIn,UpdateOpr,varchar,50.0,,,YES,63
dbo,UserLogIn,Updatedatim,datetime,,,,YES,64
dbo,UserLogIn,ARView,smallint,,5.0,0.0,YES,65
dbo,UserLogIn,APView,smallint,,5.0,0.0,YES,66
dbo,UserLogIn,CBView,smallint,,5.0,0.0,YES,67
dbo,UserLogIn,GLView,smallint,,5.0,0.0,YES,68
dbo,UserLogIn,AREntry,smallint,,5.0,0.0,YES,69
dbo,UserLogIn,APEntry,smallint,,5.0,0.0,YES,70
dbo,UserLogIn,CBEntry,smallint,,5.0,0.0,YES,71
dbo,UserLogIn,GLEntry,smallint,,5.0,0.0,YES,72
dbo,UserLogIn,ARMaintenance,smallint,,5.0,0.0,YES,73
dbo,UserLogIn,APMaintenance,smallint,,5.0,0.0,YES,74
dbo,UserLogIn,CBMaintenance,smallint,,5.0,0.0,YES,75
dbo,UserLogIn,GLMaintenance,smallint,,5.0,0.0,YES,76
dbo,UserLogIn,ARReports,smallint,,5.0,0.0,YES,77
dbo,UserLogIn,APReports,smallint,,5.0,0.0,YES,78
dbo,UserLogIn,CBReports,smallint,,5.0,0.0,YES,79
dbo,UserLogIn,GLReports,smallint,,5.0,0.0,YES,80
dbo,UserLogIn,ARStandards,smallint,,5.0,0.0,YES,81
dbo,UserLogIn,APStandards,smallint,,5.0,0.0,YES,82
dbo,UserLogIn,CBStandards,smallint,,5.0,0.0,YES,83
dbo,UserLogIn,GLStandards,smallint,,5.0,0.0,YES,84
dbo,UserLogIn,AREndOfPeriod,smallint,,5.0,0.0,YES,85
dbo,UserLogIn,APEndOfPeriod,smallint,,5.0,0.0,YES,86
dbo,UserLogIn,CBEndOfPeriod,smallint,,5.0,0.0,YES,87
dbo,UserLogIn,GLEndOfPeriod,smallint,,5.0,0.0,YES,88
dbo,UserLogIn,UseGlobalView,smallint,,5.0,0.0,YES,89
dbo,UserLogIn,GridLines,smallint,,5.0,0.0,YES,90
dbo,UserLogIn,Font,varchar,50.0,,,YES,91
dbo,UserLogIn,FontSize,real,,24.0,,YES,92
dbo,UserLogIn,FontColor,decimal,,18.0,0.0,YES,93
dbo,UserLogIn,FontBold,smallint,,5.0,0.0,YES,94
dbo,UserLogIn,FontItalic,smallint,,5.0,0.0,YES,95
dbo,UserLogIn,FontStrikeThrough,smallint,,5.0,0.0,YES,96
dbo,UserLogIn,FontUnderLine,smallint,,5.0,0.0,YES,97
dbo,UserLogIn,BackGroundColor,decimal,,18.0,0.0,YES,98
dbo,UserLogIn,HighLightColor,decimal,,18.0,0.0,YES,99
dbo,UserLogIn,HighLightTextColor,decimal,,18.0,0.0,YES,100
dbo,UserLogIn,GridColor,decimal,,18.0,0.0,YES,101
dbo,UserLogIn,MaxRecords,int,,10.0,0.0,YES,102
dbo,UserLogIn,ARJobCloseOut,smallint,,5.0,0.0,YES,103
dbo,UserLogIn,TopCustomerReport,smallint,,5.0,0.0,YES,104
dbo,UserLogIn,ARBackPost,smallint,,5.0,0.0,YES,105
dbo,UserLogIn,APBackPost,smallint,,5.0,0.0,YES,106
dbo,UserLogIn,CBBackPost,smallint,,5.0,0.0,YES,107
dbo,UserLogIn,GLBackPost,smallint,,5.0,0.0,YES,108
dbo,UserLogIn,RestrictFromEditDueDate,smallint,,5.0,0.0,YES,109
dbo,UserLogIn,DeleteShipments,smallint,,5.0,0.0,YES,110
dbo,UserLogIn,AccessChangeOrders,smallint,,5.0,0.0,YES,111
dbo,UserLogIn,RestrictFromInkDefaults,smallint,,5.0,0.0,YES,112
dbo,UserLogIn,UseAsEstimator,smallint,,5.0,0.0,YES,113
dbo,UserLogIn,UseAsCSR,smallint,,5.0,0.0,YES,114
dbo,UserLogIn,AllowPOReciepts,smallint,,5.0,0.0,YES,115
dbo,UserLogIn,RestrictPostPO,smallint,,5.0,0.0,YES,116
dbo,UserLogIn,APVoid,smallint,,5.0,0.0,YES,117
dbo,UserLogIn,ARVoid,smallint,,5.0,0.0,YES,118
dbo,UserLogIn,RestrictAccountingXfer,smallint,,5.0,0.0,YES,119
dbo,UserLogIn,RestrictInvoiceonSingleJobCloseOut,smallint,,5.0,0.0,YES,120
dbo,UserLogIn,RestrictFromSalesRep,smallint,,5.0,0.0,YES,121
dbo,UserLogIn,RestrictFromCCInfo,smallint,,5.0,0.0,YES,122
dbo,UserLogIn,AllowPOEditPostedTransaction,smallint,,5.0,0.0,YES,123
dbo,UserLogIn,RestrictFromCCProcessEdit,smallint,,5.0,0.0,YES,124
dbo,UserLogIn,RestrictFromTemplateEdit,smallint,,5.0,0.0,YES,125
dbo,UserLogIn,RestrictFromShipVia,smallint,,5.0,0.0,YES,126
dbo,UserLogIn,RestrictARCashReceipts,smallint,,5.0,0.0,YES,127
dbo,UserLogIn,RestrictARCreditNotes,smallint,,5.0,0.0,YES,128
dbo,UserLogIn,RestrictARInvoices,smallint,,5.0,0.0,YES,129
dbo,UserLogIn,RestrictARCreditJournals,smallint,,5.0,0.0,YES,130
dbo,UserLogIn,RestrictARDebitJournals,smallint,,5.0,0.0,YES,131
dbo,UserLogIn,ProgramFontColor,decimal,,18.0,0.0,YES,132
dbo,UserLogIn,ProgramBackGroundColor,decimal,,18.0,0.0,YES,133
dbo,UserLogIn,ProgramHighLightColor,decimal,,18.0,0.0,YES,134
dbo,UserLogIn,ProgramHighLightTextColor,decimal,,18.0,0.0,YES,135
dbo,UserLogIn,ProgramButtonColor,decimal,,18.0,0.0,YES,136
dbo,UserLogIn,DraftInvoice,smallint,,5.0,0.0,YES,137
dbo,UserLogIn,RestrictLockSchedule,smallint,,5.0,0.0,YES,138
dbo,UserLogIn,CustomerContacts,smallint,,5.0,0.0,YES,139
dbo,UserLogIn,RestrictDataGridExport,smallint,,5.0,0.0,YES,140
dbo,UserLogIn,Suppliers,smallint,,5.0,0.0,YES,141
dbo,UserLogIn,SuppliersViewOnly,smallint,,5.0,0.0,YES,142
dbo,UserLogIn,RestrictCustomerDefaults,smallint,,5.0,0.0,YES,143
dbo,UserLogIn,DBExecutive,bit,,,,YES,144
dbo,UserLogIn,DBSales,bit,,,,YES,145
dbo,UserLogIn,DBProduction,bit,,,,YES,146
dbo,UserLogIn,DBAccounting,bit,,,,YES,147
dbo,UserLogIn,DBSettings,bit,,,,YES,148
dbo,UserLogIn,RestrictSystemSettings,smallint,,5.0,0.0,YES,149
dbo,UserLogIn,DieInventory,smallint,,5.0,0.0,YES,150
dbo,UserLogIn,DieInventoryViewOnly,smallint,,5.0,0.0,YES,151
dbo,UserLogIn,RestrictScheduleEdit,smallint,,5.0,0.0,YES,152
dbo,UserLogIn,RestrictFromOwnDCEntries,smallint,,5.0,0.0,YES,153
dbo,UserLogIn,RestrictFromEditingTerms,smallint,,5.0,0.0,YES,154
dbo,UserLogIn,AllowEditDiaryNotes,smallint,,5.0,0.0,YES,155
dbo,UserLogIn,IsAGroup,smallint,,5.0,0.0,YES,156
dbo,UserLogIn,GroupName,varchar,50.0,,,YES,157
dbo,UserLogIn,DefaultJobStatus,smallint,,5.0,0.0,YES,158
dbo,UserLogIn,DeleteCustomer,smallint,,5.0,0.0,YES,159
dbo,UserLogIn,BlankPlantIDAccess,smallint,,5.0,0.0,YES,160
dbo,UserLogIn,RestrictSaveDiaryNotes,smallint,,5.0,0.0,YES,161
dbo,UserLogIn,RestrictFromDataCollection,smallint,,5.0,0.0,YES,162
dbo,UserLogIn,ViewAcctSystemLog,smallint,,5.0,0.0,YES,163
dbo,UserLogIn,DeletePO,smallint,,5.0,0.0,YES,164
dbo,UserLogIn,DeletePOReceipts,smallint,,5.0,0.0,YES,165
dbo,UserLogIn,EmailSignature,varchar,2000.0,,,YES,166
dbo,UserLogIn,RestrictFromCalcButton,smallint,,5.0,0.0,YES,167
dbo,UserLogIn,AllowHourlyRateOverride,smallint,,5.0,0.0,YES,168
dbo,UserLogIn,RestrictFromTaxID,smallint,,5.0,0.0,YES,169
dbo,UserLogIn,DepartmentCode,varchar,5.0,,,YES,170
dbo,UserLogIn,RestrictFromOSSDontRollOption,smallint,,5.0,0.0,YES,171
dbo,UserLogIn,SalesRepCode,varchar,5.0,,,YES,172
dbo,UserLogIn,SendOutgoingCRMNotifications,smallint,,5.0,0.0,YES,173
dbo,UserLogIn,SendIncomingCRMNotifications,smallint,,5.0,0.0,YES,174
dbo,UserLogIn,ContactsViewOnly,smallint,,5.0,0.0,YES,175
dbo,UserLogIn,RestrictFromComponentButtons,smallint,,5.0,0.0,YES,176
dbo,UserLogIn,LimitedUtilities,smallint,,5.0,0.0,YES,177
dbo,UserLogIn,CRMUser,smallint,,5.0,0.0,YES,178
dbo,UserLogIn,RestrictFromPOCost,smallint,,5.0,0.0,YES,179
dbo,UserLogIn,RestrictFromUserDefinedSetup,smallint,,5.0,0.0,YES,180
dbo,UserLogIn,RestrictFromChangeAccount,smallint,,5.0,0.0,YES,181
dbo,UserLogIn,AllowJobStatusChange,smallint,,5.0,0.0,YES,182
dbo,UserLogIn,ARSalesRepCode,varchar,5.0,,,YES,183
dbo,UserLogIn,CRMUseOutlookEmailClient,smallint,,5.0,0.0,YES,184
dbo,UserLogIn,Active,varchar,50.0,,,YES,185
dbo,UserLogIn,IsUserActive,smallint,,5.0,0.0,YES,186
dbo,UserLogIn,PasswordHistory,text,2147483647.0,,,YES,187
dbo,UserSettings,ID,int,,10.0,0.0,NO,1
dbo,UserSettings,LoginName,varchar,50.0,,,YES,2
dbo,UserSettings,Source,varchar,50.0,,,YES,3
dbo,UserSettings,OptionName,varchar,255.0,,,YES,4
dbo,UserSettings,OptionValue,varchar,255.0,,,YES,5
dbo,UserSettings,CreateOpr,varchar,50.0,,,YES,6
dbo,UserSettings,CreateDatim,datetime,,,,YES,7
dbo,UserSettings,UpdateOpr,varchar,50.0,,,YES,8
dbo,UserSettings,UpdateDatim,datetime,,,,YES,9
dbo,VB_Sum,JobNumber,varchar,20.0,,,YES,1
dbo,VB_Sum,OfficeID,varchar,50.0,,,YES,2
dbo,VB_Sum,SecondID,varchar,50.0,,,YES,3
dbo,VB_Sum,CustAccount,varchar,50.0,,,YES,4
dbo,VB_Sum,CostCenterCode,smallint,,5.0,0.0,YES,5
dbo,VB_Sum,CompleteDate,datetime,,,,YES,6
dbo,VB_Sum,TotalPrice,money,,19.0,4.0,YES,7
dbo,VB_Sum,TotalJobPrice,money,,19.0,4.0,YES,8
dbo,VB_Sum,ComponentPrice,money,,19.0,4.0,YES,9
dbo,VB_Sum,ComponentNumber,smallint,,5.0,0.0,YES,10
dbo,VB_Sum,Code,int,,10.0,0.0,YES,11
dbo,VB_Sum,CustomerType,varchar,50.0,,,YES,12
dbo,VB_Sum,CustUserDefined3,varchar,50.0,,,YES,13
dbo,VB_Sum,CreateOpr,varchar,50.0,,,YES,14
dbo,VB_Sum,CreateDatim,datetime,,,,YES,15
dbo,VB_Sum,UpdateOpr,varchar,50.0,,,YES,16
dbo,VB_Sum,Updatedatim,datetime,,,,YES,17
dbo,VB_TempItems,JobNumber,varchar,20.0,,,YES,1
dbo,VB_TempItems,ComponentNumber,smallint,,5.0,0.0,YES,2
dbo,VB_TempItems,GroupNo,smallint,,5.0,0.0,YES,3
dbo,VB_TempItems,CostCenterCode,smallint,,5.0,0.0,YES,4
dbo,VB_TempItems,TotalPrice,money,,19.0,4.0,YES,5
dbo,VB_TempItems,CreateOpr,varchar,50.0,,,YES,6
dbo,VB_TempItems,CreateDatim,datetime,,,,YES,7
dbo,VB_TempItems,UpdateOpr,varchar,50.0,,,YES,8
dbo,VB_TempItems,Updatedatim,datetime,,,,YES,9
dbo,Vendor,VendorID,varchar,20.0,,,NO,1
dbo,Vendor,VendorName,varchar,50.0,,,YES,2
dbo,Vendor,VendorAddress1,varchar,50.0,,,YES,3
dbo,Vendor,VendorAddress2,varchar,50.0,,,YES,4
dbo,Vendor,VendorCity,varchar,50.0,,,YES,5
dbo,Vendor,VendorState,varchar,3.0,,,YES,6
dbo,Vendor,VendorZip,varchar,50.0,,,YES,7
dbo,Vendor,VendorPhone,varchar,30.0,,,YES,8
dbo,Vendor,VendorFax,varchar,30.0,,,YES,9
dbo,Vendor,DefaultTermsCode,varchar,5.0,,,YES,10
dbo,Vendor,EntryDate,datetime,,,,YES,11
dbo,Vendor,EntryTime,datetime,,,,YES,12
dbo,Vendor,DefGLAccount,varchar,50.0,,,YES,13
dbo,Vendor,DefGLSubAccount,varchar,24.0,,,YES,14
dbo,Vendor,Notes,varchar,2000.0,,,YES,15
dbo,Vendor,VendorContact,varchar,50.0,,,YES,16
dbo,Vendor,VendorCategory,varchar,5.0,,,YES,17
dbo,Vendor,VendorAddress3,varchar,50.0,,,YES,18
dbo,Vendor,VendorCountry,varchar,50.0,,,YES,19
dbo,Vendor,VendorCounty,varchar,50.0,,,YES,20
dbo,Vendor,ShipViaCode,varchar,5.0,,,YES,21
dbo,Vendor,BillingContact,varchar,50.0,,,YES,22
dbo,Vendor,TermsCode,varchar,5.0,,,YES,23
dbo,Vendor,CreateOpr,varchar,50.0,,,YES,24
dbo,Vendor,CreateDatim,datetime,,,,YES,25
dbo,Vendor,UpdateOpr,varchar,50.0,,,YES,26
dbo,Vendor,Updatedatim,datetime,,,,YES,27
dbo,Vendor,VendorType,varchar,5.0,,,YES,28
dbo,Vendor,PlantID,varchar,3.0,,,YES,29
dbo,Vendor,CreditLimit,money,,19.0,4.0,YES,30
dbo,Vendor,CreditLimitForeign,money,,19.0,4.0,YES,31
dbo,Vendor,HoldCode,varchar,5.0,,,YES,32
dbo,Vendor,CurrencyCode,varchar,5.0,,,YES,33
dbo,Vendor,TaxCodeA,varchar,5.0,,,YES,34
dbo,Vendor,TaxCodeB,varchar,5.0,,,YES,35
dbo,Vendor,TaxCodeC,varchar,5.0,,,YES,36
dbo,Vendor,TaxCodeD,varchar,5.0,,,YES,37
dbo,Vendor,DefLineType,varchar,1.0,,,YES,38
dbo,Vendor,PaymentType,varchar,5.0,,,YES,39
dbo,Vendor,PayeeName,varchar,35.0,,,YES,40
dbo,Vendor,TaxNumber,varchar,20.0,,,YES,41
dbo,Vendor,VendorEmail,varchar,100.0,,,YES,42
dbo,Vendor,CompanyAccount,varchar,50.0,,,YES,43
dbo,Vendor,QBListID,varchar,50.0,,,YES,44
dbo,Vendor,RemitName,varchar,50.0,,,YES,45
dbo,Vendor,RemitAddress1,varchar,50.0,,,YES,46
dbo,Vendor,RemitAddress2,varchar,50.0,,,YES,47
dbo,Vendor,RemitAddress3,varchar,50.0,,,YES,48
dbo,Vendor,RemitCity,varchar,50.0,,,YES,49
dbo,Vendor,RemitState,varchar,2.0,,,YES,50
dbo,Vendor,RemitZip,varchar,50.0,,,YES,51
dbo,Vendor,RemitCounty,varchar,50.0,,,YES,52
dbo,Vendor,RemitCountry,varchar,50.0,,,YES,53
dbo,Vendor,RemitContact,varchar,50.0,,,YES,54
dbo,Vendor,RemitPhone,varchar,30.0,,,YES,55
dbo,Vendor,RemitFax,varchar,30.0,,,YES,56
dbo,Vendor,RemitEmail,varchar,100.0,,,YES,57
dbo,Vendor,Issue1099,smallint,,5.0,0.0,YES,58
dbo,Vendor,MNotes,text,2147483647.0,,,YES,59
dbo,Vendor,GLCOGAccount,varchar,50.0,,,YES,60
dbo,Vendor,UserDefined1,varchar,100.0,,,YES,61
dbo,Vendor,UserDefined2,varchar,100.0,,,YES,62
dbo,Vendor,UserDefined3,varchar,100.0,,,YES,63
dbo,Vendor,UserDefined4,varchar,100.0,,,YES,64
dbo,Vendor,UserDefined5,varchar,100.0,,,YES,65
dbo,Vendor,UseEletronicPurchaseOrder,smallint,,5.0,0.0,YES,66
dbo,Vendor,UseElectronicPurchaseOrder,smallint,,5.0,0.0,YES,67
dbo,Vendor,Ten99Box,varchar,3.0,,,YES,68
dbo,Vendor,DefaultGLSalesCode,varchar,50.0,,,YES,69
dbo,Vendor,StockCheckWebService,varchar,255.0,,,YES,70
dbo,Vendor,StockCheckEmail,varchar,50.0,,,YES,71
dbo,Vendor,StockCheckPassword,varchar,50.0,,,YES,72
dbo,Vendor,ETradingPartnerID,varchar,50.0,,,YES,73
dbo,Vendor,cXMLServerURL,varchar,255.0,,,YES,74
dbo,Vendor,cXMLSender,varchar,100.0,,,YES,75
dbo,Vendor,cXMLTo,varchar,100.0,,,YES,76
dbo,Vendor,cXMLFrom,varchar,100.0,,,YES,77
dbo,Vendor,cXMLSharedSecret,varchar,100.0,,,YES,78
dbo,Vendor,VendorInactive,smallint,,5.0,0.0,YES,79
dbo,Vendor,Markup,real,,24.0,,YES,80
dbo,Vendor,AutoAlertNoteAP,smallint,,5.0,0.0,YES,81
dbo,Vendor,ContactID,int,,10.0,0.0,YES,82
dbo,Vendor,BillContactID,int,,10.0,0.0,YES,83
dbo,Vendor,PurchasingNote,varchar,2000.0,,,YES,84
dbo,Vendor,QBOListID,varchar,50.0,,,YES,85
dbo,Vendor,VendorAccountInfo,text,2147483647.0,,,YES,86
dbo,Vendor,ACHCapable,smallint,,5.0,0.0,YES,87
dbo,VendorAssignedCategory,VendorID,varchar,20.0,,,NO,1
dbo,VendorAssignedCategory,CategoryCode,varchar,5.0,,,NO,2
dbo,VendorAssignedCategory,CreateOpr,varchar,50.0,,,YES,3
dbo,VendorAssignedCategory,CreateDatim,datetime,,,,YES,4
dbo,VendorAssignedCategory,UpdateOpr,varchar,50.0,,,YES,5
dbo,VendorAssignedCategory,Updatedatim,datetime,,,,YES,6
dbo,VendorBalances,VendorID,varchar,20.0,,,NO,1
dbo,VendorBalances,CreateOpr,varchar,50.0,,,YES,2
dbo,VendorBalances,CreateDatim,datetime,,,,YES,3
dbo,VendorBalances,UpdateOpr,varchar,50.0,,,YES,4
dbo,VendorBalances,UpdateDatim,datetime,,,,YES,5
dbo,VendorBalances,BalanceBFwd,money,,19.0,4.0,YES,6
dbo,VendorBalances,Balance4,money,,19.0,4.0,YES,7
dbo,VendorBalances,Balance3,money,,19.0,4.0,YES,8
dbo,VendorBalances,Balance2,money,,19.0,4.0,YES,9
dbo,VendorBalances,Balance1,money,,19.0,4.0,YES,10
dbo,VendorBalances,Balance0,money,,19.0,4.0,YES,11
dbo,VendorBalances,BalanceDue,money,,19.0,4.0,YES,12
dbo,VendorBalances,BalanceFuture,money,,19.0,4.0,YES,13
dbo,VendorBalances,BalanceHeld,money,,19.0,4.0,YES,14
dbo,VendorBalances,BalancePOs,money,,19.0,4.0,YES,15
dbo,VendorBalances,LastInvoiceVal,money,,19.0,4.0,YES,16
dbo,VendorBalances,LastPaymentVal,money,,19.0,4.0,YES,17
dbo,VendorBalances,BalanceBFwdForeign,money,,19.0,4.0,YES,18
dbo,VendorBalances,Balance4Foreign,money,,19.0,4.0,YES,19
dbo,VendorBalances,Balance3Foreign,money,,19.0,4.0,YES,20
dbo,VendorBalances,Balance2Foreign,money,,19.0,4.0,YES,21
dbo,VendorBalances,Balance1Foreign,money,,19.0,4.0,YES,22
dbo,VendorBalances,Balance0Foreign,money,,19.0,4.0,YES,23
dbo,VendorBalances,LastInvoiceValForeign,money,,19.0,4.0,YES,24
dbo,VendorBalances,LastPaymentValForeign,money,,19.0,4.0,YES,25
dbo,VendorBalances,LastInvoiceDate,datetime,,,,YES,26
dbo,VendorBalances,LastPaymentDate,datetime,,,,YES,27
dbo,VendorBalances,PaymentHistory,varchar,10.0,,,YES,28
dbo,VendorBalances,InvoicesPaid,money,,19.0,4.0,YES,29
dbo,VendorBalances,AveDaysPayment,real,,24.0,,YES,30
dbo,VendorCategory,Code,varchar,5.0,,,NO,1
dbo,VendorCategory,Description,varchar,50.0,,,YES,2
dbo,VendorCategory,EntryDate,datetime,,,,YES,3
dbo,VendorCategory,EntryTime,datetime,,,,YES,4
dbo,VendorCategory,CreateOpr,varchar,50.0,,,YES,5
dbo,VendorCategory,CreateDatim,datetime,,,,YES,6
dbo,VendorCategory,UpdateOpr,varchar,50.0,,,YES,7
dbo,VendorCategory,Updatedatim,datetime,,,,YES,8
dbo,VendorCategory,RecordType,varchar,1.0,,,YES,9
dbo,VendorCategory,OnLineDescription,varchar,50.0,,,YES,10
dbo,VendorCategory,JDFExport,smallint,,5.0,0.0,YES,11
dbo,VendorCategory,ConversionRate,real,,24.0,,YES,12
dbo,VendorCategory,ComponentType,varchar,20.0,,,YES,13
dbo,VendorCategory,TemplateType,smallint,,5.0,0.0,YES,14
dbo,VendorCategory,PlantID,varchar,5.0,,,YES,15
dbo,VendorCategory,CurrencySymbol,varchar,1.0,,,YES,16
dbo,VendorCategory,MerchantID,varchar,50.0,,,YES,17
dbo,VendorCheckingCode,VendorID,varchar,20.0,,,NO,1
dbo,VendorCheckingCode,CheckingGLCode,varchar,50.0,,,NO,2
dbo,VendorCheckingCode,CreateOpr,varchar,50.0,,,YES,3
dbo,VendorCheckingCode,CreateDatim,datetime,,,,YES,4
dbo,VendorCheckingCode,UpdateOpr,varchar,50.0,,,YES,5
dbo,VendorCheckingCode,UpdateDatim,datetime,,,,YES,6
dbo,VendorContact,VendorID,varchar,20.0,,,NO,1
dbo,VendorContact,ContactName,varchar,50.0,,,NO,2
dbo,VendorContact,Phone,varchar,30.0,,,YES,3
dbo,VendorContact,Fax,varchar,30.0,,,YES,4
dbo,VendorContact,EntryDate,datetime,,,,YES,5
dbo,VendorContact,EntryTime,datetime,,,,YES,6
dbo,VendorContact,CellPhone,varchar,30.0,,,YES,7
dbo,VendorContact,HomePhone,varchar,30.0,,,YES,8
dbo,VendorContact,Email,varchar,100.0,,,YES,9
dbo,VendorContact,CreateOpr,varchar,50.0,,,YES,10
dbo,VendorContact,CreateDatim,datetime,,,,YES,11
dbo,VendorContact,UpdateOpr,varchar,50.0,,,YES,12
dbo,VendorContact,Updatedatim,datetime,,,,YES,13
dbo,VendorContact,JobTitle,varchar,100.0,,,YES,14
dbo,VendorContact,MNotes,text,2147483647.0,,,YES,15
dbo,VendorContact,Alias,varchar,50.0,,,YES,16
dbo,VendorContact,ID,int,,10.0,0.0,NO,17
dbo,VendorContact,UserDefined1,varchar,100.0,,,YES,18
dbo,VendorContact,UserDefined2,varchar,100.0,,,YES,19
dbo,VendorContact,UserDefined3,varchar,100.0,,,YES,20
dbo,VendorContact,UserDefined4,varchar,100.0,,,YES,21
dbo,VendorContact,UserDefined5,varchar,100.0,,,YES,22
dbo,VendorHoldType,Code,varchar,5.0,,,NO,1
dbo,VendorHoldType,Description,varchar,50.0,,,YES,2
dbo,VendorHoldType,EntryDate,datetime,,,,YES,3
dbo,VendorHoldType,EntryTime,datetime,,,,YES,4
dbo,VendorHoldType,CreateOpr,varchar,50.0,,,YES,5
dbo,VendorHoldType,CreateDatim,datetime,,,,YES,6
dbo,VendorHoldType,UpdateOpr,varchar,50.0,,,YES,7
dbo,VendorHoldType,Updatedatim,datetime,,,,YES,8
dbo,VendorHoldType,RecordType,varchar,1.0,,,YES,9
dbo,VendorHoldType,OnLineDescription,varchar,50.0,,,YES,10
dbo,VendorHoldType,JDFExport,smallint,,5.0,0.0,YES,11
dbo,VendorHoldType,ConversionRate,real,,24.0,,YES,12
dbo,VendorHoldType,ComponentType,varchar,20.0,,,YES,13
dbo,VendorHoldType,TemplateType,smallint,,5.0,0.0,YES,14
dbo,VendorHoldType,PlantID,varchar,5.0,,,YES,15
dbo,VendorHoldType,CurrencySymbol,varchar,1.0,,,YES,16
dbo,VendorHoldType,MerchantID,varchar,50.0,,,YES,17
dbo,VendorProduct,VendorID,varchar,20.0,,,NO,1
dbo,VendorProduct,ProductID,varchar,20.0,,,NO,2
dbo,VendorProduct,Description,varchar,50.0,,,YES,3
dbo,VendorProduct,PricingMethod,smallint,,5.0,0.0,YES,4
dbo,VendorProduct,FixedCost,money,,19.0,4.0,YES,5
dbo,VendorProduct,EntryDate,datetime,,,,YES,6
dbo,VendorProduct,EntryTime,datetime,,,,YES,7
dbo,VendorProduct,Comments,text,2147483647.0,,,YES,8
dbo,VendorProduct,Markup,real,,24.0,,YES,9
dbo,VendorProduct,CreateOpr,varchar,50.0,,,YES,10
dbo,VendorProduct,CreateDatim,datetime,,,,YES,11
dbo,VendorProduct,UpdateOpr,varchar,50.0,,,YES,12
dbo,VendorProduct,Updatedatim,datetime,,,,YES,13
dbo,VendorProduct,MinimumCost,money,,19.0,4.0,YES,14
dbo,VendorProduct,DefaultGLSalesCode,varchar,50.0,,,YES,15
dbo,VendorProduct,SpoilageTable,varchar,5.0,,,YES,16
dbo,VendorProduct,GLCOGCode,varchar,50.0,,,YES,17
dbo,VendorProduct,GLWIPCode,varchar,50.0,,,YES,18
dbo,VendorProduct,DieEngravingCostPerInch,money,,19.0,4.0,YES,19
dbo,VendorProduct,DieCostPerTooth,money,,19.0,4.0,YES,20
dbo,VendorProduct,DieChromeCostPercentage,real,,24.0,,YES,21
dbo,VendorProduct,DieCostPerBlade,money,,19.0,4.0,YES,22
dbo,VendorProduct,DieBlankCost,money,,19.0,4.0,YES,23
dbo,VendorProduct,DieChromeCostMin,money,,19.0,4.0,YES,24
dbo,VendorProduct,DieChromeCostMax,money,,19.0,4.0,YES,25
dbo,VendorProduct,DieEngravingCostMin,money,,19.0,4.0,YES,26
dbo,VendorProduct,DieEngravingCostMinPerCavity,money,,19.0,4.0,YES,27
dbo,VendorProduct,CrossScoreChrome,money,,19.0,4.0,YES,28
dbo,VendorProduct,MarkupTable,varchar,5.0,,,YES,29
dbo,VendorProduct,GLExpenseCode,varchar,50.0,,,YES,30
dbo,VendorProductPrice,VendorID,varchar,20.0,,,NO,1
dbo,VendorProductPrice,ProductID,varchar,20.0,,,NO,2
dbo,VendorProductPrice,Quantity,int,,10.0,0.0,NO,3
dbo,VendorProductPrice,Cost,money,,19.0,4.0,YES,4
dbo,VendorProductPrice,EntryDate,datetime,,,,YES,5
dbo,VendorProductPrice,EntryTime,datetime,,,,YES,6
dbo,VendorProductPrice,CreateOpr,varchar,50.0,,,YES,7
dbo,VendorProductPrice,CreateDatim,datetime,,,,YES,8
dbo,VendorProductPrice,UpdateOpr,varchar,50.0,,,YES,9
dbo,VendorProductPrice,Updatedatim,datetime,,,,YES,10
dbo,VendorTransaction,TransactionNumber,int,,10.0,0.0,NO,1
dbo,VendorTransaction,BatchID,int,,10.0,0.0,YES,2
dbo,VendorTransaction,CreateOpr,varchar,50.0,,,YES,3
dbo,VendorTransaction,CreateDatim,datetime,,,,YES,4
dbo,VendorTransaction,UpdateOpr,varchar,50.0,,,YES,5
dbo,VendorTransaction,UpdateDatim,datetime,,,,YES,6
dbo,VendorTransaction,PlantID,varchar,3.0,,,YES,7
dbo,VendorTransaction,SuppAccount,varchar,20.0,,,YES,8
dbo,VendorTransaction,TransactionType,varchar,15.0,,,YES,9
dbo,VendorTransaction,CrDrFlag,varchar,1.0,,,YES,10
dbo,VendorTransaction,DocumentNumber,varchar,20.0,,,YES,11
dbo,VendorTransaction,OurReference,varchar,20.0,,,YES,12
dbo,VendorTransaction,Descrition,varchar,100.0,,,YES,13
dbo,VendorTransaction,Status,varchar,1.0,,,YES,14
dbo,VendorTransaction,TransactionDate,datetime,,,,YES,15
dbo,VendorTransaction,Era,int,,10.0,0.0,YES,16
dbo,VendorTransaction,Age,smallint,,5.0,0.0,YES,17
dbo,VendorTransaction,PostDate,datetime,,,,YES,18
dbo,VendorTransaction,PostOpr,varchar,50.0,,,YES,19
dbo,VendorTransaction,CurrencyFlag,varchar,1.0,,,YES,20
dbo,VendorTransaction,CurrencyCode,varchar,5.0,,,YES,21
dbo,VendorTransaction,ExchangeRate,smallmoney,,10.0,4.0,YES,22
dbo,VendorTransaction,NetVal,money,,19.0,4.0,YES,23
dbo,VendorTransaction,SalesTaxA,money,,19.0,4.0,YES,24
dbo,VendorTransaction,SalesTaxB,money,,19.0,4.0,YES,25
dbo,VendorTransaction,SalesTaxC,money,,19.0,4.0,YES,26
dbo,VendorTransaction,SalesTaxD,money,,19.0,4.0,YES,27
dbo,VendorTransaction,SalesTaxVal,money,,19.0,4.0,YES,28
dbo,VendorTransaction,TotalVal,money,,19.0,4.0,YES,29
dbo,VendorTransaction,OpenVal,money,,19.0,4.0,YES,30
dbo,VendorTransaction,HeldVal,money,,19.0,4.0,YES,31
dbo,VendorTransaction,NetValForeign,money,,19.0,4.0,YES,32
dbo,VendorTransaction,SalesTaxAForeign,money,,19.0,4.0,YES,33
dbo,VendorTransaction,SalesTaxBForeign,money,,19.0,4.0,YES,34
dbo,VendorTransaction,SalesTaxCForeign,money,,19.0,4.0,YES,35
dbo,VendorTransaction,SalesTaxDForeign,money,,19.0,4.0,YES,36
dbo,VendorTransaction,SalesTaxForeign,money,,19.0,4.0,YES,37
dbo,VendorTransaction,TotalValForeign,money,,19.0,4.0,YES,38
dbo,VendorTransaction,OpenValForeign,money,,19.0,4.0,YES,39
dbo,VendorTransaction,HeldValForeign,money,,19.0,4.0,YES,40
dbo,VendorTransaction,HoldCode,money,,19.0,4.0,YES,41
dbo,VendorTransaction,HoldComment,varchar,100.0,,,YES,42
dbo,VendorTransaction,ReleaseDate,datetime,,,,YES,43
dbo,VendorTransaction,TermsCode,varchar,5.0,,,YES,44
dbo,VendorTransaction,DueDate,datetime,,,,YES,45
dbo,VendorTransaction,ApplyInvoiceNumber,varchar,20.0,,,YES,46
dbo,VendorTransaction,ApplyInvoiceBatch,int,,10.0,0.0,YES,47
dbo,VendorTransaction,ApplyInvoiceTrans,int,,10.0,0.0,YES,48
dbo,VendorTransaction,PrepaidVal,money,,19.0,4.0,YES,49
dbo,VendorTransaction,PrepaidDocNum,varchar,20.0,,,YES,50
dbo,VendorTransaction,PaymentType,varchar,1.0,,,YES,51
dbo,VendorTransaction,BankName,varchar,35.0,,,YES,52
dbo,VendorTransaction,BankBranch,varchar,35.0,,,YES,53
dbo,VendorTransaction,BankAccount,varchar,35.0,,,YES,54
dbo,VendorTransaction,GLCode,varchar,50.0,,,YES,55
dbo,VendorTransaction,Allocate4,money,,19.0,4.0,YES,56
dbo,VendorTransaction,Allocate3,money,,19.0,4.0,YES,57
dbo,VendorTransaction,Allocate2,money,,19.0,4.0,YES,58
dbo,VendorTransaction,Allocate1,money,,19.0,4.0,YES,59
dbo,VendorTransaction,Allocate0,money,,19.0,4.0,YES,60
dbo,VendorTransaction,Allocate4Foreign,money,,19.0,4.0,YES,61
dbo,VendorTransaction,Allocate3Foreign,money,,19.0,4.0,YES,62
dbo,VendorTransaction,Allocate2Foreign,money,,19.0,4.0,YES,63
dbo,VendorTransaction,Allocate1Foreign,money,,19.0,4.0,YES,64
dbo,VendorTransaction,Allocate0Foreign,money,,19.0,4.0,YES,65
dbo,VendorTransactionLine,LineNumber,int,,10.0,0.0,NO,1
dbo,VendorTransactionLine,BatchID,int,,10.0,0.0,YES,2
dbo,VendorTransactionLine,TransactionNumber,int,,10.0,0.0,YES,3
dbo,VendorTransactionLine,CreateOpr,varchar,50.0,,,YES,4
dbo,VendorTransactionLine,CreateDatim,datetime,,,,YES,5
dbo,VendorTransactionLine,UpdateOpr,varchar,50.0,,,YES,6
dbo,VendorTransactionLine,UpdateDatim,datetime,,,,YES,7
dbo,VendorTransactionLine,LineType,varchar,1.0,,,YES,8
dbo,VendorTransactionLine,JobNumber,varchar,20.0,,,YES,9
dbo,VendorTransactionLine,ComponentNumber,smallint,,5.0,0.0,YES,10
dbo,VendorTransactionLine,BatchNo,smallint,,5.0,0.0,YES,11
dbo,VendorTransactionLine,ItemNumber,smallint,,5.0,0.0,YES,12
dbo,VendorTransactionLine,PartNumber,smallint,,5.0,0.0,YES,13
dbo,VendorTransactionLine,JobProccess,smallint,,5.0,0.0,YES,14
dbo,VendorTransactionLine,PONumber,varchar,20.0,,,YES,15
dbo,VendorTransactionLine,POItemNumber,smallint,,5.0,0.0,YES,16
dbo,VendorTransactionLine,POComplete,smallint,,5.0,0.0,YES,17
dbo,VendorTransactionLine,StockCode,varchar,15.0,,,YES,18
dbo,VendorTransactionLine,GLCode,varchar,50.0,,,YES,19
dbo,VendorTransactionLine,TaxCode,varchar,5.0,,,YES,20
dbo,VendorTransactionLine,TaxPC,real,,24.0,,YES,21
dbo,VendorTransactionLine,Quantity,int,,10.0,0.0,YES,22
dbo,VendorTransactionLine,UnitPrice,money,,19.0,4.0,YES,23
dbo,VendorTransactionLine,UnitMethod,smallint,,5.0,0.0,YES,24
dbo,VendorTransactionLine,NetVal,money,,19.0,4.0,YES,25
dbo,VendorTransactionLine,TaxVal,money,,19.0,4.0,YES,26
dbo,VendorTransactionLine,TotalVal,money,,19.0,4.0,YES,27
dbo,VendorTransactionLine,Description,varchar,100.0,,,YES,28
dbo,VendorTransactionLine,Comments,varchar,2000.0,,,YES,29
dbo,VendorTransactionLine,AllocateBatch,int,,10.0,0.0,YES,30
dbo,VendorTransactionLine,AllocateTransNum,int,,10.0,0.0,YES,31
dbo,VendorTransactionLine,AllocateTransType,int,,10.0,0.0,YES,32
dbo,VendorTransactionLine,AllocateDocNum,varchar,20.0,,,YES,33
dbo,VendorTransactionLine,AllocateAge,smallint,,5.0,0.0,YES,34
dbo,VendorTransactionLine,AllocateDate,datetime,,,,YES,35
dbo,VendorTransactionLine,AllocateVal,money,,19.0,4.0,YES,36
dbo,VendorTransactionLine,UnitPriceForeign,money,,19.0,4.0,YES,37
dbo,VendorTransactionLine,NetValForeign,money,,19.0,4.0,YES,38
dbo,VendorTransactionLine,TaxValForeign,money,,19.0,4.0,YES,39
dbo,VendorTransactionLine,TotalValForeign,money,,19.0,4.0,YES,40
dbo,WebBannerImage,ID,int,,10.0,0.0,NO,1
dbo,WebBannerImage,CustAccount,varchar,50.0,,,YES,2
dbo,WebBannerImage,FileName,varchar,256.0,,,YES,3
dbo,WebBannerImage,FileType,varchar,50.0,,,YES,4
dbo,WebBannerImage,FileSize,int,,10.0,0.0,YES,5
dbo,WebBannerImage,Comments,varchar,2000.0,,,YES,6
dbo,WebBannerImage,BannerImage,image,2147483647.0,,,YES,7
dbo,WebBannerImage,Updatedatim,datetime,,,,YES,8
dbo,WebBannerImage,UpdateOpr,varchar,50.0,,,YES,9
dbo,WebBannerImage,Createdatim,datetime,,,,YES,10
dbo,WebBannerImage,CreateOpr,varchar,50.0,,,YES,11
dbo,WebCustomer,CustAccount,varchar,50.0,,,NO,1
dbo,WebCustomer,CustPassword,varchar,20.0,,,YES,2
dbo,WebCustomer,CreateOpr,varchar,50.0,,,YES,3
dbo,WebCustomer,CreateDatim,datetime,,,,YES,4
dbo,WebCustomer,UpdateOpr,varchar,50.0,,,YES,5
dbo,WebCustomer,Updatedatim,datetime,,,,YES,6
dbo,WebSiteAccess,ID,int,,10.0,0.0,NO,1
dbo,WebSiteAccess,Source,int,,10.0,0.0,YES,2
dbo,WebSiteAccess,OptionName,int,,10.0,0.0,YES,3
dbo,WebSiteAccess,OptionValue,xml,-1.0,,,YES,4
dbo,WebSiteAccess,CreateOpr,varchar,50.0,,,YES,5
dbo,WebSiteAccess,CreateDatim,datetime,,,,YES,6
dbo,WebSiteAccess,UpdateOpr,varchar,50.0,,,YES,7
dbo,WebSiteAccess,UpdateDatim,datetime,,,,YES,8
dbo,WebSiteAccess,WebSitename,varchar,255.0,,,YES,9
dbo,WebSiteMessage,ID,int,,10.0,0.0,NO,1
dbo,WebSiteMessage,Title,varchar,100.0,,,YES,2
dbo,WebSiteMessage,Message,varchar,2000.0,,,YES,3
dbo,WebSiteMessage,ActiveFlag,smallint,,5.0,0.0,YES,4
dbo,WebSiteMessage,Updatedatim,datetime,,,,YES,5
dbo,WebSiteMessage,UpdateOpr,varchar,50.0,,,YES,6
dbo,WebSiteMessage,Createdatim,datetime,,,,YES,7
dbo,WebSiteMessage,CreateOpr,varchar,50.0,,,YES,8
dbo,WebSiteMessage,Duration,real,,24.0,,YES,9
dbo,WebSiteMessage,CustomerAccess,xml,-1.0,,,YES,10
dbo,WizardCategory,Code,varchar,5.0,,,NO,1
dbo,WizardCategory,Description,varchar,50.0,,,YES,2
dbo,WizardCategory,Updatedatim,datetime,,,,YES,3
dbo,WizardCategory,UpdateOpr,varchar,50.0,,,YES,4
dbo,WizardCategory,Createdatim,datetime,,,,YES,5
dbo,WizardCategory,CreateOpr,varchar,50.0,,,YES,6
dbo,WizardCategory,PublishOnline,smallint,,5.0,0.0,YES,7
dbo,WizardCategory,CustomerAccess,xml,-1.0,,,YES,8
dbo,WizardCategory,PlantID,varchar,3.0,,,YES,9
dbo,WizardCategoryImage,ImageID,int,,10.0,0.0,NO,1
dbo,WizardCategoryImage,WizardCategoryCode,varchar,5.0,,,YES,2
dbo,WizardCategoryImage,WizardImage,image,2147483647.0,,,YES,3
dbo,WizardCategoryImage,FileName,varchar,256.0,,,YES,4
dbo,WizardCategoryImage,FileType,varchar,50.0,,,YES,5
dbo,WizardCategoryImage,FileSize,int,,10.0,0.0,YES,6
dbo,WizardCategoryImage,ImageTypeCode,varchar,5.0,,,YES,7
dbo,WizardCategoryImage,Comments,varchar,2000.0,,,YES,8
dbo,WizardCategoryImage,Updatedatim,datetime,,,,YES,9
dbo,WizardCategoryImage,UpdateOpr,varchar,50.0,,,YES,10
dbo,WizardCategoryImage,Createdatim,datetime,,,,YES,11
dbo,WizardCategoryImage,CreateOpr,varchar,50.0,,,YES,12
dbo,WizardHeader,ID,int,,10.0,0.0,NO,1
dbo,WizardHeader,Description,varchar,50.0,,,YES,2
dbo,WizardHeader,CategoryCode,varchar,5.0,,,YES,3
dbo,WizardHeader,TemplateCode,varchar,50.0,,,YES,4
dbo,WizardHeader,Updatedatim,datetime,,,,YES,5
dbo,WizardHeader,UpdateOpr,varchar,50.0,,,YES,6
dbo,WizardHeader,Createdatim,datetime,,,,YES,7
dbo,WizardHeader,CreateOpr,varchar,50.0,,,YES,8
dbo,WizardHeader,PromptForPageCount,smallint,,5.0,0.0,YES,9
dbo,WizardHeader,MatchPressToParent,smallint,,5.0,0.0,YES,10
dbo,WizardHeader,InsertByProcessCode,smallint,,5.0,0.0,YES,11
dbo,WizardHeader,EnterManualPrice,smallint,,5.0,0.0,YES,12
dbo,WizardHeader,PromptForLots,smallint,,5.0,0.0,YES,13
dbo,WizardHeader,DisplayPressComparison,smallint,,5.0,0.0,YES,14
dbo,WizardHeader,PromptForFinishSize,smallint,,5.0,0.0,YES,15
dbo,WizardHeader,AutoParentSize,smallint,,5.0,0.0,YES,16
dbo,WizardHeader,Caption,varchar,50.0,,,YES,17
dbo,WizardHeader,PublishOnline,smallint,,5.0,0.0,YES,18
dbo,WizardHeader,PromptForFinalSize,smallint,,5.0,0.0,YES,19
dbo,WizardHeader,CustomerAccess,xml,-1.0,,,YES,20
dbo,WizardHeader,ComponentType,varchar,20.0,,,YES,21
dbo,WizardHeader,AllowOnlinePriceQuote,smallint,,5.0,0.0,YES,22
dbo,WizardHeader,RunningOnlinePriceQuote,smallint,,5.0,0.0,YES,23
dbo,WizardHeader,RequireBleed,smallint,,5.0,0.0,YES,24
dbo,WizardHeader,VerticleBleed,real,,24.0,,YES,25
dbo,WizardHeader,HorizontalBleed,real,,24.0,,YES,26
dbo,WizardHeader,SeparateLots,smallint,,5.0,0.0,YES,27
dbo,WizardHeader,PlantID,varchar,3.0,,,YES,28
dbo,WizardHeader,RunSequence,int,,10.0,0.0,YES,29
dbo,WizardHeaderImage,ImageID,int,,10.0,0.0,NO,1
dbo,WizardHeaderImage,WizardHeaderID,int,,10.0,0.0,YES,2
dbo,WizardHeaderImage,WizardImage,image,2147483647.0,,,YES,3
dbo,WizardHeaderImage,FileName,varchar,256.0,,,YES,4
dbo,WizardHeaderImage,FileType,varchar,50.0,,,YES,5
dbo,WizardHeaderImage,FileSize,int,,10.0,0.0,YES,6
dbo,WizardHeaderImage,ImageTypeCode,varchar,5.0,,,YES,7
dbo,WizardHeaderImage,Comments,varchar,2000.0,,,YES,8
dbo,WizardHeaderImage,Rank,int,,10.0,0.0,YES,9
dbo,WizardHeaderImage,Updatedatim,datetime,,,,YES,10
dbo,WizardHeaderImage,UpdateOpr,varchar,50.0,,,YES,11
dbo,WizardHeaderImage,Createdatim,datetime,,,,YES,12
dbo,WizardHeaderImage,CreateOpr,varchar,50.0,,,YES,13
dbo,WizardOption,ID,int,,10.0,0.0,NO,1
dbo,WizardOption,WizardHeaderID,int,,10.0,0.0,YES,2
dbo,WizardOption,WizardOptionID,int,,10.0,0.0,YES,3
dbo,WizardOption,WizardOptionValueID,int,,10.0,0.0,YES,4
dbo,WizardOption,Description,varchar,50.0,,,YES,5
dbo,WizardOption,OptionType,varchar,50.0,,,YES,6
dbo,WizardOption,OptionFormat,varchar,50.0,,,YES,7
dbo,WizardOption,DefaultValue,varchar,50.0,,,YES,8
dbo,WizardOption,Updatedatim,datetime,,,,YES,9
dbo,WizardOption,UpdateOpr,varchar,50.0,,,YES,10
dbo,WizardOption,Createdatim,datetime,,,,YES,11
dbo,WizardOption,CreateOpr,varchar,50.0,,,YES,12
dbo,WizardOption,ComponentNumber,int,,10.0,0.0,YES,13
dbo,WizardOption,Repetitions,int,,10.0,0.0,YES,14
dbo,WizardOption,UnitsPerCycle,int,,10.0,0.0,YES,15
dbo,WizardOption,MaterialCode,varchar,50.0,,,YES,16
dbo,WizardOption,AddToTemplatePrice,smallint,,5.0,0.0,YES,17
dbo,WizardOption,OptionIsMandatory,smallint,,5.0,0.0,YES,18
dbo,WizardOption,SequenceNumber,int,,10.0,0.0,YES,19
dbo,WizardOptionImage,ImageID,int,,10.0,0.0,NO,1
dbo,WizardOptionImage,WizardOptionID,int,,10.0,0.0,YES,2
dbo,WizardOptionImage,WizardImage,image,2147483647.0,,,YES,3
dbo,WizardOptionImage,FileName,varchar,256.0,,,YES,4
dbo,WizardOptionImage,FileType,varchar,50.0,,,YES,5
dbo,WizardOptionImage,FileSize,int,,10.0,0.0,YES,6
dbo,WizardOptionImage,ImageTypeCode,varchar,5.0,,,YES,7
dbo,WizardOptionImage,Comments,varchar,2000.0,,,YES,8
dbo,WizardOptionImage,Rank,int,,10.0,0.0,YES,9
dbo,WizardOptionImage,Updatedatim,datetime,,,,YES,10
dbo,WizardOptionImage,UpdateOpr,varchar,50.0,,,YES,11
dbo,WizardOptionImage,Createdatim,datetime,,,,YES,12
dbo,WizardOptionImage,CreateOpr,varchar,50.0,,,YES,13
dbo,WizardOptionValue,ID,int,,10.0,0.0,NO,1
dbo,WizardOptionValue,WizardOptionID,int,,10.0,0.0,YES,2
dbo,WizardOptionValue,OptionValue,varchar,50.0,,,YES,3
dbo,WizardOptionValue,Updatedatim,datetime,,,,YES,4
dbo,WizardOptionValue,UpdateOpr,varchar,50.0,,,YES,5
dbo,WizardOptionValue,Createdatim,datetime,,,,YES,6
dbo,WizardOptionValue,CreateOpr,varchar,50.0,,,YES,7
dbo,WizardOptionValue,Repetitions,int,,10.0,0.0,YES,8
dbo,WizardOptionValue,UnitsPerCycle,int,,10.0,0.0,YES,9
dbo,WizardOptionValue,MaterialCode,varchar,50.0,,,YES,10
dbo,WizardOptionValue,Description,varchar,100.0,,,YES,11
dbo,WizardOptionValue,SequenceNumber,int,,10.0,0.0,YES,12
dbo,WizardProcess,ID,int,,10.0,0.0,NO,1
dbo,WizardProcess,WizardHeaderID,int,,10.0,0.0,YES,2
dbo,WizardProcess,WizardOptionType,varchar,50.0,,,YES,3
dbo,WizardProcess,SequenceNumber,int,,10.0,0.0,YES,4
dbo,WizardProcess,ComponentNumber,smallint,,5.0,0.0,YES,5
dbo,WizardProcess,OptionID,int,,10.0,0.0,YES,6
dbo,WizardProcess,OptionValueID,int,,10.0,0.0,YES,7
dbo,WizardProcess,RuleResultID,int,,10.0,0.0,YES,8
dbo,WizardProcess,ProcessCode,int,,10.0,0.0,YES,9
dbo,WizardProcess,Description,varchar,50.0,,,YES,10
dbo,WizardProcess,TemplateCode,varchar,50.0,,,YES,11
dbo,WizardProcess,CreateOpr,varchar,50.0,,,YES,12
dbo,WizardProcess,CreateDatim,datetime,,,,YES,13
dbo,WizardProcess,UpdateOpr,varchar,50.0,,,YES,14
dbo,WizardProcess,UpdateDatim,datetime,,,,YES,15
dbo,WizardTemplates,ID,int,,10.0,0.0,NO,1
dbo,WizardTemplates,WizardHeaderID,varchar,20.0,,,YES,2
dbo,WizardTemplates,TemplateCode,varchar,50.0,,,YES,3
dbo,WizardTemplates,CreateOpr,varchar,50.0,,,YES,4
dbo,WizardTemplates,CreateDatim,datetime,,,,YES,5
dbo,WizardTemplates,UpdateOpr,varchar,50.0,,,YES,6
dbo,WizardTemplates,UpdateDatim,datetime,,,,YES,7
dbo,XMLLog,ID,int,,10.0,0.0,NO,1
dbo,XMLLog,LogType,int,,10.0,0.0,YES,2
dbo,XMLLog,LogFile,xml,-1.0,,,YES,3
dbo,XMLLog,CreateOpr,varchar,50.0,,,YES,4
dbo,XMLLog,CreateDatim,datetime,,,,YES,5
dbo,XMLLog,UpdateOpr,varchar,50.0,,,YES,6
dbo,XMLLog,UpdateDatim,datetime,,,,YES,7
dbo,XmlMap,ID,int,,10.0,0.0,NO,1
dbo,XmlMap,MapName,varchar,50.0,,,YES,2
dbo,XmlMap,NameSpace,varchar,255.0,,,YES,3
dbo,XmlMap,ClassName,varchar,100.0,,,YES,4
dbo,XmlMap,XmlMap,xml,-1.0,,,YES,5
dbo,XmlMap,SchemaPath,varchar,255.0,,,YES,6
dbo,XmlMap,XmlSchema,xml,-1.0,,,YES,7
dbo,XmlMap,ImportMethod,xml,-1.0,,,YES,8
dbo,XmlMap,ExportMethod,xml,-1.0,,,YES,9
dbo,XmlMap,CreateOpr,varchar,50.0,,,YES,10
dbo,XmlMap,CreateDatim,datetime,,,,YES,11
dbo,XmlMap,UpdateOpr,varchar,50.0,,,YES,12
dbo,XmlMap,UpdateDatim,datetime,,,,YES,13
dbo,XmlMap,HotFolderPath,varchar,255.0,,,YES,14
dbo,XmlMap,UseAutomationMode,smallint,,5.0,0.0,YES,15
dbo,XmlMap,StatusTrigger,varchar,10.0,,,NO,16
dbo,XmlMap,JobType,varchar,10.0,,,NO,17
dbo,Xpedx,CategoryType,varchar,2.0,,,NO,1
dbo,Xpedx,Code,varchar,50.0,,,NO,2
dbo,Xpedx,ItemCode,varchar,50.0,,,NO,3
dbo,Xpedx,Description,varchar,50.0,,,YES,4
dbo,Xpedx,Color,varchar,20.0,,,YES,5
dbo,Xpedx,Bwt,smallint,,5.0,0.0,YES,6
dbo,Xpedx,Caliper,real,,24.0,,YES,7
dbo,Xpedx,Mwt,real,,24.0,,YES,8
dbo,Xpedx,Width,real,,24.0,,YES,9
dbo,Xpedx,Length,real,,24.0,,YES,10
dbo,Xpedx,Price1,money,,19.0,4.0,YES,11
dbo,Xpedx,Price2,money,,19.0,4.0,YES,12
dbo,Xpedx,Price3,money,,19.0,4.0,YES,13
dbo,Xpedx,Price4,money,,19.0,4.0,YES,14
dbo,Xpedx,Price5,money,,19.0,4.0,YES,15
dbo,Xpedx,Break1,float,,53.0,,YES,16
dbo,Xpedx,Break2,float,,53.0,,YES,17
dbo,Xpedx,Break3,float,,53.0,,YES,18
dbo,Xpedx,Break4,float,,53.0,,YES,19
dbo,Xpedx,Break5,float,,53.0,,YES,20
dbo,Xpedx,CostingMethod,smallint,,5.0,0.0,YES,21
dbo,Xpedx,CartonQty,int,,10.0,0.0,YES,22
dbo,Xpedx,CreateOpr,varchar,50.0,,,YES,23
dbo,Xpedx,CreateDatim,datetime,,,,YES,24
dbo,Xpedx,UpdateOpr,varchar,50.0,,,YES,25
dbo,Xpedx,Updatedatim,datetime,,,,YES,26
dbo,ZipCodeTaxTable,ID,int,,10.0,0.0,NO,1
dbo,ZipCodeTaxTable,ZipCode,varchar,5.0,,,YES,2
dbo,ZipCodeTaxTable,Plus4Low,varchar,4.0,,,YES,3
dbo,ZipCodeTaxTable,Plus4High,varchar,4.0,,,YES,4
dbo,ZipCodeTaxTable,RecordType,varchar,10.0,,,YES,5
dbo,ZipCodeTaxTable,State,varchar,50.0,,,YES,6
dbo,ZipCodeTaxTable,City,varchar,50.0,,,YES,7
dbo,ZipCodeTaxTable,StateSalesTax,real,,24.0,,YES,8
dbo,ZipCodeTaxTable,CountySalesTax,real,,24.0,,YES,9
dbo,ZipCodeTaxTable,CitySalesTax,real,,24.0,,YES,10
dbo,ZipCodeTaxTable,MTASalesTax,real,,24.0,,YES,11
dbo,ZipCodeTaxTable,SPDSalesTax,real,,24.0,,YES,12
dbo,ZipCodeTaxTable,OtherSalesTax1,real,,24.0,,YES,13
dbo,ZipCodeTaxTable,OtherSalesTax2,real,,24.0,,YES,14
dbo,ZipCodeTaxTable,OtherSalesTax3,real,,24.0,,YES,15
dbo,ZipCodeTaxTable,OtherSalesTax4,real,,24.0,,YES,16
dbo,ZipCodeTaxTable,CountyCode,varchar,50.0,,,YES,17
dbo,ZipCodeTaxTable,CityCode,varchar,50.0,,,YES,18
dbo,ZipCodeTaxTable,MTDName,varchar,50.0,,,YES,19
dbo,ZipCodeTaxTable,MTDCode,varchar,50.0,,,YES,20
dbo,ZipCodeTaxTable,SPDName,varchar,50.0,,,YES,21
dbo,ZipCodeTaxTable,SPDCode,varchar,50.0,,,YES,22
dbo,ZipCodeTaxTable,OtherName1,varchar,50.0,,,YES,23
dbo,ZipCodeTaxTable,OtherName2,varchar,50.0,,,YES,24
dbo,ZipCodeTaxTable,OtherName3,varchar,50.0,,,YES,25
dbo,ZipCodeTaxTable,OtherName4,varchar,50.0,,,YES,26
dbo,ZipCodeTaxTable,OtherCode1,varchar,50.0,,,YES,27
dbo,ZipCodeTaxTable,OtherCode2,varchar,50.0,,,YES,28
dbo,ZipCodeTaxTable,OtherCode3,varchar,50.0,,,YES,29
dbo,ZipCodeTaxTable,OtherCode4,varchar,50.0,,,YES,30
dbo,ZipCodeTaxTable,County,varchar,50.0,,,YES,31
dbo,ZipCodeTaxTable,CreateOpr,varchar,50.0,,,YES,32
dbo,ZipCodeTaxTable,CreateDatim,datetime,,,,YES,33
dbo,ZipCodeTaxTable,UpdateOpr,varchar,50.0,,,YES,34
dbo,ZipCodeTaxTable,Updatedatim,datetime,,,,YES,35
dbo,ZipCodeTaxTable,TaxFreight,smallint,,5.0,0.0,NO,36
dbo,ZipCodeTaxTable,TaxPostage,smallint,,5.0,0.0,NO,37
dbo,ZipCodeTaxTable,TaxHandling,smallint,,5.0,0.0,NO,38
